Financial Year,Area Code,Glass,Metal,Paper,Plastic,Compost,Electrical Goods,Construction Demolition,Textiles,Wood,Other
2016/17,95AA,140.3,180.7,108.2,29,2098.5,131.3,3159.1,46.5,773,62.4
2016/17,95AA,68.7,58.1,43.4,15.1,1357.3,260.9,586.7,6.2,347.2,16.4
2016/17,95AA,70.8,85.4,52.2,0,845.6,118.1,312.3,17.3,384.9,19.9
2016/17,95BB,49.72,72.67,31.21,0,223,91.61,0,5.45,168.76,17.98
2016/17,95BB,61.87,0.57,29.84,0,296,50.37,0,6.86,0,6.47
2016/17,95BB,23.64,42.98,12.22,0,198,68.91,0,3.24,92.82,12.1
2016/17,95BB,24.42,38.37,18.32,0,272,49.86,0,3.96,92.58,7.69
2016/17,95BB,60.78,50.45,33.1,0,309,119.17,0,5.74,191.2,18.34
2016/17,95BB,140.83,89.93,53.24,0,742,268.59,0,15.3,344.4,40.3
2016/17,95BB,70.66,93.27,36.67,0,433,124.86,0,11.08,190.42,24.66
2016/17,95CC,30.465,37.791,74.887,6.532,211.98,34.143,0,0,106.21,8.502
2016/17,95CC,85.674,135.874,341.565,49.326,713.965,185.554,1032.32,0,461.74,41.744
2016/17,95CC,15.78,29.276,96.588,4.576,162.225,46.168,0,0,70.006,9.919
2016/17,95CC,24.382,28.381,65.527,2.467,205.252,40.263,0,0,90.16,3.813
2016/17,95DD,0,43.435,81.28,0,315.48,133.881,248.265,0,194.73,6.044
2016/17,95DD,0,125.765,113.6,0,1045.13,211.774,699.415,0,384.9,10.97
2016/17,95EE,21.9,58.71,46.44,0,602.46,91.75,0,10.97,181.68,21.19
2016/17,95EE,4.83,29.36,15.85,0,301.22,70.74,366.34,1.23,90.84,16.09
2016/17,95FF,139.07,105.26,245.916,56.866,1034.655,182.164,513.93,22.961,149.55,22.351
2016/17,95FF,83.434,63.156,146.568,18.783,620.793,108.195,308.358,13.667,89.73,13.41
2016/17,95FF,55.626,42.104,97.712,12.522,413.862,72.129,205.572,9.111,59.82,8.941
2016/17,95GG,55.48,65.27,7.8,0.8,0,0,0,7.07,40,0.09
2016/17,95GG,240.29,183.21,218,25.35,884.74,407.5,7.13,43.98,1065.94,58.17
2016/17,95GG,313.86,183.89,182.47,22.15,742.4,351.21,8.28,49.64,935.46,56.58
2016/17,95GG,240.03,128.44,155.64,22.07,707.96,295.76,6.77,34.72,741.97,33.21
2016/17,95GG,257.41,248.31,299.36,22.77,905.9,394.1,13.55,58.94,989.22,66.46
2016/17,95GG,42.95,43.04,46.31,1.2,46.92,0,0,9.34,65,0
2016/17,95HH,11.088,132.16,58.308,0,458.24,250.606,1886.82,0,800.41,60.4
2016/17,95II,109.31,58.45,105.51,2.54,0,104.14,0,15.77,0,15.97
2016/17,95II,71.88,126.95,157.89,5.34,976.22,208.82,787.96,17.35,417.78,42.77
2016/17,95JJ,29.906,18.72,24.247,0.146,341.964,44.355,0,3.751,85.56,13.701
2016/17,95JJ,15.582,35.096,16.012,0,358.838,29.512,0,4.727,71.608,6.187
2016/17,95JJ,16.404,87.994,51.1,0,1111.995,196.305,0,12.353,338.18,36.225
2016/17,95JJ,9.192,18.448,18.391,0,695.386,72.435,0,8.406,115.16,11.439
2016/17,95JJ,13.839,17.636,22.481,0,651.544,27.844,0,4.276,68.172,5.6
2016/17,95JJ,19.695,44.386,32.649,0,876.144,60.399,0,7.449,155.32,11.731
2016/17,95KK,25.573,40.591,82.457,0,737.984,67.596,168.706,9.156,169.22,69.373
2016/17,95KK,55.471,89.153,113.548,70.32,1106.986,149.273,756.046,23.398,253.84,254.184
2016/17,95LL,80.18,174.14,122.42,121.69,1339.94,305.5,292.04,25.73,492.11,43.249
2016/17,95LL,131.86,258.89,135.85,121.09,1449.92,436.545,292.04,40.245,635.73,81.575
2016/17,95MM,4.905,33.672,34.7,0,141.24,79.116,383.2,3.18,138.93,25.864
2016/17,95MM,4.93,7.638,18.2,0,90.84,10.629,75.04,2.071,31.24,8.202
2016/17,95MM,6.715,10.97,39.75,0,118.63,29.136,85.04,3.541,49.44,21.868
2016/17,95MM,83.637,130.836,180.141,0,958.95,320.645,1101.34,14.139,520.08,162.116
2016/17,95MM,29.57,72.535,96.353,0,0,129.202,0,6.527,0,53.312
2016/17,95MM,45.314,54.282,73.837,0,265.4,192.919,364.77,8.877,199.91,60.676
2016/17,95MM,14.261,27.16,6.32,0,0,35.346,0,3.201,2.34,19.426
2016/17,95NN,97.954,82.123,54.068,0,522.34,173.06,0,13.634,250.53,25.43
2016/17,95NN,84.991,87.051,10.793,0,415.46,212.619,0,7.954,253.73,20
2016/17,95NN,45.571,64.21,30.487,0,398.36,113.735,0,3.006,166.7,15.534
2016/17,95OO,42.74,44.07,58.95,19.88,898.86,41.511,0,6.463,262.88,19.07
2016/17,95OO,58.58,111.99,106.32,37.15,898.86,163.851,44.82,17.089,319.88,29.66
2016/17,95OO,14.92,21.75,1.56,6.992,218.65,41.948,0,4.56,102.3,7.11
2016/17,95OO,12.5,9.3,18.42,4.03,218.65,24.792,0,1.374,58.84,4.49
2016/17,95OO,14.17,3.68,0,6.24,194.35,44.09,0,3.152,35.66,1.52
2016/17,95PP,0,139.14,1.46,77.06,974.323,136.667,13.94,11.846,360.998,148.372
2016/17,95PP,2.966,29.113,0,43.32,302.019,53.367,0,7.8,101.093,80.078
2016/17,95PP,0,6,0.094,12.06,117.992,25.83,0,2.94,39.262,27.543
2016/17,95PP,0,8,0,19.12,137.747,14.041,0,2.7,47.783,28.522
2016/17,95PP,0,7,0,14.89,102.81,23.822,0,3.388,32.755,31.182
2016/17,95PP,0,4,0,7.73,75.261,6.789,0,1.404,25.756,16.328
2016/17,95PP,2.801,29,0,43.32,306.519,65.811,0,7.8,106.055,83.538
2016/17,95PP,0,0.137,0,11.79,0,22.615,0,1.484,0,23.542
2016/17,95PP,1.124,13.114,0,21.95,164.697,30.815,0,3.85,49.914,38.517
2016/17,95PP,0,5,0,10.56,0,16.173,0,2.048,0,20.72
2016/17,95PP,0,8,0,19.46,135.752,24.988,0,3.5,39.262,32.32
2016/17,95QQ,66.24,176.79,156.62,3.48,988.9,285.02,1230.69,24.41,622.98,60.93
2016/17,95QQ,3.13,23.19,14.19,0,82.12,32.274,45.1,1.6,57.44,5.99
2016/17,95QQ,11.83,46.32,43.06,0.62,233.56,53.65,109.08,5.96,85.56,9.6
2016/17,95RR,9.78,0,0,0,0,23.664,0,6.269,0,7.758
2016/17,95RR,28.588,50.888,349.13,123.95,910.13,166.107,1050.33,9.999,278.61,39.896
2016/17,95SS,225.745,350.266,148.201,41.306,1031.13,747.806,1666.82,64.28,1191.11,98.252
2016/17,95SS,45.632,48.701,32.65,0.234,573.22,96.395,249.28,4.915,139.12,62.579
2016/17,95TT,17.522,27.113,57.82,0,419.82,66.717,194.42,3.976,106.96,13.028
2016/17,95TT,9.027,27.052,16.509,0.44,419.853,53.448,146.16,2.408,106.96,10.72
2016/17,95TT,10.654,26.93,14.78,0.18,419.82,36.251,144.86,3.202,106.96,17.158
2016/17,95TT,84.8,53.68,117.58,17.54,839.72,126.199,615.26,14.08,213.94,51.387
2016/17,95UU,5.016,49.92,0,0,573.41,84.192,8.96,3.27,124.84,24.33
2016/17,95VV,3.14,2.35,4.94,0,1.08,7.77,0,1.66,5.94,0
2016/17,95VV,11.21,23.61,15.76,8.944,79.61,29.03,0,3.2,15.66,0.61
2016/17,95VV,19.36,29.53,26.86,15.477,97.96,38.47,0,2.2,55.18,0.9
2016/17,95VV,69.28,67.62,125.6,26.06,530.88,111.12,0,13.12,178.02,37.74
2016/17,95VV,53.31,40.78,99.2,16.935,429.85,69.94,0,9.37,152.74,1.47
2016/17,95VV,32.76,69.58,72.73,21.092,373.28,111.31,0,9.51,166.49,26.16
2016/17,95VV,30.34,59.51,75.01,5.862,382.03,112.14,0.96,8.49,189.56,31.39
2016/17,95VV,28.36,40.76,48.82,1.66,392.27,73.6,5.28,3.85,133.24,18.32
2016/17,95WW,86.39,390.41,359.92,49.9,2299.28,638.82,877.92,51.24,1071.23,86.98
2016/17,95XX,180.674,52.656,67.236,1.325,800.16,128.924,0,23.307,194.8,19.242
2016/17,95XX,222.06,449.374,202.24,93.064,2374.15,594.873,3495.187,51.32,1821.4,84.382
2016/17,95YY,20.169,15.1,22.817,0,69.74,23.882,0,1.871,50.44,5.538
2016/17,95YY,105.045,177.58,397.38,98.56,1378.8,266.456,614.14,44.12,409.42,288.855
2016/17,95YY,18.062,7.569,24.646,0,54.08,25.119,0,3.529,42.22,5.652
2016/17,95YY,18.391,51.561,13.02,30.94,141.84,59.537,0,7.011,122.72,46.872
2016/17,95ZZ,3.98,22.57,4.28,0,80.19,36.39,5.84,1.24,65.98,4.6
2016/17,95ZZ,19.06,18.25,18.31,0,579.08,81.865,2.34,2.46,188.14,32.91
2016/17,95ZZ,28.26,15.33,4.08,0,86.95,20.54,4.8,4.34,51.23,10.92
2016/17,95ZZ,5.49,4.06,1.58,0,31.74,12.84,2.73,1.27,20.73,2.75
2016/17,95ZZ,12.78,15.05,5.67,0,98.81,24.82,5.01,1.38,104.38,6.01
2017/18,95AA,137.5,191.6,128.6,73.2,2194.8,149.2,2986.2,155.4,930.1,81.3
2017/18,95AA,74.2,62.8,51.1,34.9,1267.1,210.1,714.3,6.5,377.9,14
2017/18,95AA,64.3,106.7,46.2,0,1343.2,128.2,372.6,18.1,459.1,18
2017/18,95BB,38.48,67.24,32.49,0,240,95.73,0,3.92,202.21,9.46
2017/18,95BB,52.71,0.54,30.79,0,310,47.86,0,5.84,0,4.31
2017/18,95BB,21.17,55.14,17.91,0,215,67.46,0,2.7,152.71,7.15
2017/18,95BB,20.79,36.48,25.09,0,268,48.76,0,2.88,122.58,5.26
2017/18,95BB,63.14,84.57,36.04,0,323,114.65,0,2.56,192.39,12.5
2017/18,95BB,126.22,147.12,67.98,0,776,238.66,0,12.49,425.81,29.55
2017/18,95BB,62.06,71.69,41.37,0,452,110.42,0,6.03,200.75,17.58
2017/18,95CC,29.994,33.049,77.542,6.849,203.011,47.142,0,0,106.01,8.299
2017/18,95CC,85.432,159.988,325.182,114.11,760.95,207.411,890.52,0,425.41,48.374
2017/18,95CC,14.571,31.946,87.91,4.501,129.745,42.737,0,0,57.96,7.117
2017/18,95CC,25.524,31.476,67.036,7.565,173.664,39.336,0,0,83.24,6.488
2017/18,95DD,0,237.041,300.49,0,661.16,346.012,1026.607,0,749.74,17.386
2017/18,95EE,12.57,67.59,50.8,0,608.54,95.17,0,10.63,166.84,20.31
2017/18,95EE,5.53,33.81,13.38,0,304.27,64.18,258.68,1.46,83.42,15.61
2017/18,95FF,92.76,111.87,215.215,41.131,1031.25,188.28,480.36,23.104,177.24,24.983
2017/18,95FF,46.656,67.122,128.781,23.333,618.75,112.968,288.216,13.862,106.344,14.018
2017/18,95FF,31.104,44.748,85.854,15.458,412.5,75.311,192.144,9.242,70.896,9.345
2017/18,95GG,13.93,45.07,29.49,0.44,0,0,0,5.25,0,0
2017/18,95GG,273.45,367.79,321.86,114.18,1057.89,304.88,21.95,44.43,1034.73,51.24
2017/18,95GG,236.44,317.74,224.16,60.9,662.96,281.12,21.52,53.06,865.36,42.59
2017/18,95GG,225.42,445.87,294.23,93.72,1343.66,330.41,21.84,68.05,906.11,52.91
2017/18,95GG,271.38,425.34,301.11,87.3,776.82,272.13,16,70.99,810.6,43.81
2017/18,95GG,37.94,41.23,40.96,0.44,67.46,0,0,10.01,0,0
2017/18,95HH,44.834,156.324,185.65,39.59,452.22,212.809,907.38,4.156,598.81,61.336
2017/18,95II,93.81,51.09,94.63,1.74,0,92.23,0,6.38,0,10.2
2017/18,95II,79.63,142.26,176.41,6,1121.72,172.29,988.87,8.43,443.21,50.68
2017/18,95JJ,28.817,20.475,3.598,0,365.519,37.221,0,4.088,102.55,16.738
2017/18,95JJ,14.071,37.514,11.713,0,392.603,26.251,0,4.044,108.199,8.857
2017/18,95JJ,0,95.89,15.94,0,1122.304,186.711,75.55,10.006,276.285,33.689
2017/18,95JJ,0,20.845,0.608,0,799.772,55.655,0,5.282,149.378,11.928
2017/18,95JJ,7.718,22.616,2.481,0,585.756,31.583,0,3.447,64.55,5.948
2017/18,95JJ,0,47.786,0.608,0,988.696,41.434,0,5.137,147.929,11.534
2017/18,95KK,17.055,37.852,95.654,25.5,597.36,63.21,248.676,5.296,120.48,24.459
2017/18,95KK,37.316,87.965,145.512,59.5,1393.84,165.164,632.854,12.686,292.3,85.28
2017/18,95LL,72.319,202.86,128.89,82.32,1316.889,275.78,611.2,25.23,440.19,47.508
2017/18,95LL,111.57,276.656,147.91,82.32,1449.02,423.438,636.48,43.16,679.43,93.526
2017/18,95MM,4.224,34.91,48.16,67.18,170.52,60.935,514.82,3.009,148.2,89.658
2017/18,95MM,4.513,6.743,10.88,16.39,92.46,5.089,60.2,3.281,27.36,22.047
2017/18,95MM,6.473,12.546,41.52,44.54,138.84,21.983,140.89,5.143,65.76,47.413
2017/18,95MM,83.089,158.834,188.42,58.95,1038.98,312.449,1229.98,15.646,608,351.449
2017/18,95MM,25.849,82.787,100.56,0,143.62,125.899,0.46,6.296,0,59.306
2017/18,95MM,40.195,63.902,78.74,190.42,287.32,173.546,374.12,8.532,235.34,283.879
2017/18,95MM,10.474,24.289,0,0,230.02,26.331,0,3.324,0,19.398
2017/18,95NN,99.966,99.891,46.32,0,582.44,178.382,0,11.684,134.53,22.768
2017/18,95NN,95.183,95.516,13.26,0,419.96,200.08,0,9.08,126.74,21.704
2017/18,95NN,70.516,84.097,45.16,0,456.11,117.01,0,3.904,127.5,19.954
2017/18,95OO,10.72,55.15,67.98,28.52,875.7,58.27,0,7.832,255.93,12.62
2017/18,95OO,20.46,99.98,105.76,41.81,1087.418,201.857,60.2,11.31,346.74,23.308
2017/18,95OO,10.548,28.27,0.895,17.83,439.6,58.573,0,3.44,82.06,1.289
2017/18,95OO,5.605,13.288,9.175,6.98,227.89,26.336,0,1.58,48.67,2.542
2017/18,95OO,3.909,5.357,0,4.98,136.7,24.082,0,3.458,8.5,3.824
2017/18,95PP,89.84,105,3.02,89.79,1076.06,160.523,89.1,16.057,344.98,190.994
2017/18,95PP,4.948,33.3,0,38.006,380.538,51.159,0,5.991,111.162,75.855
2017/18,95PP,4.948,6,0,4.98,82.91,24.554,0,2.55,34.048,33.183
2017/18,95PP,4.948,7,0,5.65,85.717,16.539,0,2.16,34.053,25.905
2017/18,95PP,4.948,9,0,5.469,95.495,26.56,0,2.653,38.62,30.481
2017/18,95PP,4.948,2.9,0,2.34,41.482,9.122,0,0.905,16.229,12.912
2017/18,95PP,4.948,33,0,38.506,370.538,68.855,0,5.841,111.962,78.965
2017/18,95PP,16.672,0.24,0,3.01,28,20.391,0,0.71,13,17.325
2017/18,95PP,4.948,22,0,12.585,170.811,29.649,0,4.08,51.458,48.213
2017/18,95PP,0,3.58,0,3.075,19,17.252,0,1.174,11,14.634
2017/18,95PP,4.948,9,0,7.96,103.47,48.334,0,2.57,40.048,30.987
2017/18,95QQ,71.86,191.31,202.67,41.89,1053.06,248.41,1460.26,29.15,630.94,67.02
2017/18,95QQ,4.27,23.22,18.23,5.44,82.74,20.1,138.57,1.88,56.92,2.04
2017/18,95QQ,20.72,60.74,49.32,22.36,245.46,60.28,241.1,8.17,125.94,10.7
2017/18,95RR,8.986,2.473,0,2.09,260.85,35.082,171.56,4.92,42.37,12.299
2017/18,95RR,18.557,68.061,422.43,198.69,912.61,166.964,1377.94,7.741,347.6,24.992
2017/18,95SS,215.709,423.788,181.812,1.666,1299.14,624.786,2187.84,65.2,1376.15,93.81
2017/18,95SS,47.715,70.714,43.994,0.554,687.14,93.049,330.32,4.8,181.14,94.26
2017/18,95TT,14.887,28.692,49.34,0,446.48,70.2,203.52,3.927,115.7,12.719
2017/18,95TT,5.709,28.74,9.7,0,446.48,50.061,155.67,3.021,115.7,9.582
2017/18,95TT,5.521,28.45,10,0,446.48,43.315,167.61,2.526,115.7,17.797
2017/18,95TT,107.78,69.3,96.48,41.28,893.36,139.651,579.02,13.582,224.86,49.802
2017/18,95UU,1.605,29.36,0,0,581.85,82.041,10.46,2.623,155.4,24.359
2017/18,95VV,6.77,22.04,20.34,2.83,45.935,31.24,0,7.01,47.1,0
2017/18,95VV,9,20.68,14.12,7.68,93.055,25.31,0,2.26,17.5,0.49
2017/18,95VV,3.07,15.39,25.31,15.43,85.695,34.64,0,3.65,46.96,2.79
2017/18,95VV,31.657,60.603,90.4,23.51,554.355,112.47,0,11.59,185,27.61
2017/18,95VV,27.79,70.75,71.54,17.48,455.265,65.92,0,9.55,118.57,2.72
2017/18,95VV,19.93,68.51,78.31,15.68,304.525,114.17,0,6.73,140.28,40.61
2017/18,95VV,25.26,77.02,89.14,23.11,450.335,124.9,0,10.58,227.94,49.63
2017/18,95VV,10.81,59.36,24.49,0,304.235,63.64,9.1,2.87,110.79,14.27
2017/18,95WW,147.64,394.96,363.12,86.6,2917.1,583.81,1389.24,216.17,1062.53,117.7
2017/18,95XX,167.362,50.068,70.28,0.233,644.77,105.312,0,21.699,153.56,7.545
2017/18,95XX,219.232,461.634,208.66,118.228,2763.82,535.324,4371.86,245.83,2344.2,142.668
2017/18,95YY,16.78,14.687,36.77,16.02,107.62,41.26,0,8.315,27.14,27.61
2017/18,95YY,26.148,183,305.82,140.5,1587.8,270.221,693.42,38.12,483.8,137.458
2017/18,95YY,10.67,7.98,24.715,0,45.08,24.669,0,2.634,38.56,4.924
2017/18,95YY,9.873,28.527,45.125,32.24,175.18,68.719,0,8.321,34.24,35.554
2017/18,95ZZ,0,23.71,25.37,0,160.03,34.91,11.33,0.72,61.8,2.33
2017/18,95ZZ,4.93,17.33,58.78,0,583.68,59.59,17.95,1.56,187.92,35.79
2017/18,95ZZ,9.54,19.34,10.21,0,83.72,18.12,9.16,2.83,40.9,9.4
2017/18,95ZZ,0.61,10.95,4.83,0,34.41,11.34,6.41,0.53,21.64,5.6
2017/18,95ZZ,4.83,20.59,9.61,0,116.29,27.31,14.23,0.63,104,8.51
2018/19,95AA,131.1,227.1,132.9,97.5,2193.7,227.5,2175.9,185.4,1162.9,66.3
2018/19,95AA,70.7,69.5,58.2,42.9,1714.8,160.5,948.4,4.5,435.3,16.8
2018/19,95AA,67.2,103.9,52,0,1531.7,125.2,396.7,15.8,633.8,16.9
2018/19,95BB,50.04,75.13,26.77,0,299,96.96,0,4.37,228.4,11.36
2018/19,95BB,50.96,0.35,29.99,0,357,47.2,0,4.79,0,5.75
2018/19,95BB,22.36,59.26,18.25,0,269,67.76,0,2.71,182.25,11.5
2018/19,95BB,23.22,32.58,20.27,0,268,51.62,0,2.27,151.02,8.5
2018/19,95BB,70.44,83.48,33.34,0,376,117.17,0,4.59,253.26,20.72
2018/19,95BB,133.09,167.01,74.31,0,897,242.04,0,11.54,548.12,45.91
2018/19,95BB,67.9,76.38,48.46,0,521,120.65,0,7.26,332.42,23.83
2018/19,95CC,31.904,37.457,89.3,11.165,185.789,50.991,0,0,97,9.897
2018/19,95CC,80.011,163.678,332.94,119.08,906.7,219.071,1045.09,0,472.41,51.543
2018/19,95CC,15.942,36.769,86.28,11.954,125.388,34.453,0,0,47.97,8.575
2018/19,95CC,24.931,35.6,73.78,22.131,246.793,35.042,0,0,92.12,8.115
2018/19,95DD,0,303.14,327.13,133.21,854.64,380.817,1268.72,0,814.02,25.454
2018/19,95EE,12.26,76.8,46.7,0,783.84,98.53,0,11.31,207.38,25.48
2018/19,95EE,5.37,38.29,21.92,0,391.92,71.16,271.18,1.52,103.7,15.07
2018/19,95FF,84.198,126,195.535,49.69,1016.74,162.862,434.8,3.268,252.63,21.359
2018/19,95FF,50.513,75.596,117.312,29.804,610.038,97.688,260.87,1.96,151.576,12.812
2018/19,95FF,33.685,50.414,78.242,19.886,406.702,65.193,173.93,1.308,101.054,8.546
2018/19,95GG,12.49,50.7,10.79,0,0,0,0,5.9,0,0
2018/19,95GG,306.07,394.03,347.3,125.87,1029.2,353.17,30.96,60.28,1157.95,61.39
2018/19,95GG,327.52,362.84,240.53,100.97,784.4,315.61,36.28,55.31,843.5,50.1
2018/19,95GG,366.17,378.11,306.47,101.64,1597.7,323.56,42.91,59.58,867.19,51.47
2018/19,95GG,290.14,336.5,274.15,78.09,570.48,266.21,28.14,61.65,690.47,43.17
2018/19,95GG,30.98,32.3,53.2,0,56.14,0,0,8.87,0,0
2018/19,95HH,46.466,139.798,182.634,44.98,470.63,232.711,1347.95,13.139,650.33,54.57
2018/19,95II,89.64,50.48,90.13,1.48,0,100.16,0,7.3,0,13.37
2018/19,95II,75.92,133.62,167.77,2.52,1333.25,171.16,1145.84,7.29,531.41,55.43
2018/19,95JJ,27.118,23.19,2.76,0,451.12,51.94,0,4.94,120.95,15.86
2018/19,95JJ,11.812,45.69,12.508,0,421.13,36.33,0,3.95,148.84,10.52
2018/19,95JJ,0,128.09,4.38,0,1353.63,201,845.44,10,289.6,34.19
2018/19,95JJ,0,22.84,0,0,957.61,67.85,0,6.63,158.18,12.93
2018/19,95JJ,7.315,23.77,1.85,0,676.76,34.18,0,2.98,55.81,5.76
2018/19,95JJ,0,57.1,0,0,1153.14,52.91,0,5.59,148.84,12.33
2018/19,95KK,13.221,28.357,90.163,28.55,857.771,63.272,152.538,2.46,168.44,7.872
2018/19,95KK,25.745,66.34,120.507,66.63,1631.459,188.174,395.634,5.25,309.7,28.931
2018/19,95LL,68.079,187.2,132.38,97.23,1255.88,260.768,741.24,22.94,532.64,51.657
2018/19,95LL,136.029,349.33,134.75,97.23,1650.74,436.368,743.1,45.82,699.24,117.499
2018/19,95MM,3.882,45.22,49,85.56,192.68,73.947,432.46,3.451,126.06,114.705
2018/19,95MM,3.211,11.285,4.01,20.62,85.34,8.849,59.99,3.08,31.45,29.37
2018/19,95MM,7.328,24.174,48.98,43.3,147.76,30.378,117.7,5.78,56.82,68.275
2018/19,95MM,90.378,209.265,221.4,148.1,1272.53,356.041,1165.34,14.901,726.95,656.953
2018/19,95MM,24.573,100.7,86.84,2.33,267.47,130.59,1.25,5.981,2.11,61.354
2018/19,95MM,40.746,84.226,89.94,126.01,390.45,206.517,342.91,7.947,281.82,201.325
2018/19,95MM,12.962,35.14,5.64,0,339.93,36.554,0,3.97,0,20.078
2018/19,95NN,100.753,107.88,43.28,0,524.76,175.275,0,10.267,295.54,22.482
2018/19,95NN,89.71,101.93,14.06,0,390.87,186.757,0,7.65,270.76,25.758
2018/19,95NN,97.137,97.805,44.18,0,501.58,129.523,0,4.804,214.749,24.477
2018/19,95OO,7.232,57.83,58.65,21.78,1191.538,41.886,0,9.17,367.703,5.404
2018/19,95OO,11.85,138.92,113.73,86.22,1307.124,221.281,41.65,18.042,435.534,14.832
2018/19,95OO,8.694,31.86,0,21.03,413.545,61.08,0,4.265,120.196,1.881
2018/19,95OO,12.137,13.16,10.44,5.394,297.958,19.915,0,2.01,76.217,1.862
2018/19,95OO,2.368,6.68,0,0,228.884,29.622,0,4.835,0,1.368
2018/19,95PP,102.94,137,2.04,107.205,1142.99,160.755,381.68,7.258,363.36,174.22
2018/19,95PP,24.648,37.66,0,44.33,384.85,30.27,0,4.232,143.69,93.095
2018/19,95PP,24.668,6.5,0,4.45,88.46,26.29,0,2.462,40.85,53.351
2018/19,95PP,8.008,5.24,0,5.07,82.16,17.131,0,1.36,35.78,31.751
2018/19,95PP,24.648,9.5,0,3.54,105.14,25.783,0,1.901,54.68,44.64
2018/19,95PP,24.648,1.9,0,2.24,47.66,3.849,0,0.615,18.88,13.721
2018/19,95PP,24.648,39,0,38.24,433.41,61.656,0,4.397,145.73,99.217
2018/19,95PP,8.008,2,0,1.67,42.24,50.469,0,0.8,31.78,21.627
2018/19,95PP,24.648,17,0,20.62,151.01,22.119,0,2.62,59.82,55.663
2018/19,95PP,8.008,2,0,0.76,0,17.74,0,0.664,18.56,16.503
2018/19,95PP,24.648,10,0,4.47,126.28,19.235,0,2.35,53.07,48.463
2018/19,95QQ,67.39,204.33,200.15,70.44,1106.62,285.26,1585.56,34.9,662.84,80.31
2018/19,95QQ,3.44,25.17,18.8,16.72,88.04,21.75,73.22,1.67,71.26,3.6
2018/19,95QQ,26.21,66.71,50.86,31.52,248.3,70.44,236.26,9,117.54,9.35
2018/19,95RR,4.402,0.12,0,0,203.17,55.078,0,7.878,0,13.78
2018/19,95RR,8.329,84.14,450.5,272.28,812.66,175.786,1627.85,6.743,498.37,51.443
2018/19,95SS,181.457,406.306,192.516,1.474,1653.16,528.375,2265.69,69.02,1430.48,98.313
2018/19,95SS,47.28,87.08,48.914,0.43,691.74,157.575,345.17,5.34,285.72,52.75
2018/19,95TT,14.528,33.01,59.12,0,456.73,63.376,195.06,6.806,113.82,15.994
2018/19,95TT,5.385,33.255,2.06,0,456.73,56.351,143.94,7.03,113.82,11.086
2018/19,95TT,6.385,32.95,2.64,0,456.73,37.045,139.94,3.571,113.82,18.52
2018/19,95TT,127.63,82.86,79.7,47.52,908.99,122.994,553.56,16.2,227.8,59.662
2018/19,95TT,0.446,1.72,0,0,17.4,0,12.54,0,9.48,7.024
2018/19,95UU,5.152,30.12,0,0,616.37,81.893,0,1.815,170.03,20.771
2018/19,95VV,5.7,13.35,22.05,2.62,46.45,31.37,0,6.15,35.36,0.98
2018/19,95VV,6.29,31.56,19.52,4.86,115.49,30.04,0,4.74,36.8,0.02
2018/19,95VV,8.76,21.34,27.09,11.12,80.52,31.76,0,2.5,61.04,0.93
2018/19,95VV,24.62,57.35,116.19,16.73,631.47,85.7,0,14.92,198.06,40.13
2018/19,95VV,20.45,46.72,96.43,11.48,381.19,56.33,0,9.47,152.54,2.28
2018/19,95VV,13.25,44.88,65.04,17.64,392.88,100.57,0,5.25,176.52,25.52
2018/19,95VV,25.84,84.66,120.83,28.1,437.35,122.56,0,10.12,273.34,46.68
2018/19,95VV,6.97,75.02,45.81,0,375.45,64.46,17.2,3.91,144.34,19.05
2018/19,95WW,124.34,470.49,334.19,178.64,2925.9,571.26,2324.88,304.33,1133.38,140.43
2018/19,95XX,150.656,120.73,88.84,0,905.04,101.337,0,20.655,165.6,14.426
2018/19,95XX,208.866,505.888,169.15,118.8,2774.55,691.319,5400.65,250.485,2572.15,154.34
2018/19,95YY,19.84,37,31.09,17.24,135.2,37.734,0,3.584,89.34,7.85
2018/19,95YY,26.09,212.84,303.22,114.5,1641.8,269.134,736.38,17.75,680.76,48.146
2018/19,95YY,5.008,8.62,26.74,0,47.8,27.293,0,2.737,33.56,4.6
2018/19,95YY,6.373,45.82,23.61,36.1,188.66,60.529,23.4,4.64,116.42,13.126
2018/19,95ZZ,0,20.19,16.64,0,199.17,34.02,3.84,0.88,74.18,1.76
2018/19,95ZZ,2.1,15.08,73.12,0,545.18,37.33,6.41,1.56,190.48,26.61
2018/19,95ZZ,6.49,19.81,11.85,0,107.33,19.17,4.51,2.36,52.58,7.04
2018/19,95ZZ,0.61,13.19,6.93,0,38.93,11.13,4.98,0.37,20.58,2.23
2018/19,95ZZ,3.17,25.15,10.01,0,139.87,22.58,5.86,0.72,119,7.28
2018/19,95ZZ,0.19,10.86,13.31,0,31.42,26.49,2.07,0.31,54.38,5.96
2019/20,9601,135.5,294.2,150.8,97.8,1892.9,279.7,2973.8,146.9,1281.2,161.2
2019/20,9601,70.8,93.9,43.5,46.9,1999.6,172.5,797.7,7.1,548.1,29.1
2019/20,9601,61.9,136.7,65.3,0,1239.2,149.1,381.5,19,577.7,35.5
2019/20,9601,169.47,476.62,356.82,287.17,2810.98,576.79,901.94,724.59,1266.52,367.88
2019/20,9601,20.1,93.24,54.24,52.02,206.72,143.71,195.34,83.26,256.1,42.74
2019/20,9611,48.81,74.69,24.18,0,332,107.65,0,3.67,247.36,14.29
2019/20,9611,50.09,0.21,27.88,0,402,51.38,0,3.65,0,7.68
2019/20,9611,26.22,65.18,16.32,0,302,85.01,0,2.31,202.48,14.66
2019/20,9611,24.27,36.47,14.59,0,300,58.09,0,1.69,148.18,9.12
2019/20,9611,81.43,93.07,32.62,0,420,143.97,0,3.78,306.3,22.61
2019/20,9611,130.23,159.4,54.3,0,1006,288.86,0,9.78,669.48,51.8
2019/20,9611,143.49,123.55,85.6,0,634,82.42,0,19.04,179.56,16.15
2019/20,9611,217.68,580.43,308.7,101.13,2676,740.77,5862.58,285.96,2764.38,172.61
2019/20,9611,74.03,95.79,38.58,0,585,160.93,0,6.32,409.14,32.51
2019/20,9602,39.11,37.916,90.2,30.604,184.179,58.121,0,3,119.86,12.204
2019/20,9602,93.68,155.828,339.94,122.28,715.64,253.747,876.74,7.38,472.9,64.851
2019/20,9602,18.72,37.826,83.07,17.612,158.508,41.838,0,1.84,54.42,7.639
2019/20,9602,29.34,36.7,74.32,28.584,306.813,38.038,0,1.64,108.72,7.275
2019/20,9602,77.901,147.4,200.239,112.895,979.85,245.745,494.38,27.125,299.38,21.498
2019/20,9602,46.74,88.44,120.144,67.737,587.91,126.755,296.628,16.138,179.628,11.57
2019/20,9602,31.159,58.96,80.096,45.158,391.94,76.643,197.752,7.239,119.752,7.835
2019/20,9602,81.1,241.01,164.41,108.73,1061.735,318.374,773.64,25.88,540.31,61.521
2019/20,9602,128.27,426.77,177.02,108.73,1221.875,535.93,773.64,49.6,944.49,133.602
2019/20,9603,11.17,69.92,5.97,1.47,0,0,0,8.72,0,0
2019/20,9603,82.95,58.07,93.34,2.37,79.53,90.94,0,15.64,0,3.54
2019/20,9603,178.47,351.16,347.24,160.25,903.24,413.488,32.9,72.49,1444.9,76.72
2019/20,9603,173.39,287.38,209.25,122.23,591.18,374.434,28.2,67.69,1075.27,74.31
2019/20,9603,231.72,364.1,269.72,124.57,1329.4,363.402,32.2,67.35,1140.32,73.83
2019/20,9603,143.58,361.25,309.55,116.89,673.12,320.098,17.02,79.11,1061.07,78.93
2019/20,9603,27.93,44.38,52.99,1.47,59.52,0,0,11.97,0,0
2019/20,9604,7.91,20.41,0,0,197.05,43.22,368.22,4.43,127.87,15.33
2019/20,9604,8.92,89.7,50.12,0,598.19,118.63,0,12.49,219.67,29.07
2019/20,9604,4.14,44.83,22.62,0,300.19,81.38,418.9,2.49,109.83,18
2019/20,9604,29.17,29.31,0,0,440.62,75.82,69.88,4.42,123.18,17.28
2019/20,9604,11.38,58.38,6.48,0,456.9,44.9,64.22,4.34,98.64,11.74
2019/20,9604,0,161.98,4.04,0,1404.08,222.09,740.26,8.6,439.48,42.85
2019/20,9604,0,29.19,0,0,887.25,78.67,64.22,6.72,128.46,15.25
2019/20,9604,9.27,29.19,0,0,640.48,43.54,96.3,4.79,111.7,11.65
2019/20,9604,0,72.96,0,0,1123.85,65.41,160.5,4.97,175.14,16.29
2019/20,9604,38.34,82.2,444,308.36,788.21,190.46,1473.08,7.57,511.47,57.77
2019/20,9604,3.16,46.54,0,0,519.4,105.27,6.56,2.22,76.82,33.82
2019/20,9605,2.97,22.37,36.14,22.02,248.78,108.622,300.84,4.048,195.72,79.864
2019/20,9605,3.82,4.63,7.25,8.17,70.19,19.967,58.07,3.33,33.27,21.628
2019/20,9605,0,42.52,0.88,0,204.48,39.62,2.995,0.91,82.24,2.03
2019/20,9605,6.31,10.78,35.85,15.22,141.61,37.584,106.02,5.46,79.59,44.679
2019/20,9605,3,102.65,50.71,0,548.28,126.82,7.33,3.29,373.11,45.263
2019/20,9605,58.29,94.82,197.68,91.52,1080.12,350.98,896.72,14.198,692.41,437.906
2019/20,9605,19.69,14.85,70.83,0.32,475.51,147.21,56.27,5.464,35.34,80.61
2019/20,9605,39.18,34.19,76.08,82.31,435.46,231.899,528.26,9.235,324.57,169.651
2019/20,9605,7.3,9,6.6,0,240.28,46.262,43.52,7.147,26.38,34.217
2019/20,9605,3.72,31.9,2.85,0,118.75,24.96,3.46,3.29,61.19,8.52
2019/20,9605,0,13.54,4.54,0,44.17,13.66,1.805,1.29,28.6,2.93
2019/20,9605,3.32,31.43,2.95,0,194.58,39.56,2.32,1.38,114,6.69
2019/20,9606,20.4,187.04,21.555,107.001,702.82,153.621,301.01,34.305,477.92,199.038
2019/20,9606,39.882,46,21.315,36.86,358,60.99,0,8.81,129,92.363
2019/20,9606,17.72,77.02,26.46,27.68,128.74,42.685,0,4.252,82.08,1.9
2019/20,9606,30.401,29,21.315,24.36,180,38.597,0,4.476,97,60.786
2019/20,9606,31.283,26,21.315,19.78,145,26.619,0,3.031,84,39.508
2019/20,9606,27.679,27,21.315,20.36,156.54,29.755,0,4.063,78,45.651
2019/20,9606,27.157,17,21.315,14.36,138,10.943,0,2.865,78,36.475
2019/20,9606,30.276,45,21.815,36.86,359,65.156,0,6.555,121,93.596
2019/20,9606,35.22,14,21.315,16.36,57.8,28.666,0,5.68,23.58,32.476
2019/20,9606,30.397,25,21.315,19.86,166,34.1,0,6.95,99,71.189
2019/20,9606,34.77,21,21.315,18.36,0,20.809,0,2.99,21,37.508
2019/20,9606,31.04,15,21.315,19.36,161,24.369,0,3.315,80,41.596
2019/20,9606,28.039,239.3,285.06,102.02,1694.9,301.644,1048.76,22.515,547.58,14.888
2019/20,9606,3.74,15.22,6.28,0,49.24,32.241,0,3.175,20.4,1.678
2019/20,9606,7.494,67.8,30.02,40.44,188.54,72.469,25.78,6.54,118.26,2.5
2019/20,9607,201.982,500.222,214.044,1.056,1565.68,651.478,1576.3,75.99,1722.07,96.38
2019/20,9607,47.203,114.175,55.699,0.124,626.5,161.646,930.9,5.42,286.02,59.544
2019/20,9607,40.68,113.06,101.42,1.34,1010.24,113.35,802.38,4.36,347.98,37.66
2019/20,9608,69.74,246.25,191.36,107.98,1154.46,319.79,1725.94,50.74,682.52,34.02
2019/20,9608,3.57,35.6,21.93,17.16,81.6,35.16,105.63,2.57,67.38,5.14
2019/20,9608,50.753,168.175,185.65,44.48,419.62,295.724,1339.58,14.317,681.73,73.235
2019/20,9608,26.59,74.01,56.85,41.42,280.12,84.55,245.96,12.75,163.56,12.56
2019/20,9608,0,339.17,422.09,135.48,771.88,506.373,1263.24,0,908.01,32.035
2019/20,9609,13.214,49.82,145.1,24.57,1220.89,119.351,148.9,2.77,243.04,1.52
2019/20,9609,19.618,117.59,169.28,96.2,2700.49,195.424,415.62,5.24,433,34.766
2019/20,9609,9.419,43.87,37.54,0,470.24,70.631,113.67,9.676,147.37,16.566
2019/20,9609,4.271,43.87,0,0,470.24,59.12,112.62,10.141,147.37,13.96
2019/20,9609,5.071,43.87,0,0,470.24,42.167,112.62,5.858,147.37,16.076
2019/20,9609,78.76,101.1,85.46,62.22,936.49,181.929,634.62,22.65,290.11,59.136
2019/20,9609,0,13.14,0,0,35.26,0,26.16,0.32,22.54,6.542
2019/20,9609,6.519,210.02,93.46,117.92,701.51,224.894,0,16.89,446.57,10.237
2019/20,9609,4.586,70.3,21.52,28.26,292.65,62.044,0,4.32,162.18,8.446
2019/20,9609,6.793,57.22,0,35.98,225.068,83.045,0,5.29,154.58,1.94
2019/20,9609,18.163,22.06,0,8.28,141.522,29.332,0,1.611,49.64,0.18
2019/20,9609,0,17.62,0,0,133.622,21.258,0,3.485,0,1.34
2019/20,9610,102.84,132.58,46.74,0,550.62,198.704,0,6.581,510.42,17.72
2019/20,9610,84.851,133.37,0,0,412.18,214.835,0,6.34,529.76,28.623
2019/20,9610,114.674,120.55,31.2,0,511.1,153.721,0,5.194,445.28,22.037
2019/20,9610,3.04,25.22,27.72,12.77,52.03,41.46,15.84,7.03,48.34,2.05
2019/20,9610,4.22,44.63,26.42,11.12,133.91,36.9,3.82,8.02,87.58,1.41
2019/20,9610,8.44,28.04,37.32,10.98,124.85,40.88,27.1,3.35,62.34,1.96
2019/20,9610,24.69,90.04,129.17,33.15,717.49,117.01,143.13,23.24,254.24,47.77
2019/20,9610,23.85,87.39,105.74,31.38,653.11,89.96,174.87,11.64,203.22,8.91
2019/20,9610,16.47,74.44,76.1,28.12,414.25,120.34,112.35,7.52,211.22,33.7
2019/20,9610,19.78,120.1,145.6,46.16,424.07,169.07,151.57,15.22,361.06,57.15
2019/20,9611,0.32,0,0,0,1.88,1.57,0,0,0,2.92
2020/21,9601,146.949,325.96,162.68,118.83,2338.22,305.71,3572.37,237.64,1412.56,84.06
2020/21,9601,66.4,121.24,51.38,44.92,2223,181.58,1087.26,7.32,573.6,17.96
2020/21,9601,55.92,152.4,69.66,4.56,1348.94,162.26,624,19.96,710.34,34.62
2020/21,9601,59.31,382.72,302.72,179.98,3265.65,844.91,2185.06,235.36,1126.75,186.7
2020/21,9601,66.2,331.82,320.34,175.58,351.75,456.64,1565.58,249.23,1119.6,144.1
2020/21,9611,49.42,73.36,26.12,0,425,98.72,0,3.03,237.88,18.54
2020/21,9611,47.5,0,29.24,0,234,44.2,0,3.52,0,14.71
2020/21,9611,26.45,70.25,21.31,0,314,92.38,0,2.12,217.1,17.22
2020/21,9611,25.76,36.07,17.93,0,74,54,0,1.87,141.74,7.79
2020/21,9611,86.67,87.99,34.03,0,465,116.84,0,3.69,277.7,22.05
2020/21,9611,127.32,174.77,94.01,0,1049,260.22,0,8.01,587.42,59.3
2020/21,9611,144.93,111.36,79.6,0,589,79.92,0,19.04,204.3,14.11
2020/21,9611,214.46,597.04,193.9,99.53,2984,708.78,3991.38,342.45,2421.78,208.24
2020/21,9611,76.14,107.94,49.51,0,740,142.53,0,5.51,390.32,36.04
2020/21,9602,34.07,45.67,70.21,31.52,218.65,75.12,0,9.4,104.46,11.11
2020/21,9602,87.61,211.82,322.27,114.28,808.12,279.68,746,38,510.34,59.46
2020/21,9602,20.08,45.07,78.38,36.96,165.95,45.7,0,7.22,55.96,5.66
2020/21,9602,32.9,43.75,54.11,32.46,262.25,52.9,0,7.96,115.28,11.79
2020/21,9602,89.81,47.03,314,143.59,2253.33,249.2,1008.68,21.42,96.31,26.94
2020/21,9602,12.37,28.21,9.38,0,5.38,106.87,0,12.84,22.16,4.42
2020/21,9602,8.24,18.82,6.62,0,0,65.68,0,2.69,24.94,3.2
2020/21,9602,82.02,223.03,123.87,63.54,1220.21,370.6,916.58,19.83,582.94,59.98
2020/21,9602,162.87,392.34,217.69,122.58,1637.77,546.22,742.24,38.02,1167.66,124.53
2020/21,9603,8.96,76.46,7.98,0.3,0,0,0,6.37,0,0
2020/21,9603,80.67,50.76,83.64,0.62,69.22,77.93,0,12.03,0,0
2020/21,9603,175.9,380.85,331.11,169.08,824.78,512.25,39.6,63.83,1619.36,127.88
2020/21,9603,187.99,333.65,208.85,129.62,611.54,412.11,35,60.39,1218.18,121.81
2020/21,9603,223.2,599.53,270.79,112.8,1437.62,389.83,37.36,62.32,1432.85,105.95
2020/21,9603,187.87,388.43,346.73,126.78,845.62,389.01,31.08,70.85,1299.72,123.82
2020/21,9603,24.98,71.64,43.68,0.62,67.36,0,0,9.56,0,0
2020/21,9604,7.16,44.27,50.45,0,218.13,65.41,383.3,7.72,132.66,24.5
2020/21,9604,7.68,126.05,43.08,0,847.3,119.76,0,13.53,256.99,28.57
2020/21,9604,3.84,62.67,24.8,0,423.64,97.27,450.82,2.5,128.51,21.66
2020/21,9604,24.32,36.02,0.8,0,385.17,79.06,0,5.04,160.02,25.81
2020/21,9604,9.62,35.57,0.3,0,385.17,51.71,0,3.02,128.28,15.53
2020/21,9604,4.31,177.91,0.16,0,1925.86,229.37,1234.69,8.23,705.44,54.85
2020/21,9604,1.82,71.15,0.46,0,770.35,77.5,0,5.53,167,15.49
2020/21,9604,6.98,35.69,0.56,0,385.17,51.23,0,3.4,120.8,11.06
2020/21,9604,3.03,88.95,0.3,0,962.93,68.77,0,5.24,175.14,16.79
2020/21,9604,130.12,155.84,443.62,276.58,872.57,199.52,1590.19,9.54,530.63,60.53
2020/21,9604,5.27,74.33,0,0,565.82,114.74,0,1.56,0,36.62
2020/21,9605,3.769,23.43,33.7,37.12,206.62,106.923,467.84,4.557,200.07,55.425
2020/21,9605,4.748,24.041,11.04,13.58,68.64,22.13,70.12,4.756,38.58,16.9
2020/21,9605,0,45.34,0.4,0,176.48,48.388,2.68,1.34,84.94,3.51
2020/21,9605,9.725,36.513,42.48,26.43,147.39,35.661,97.95,6.146,69.52,36.405
2020/21,9605,2.772,145.37,58.42,0,461.32,165.342,13.84,5.564,402.39,45.533
2020/21,9605,77.548,119.221,240.33,195.96,896.23,309.868,1048.8,20.568,874.34,336.536
2020/21,9605,25.32,74.079,125.2,2,898.32,125.297,2.5,7.602,25.66,64.98
2020/21,9605,45.506,84.536,167.11,158.17,862.13,212.534,844.86,13.851,476.9,141.863
2020/21,9605,11.477,25.14,6.22,0,307.02,43.86,1.92,8.145,0,23.249
2020/21,9605,4.572,24.05,4.59,0,81,32.492,2.86,5.964,62.25,8.768
2020/21,9605,0,21.02,3.67,0,42.84,17.297,2.95,1.52,34.28,5.322
2020/21,9605,1.997,36.24,4.38,0,170.44,35.487,2.2,2.48,164,8.372
2020/21,9606,185.78,167.14,34.426,84.62,773.39,199.872,470.88,32.747,483.18,218.752
2020/21,9606,36.773,78.12,32.414,33,390,72.819,0,8.065,108,88.804
2020/21,9606,8.32,51.53,35.937,19.92,151.42,43.321,5.78,3.243,66.4,3.22
2020/21,9606,27.445,48,32.294,20,178,47.852,0,6.289,74.62,58.44
2020/21,9606,19.704,35,32.294,16,152,29.094,0,3.473,71,45.488
2020/21,9606,15.83,44,32.294,15,97.5,32.365,0,3.965,65,49.625
2020/21,9606,18.188,21,32.294,13,112,14.662,0,3.261,64,39.712
2020/21,9606,27.956,79,32.294,34,389.63,68.155,0,6.995,109,84.594
2020/21,9606,28.347,0.09,32.294,16,55,33.851,0,5.33,35,42.082
2020/21,9606,26.642,25,32.294,19,145,34.769,0,5.575,65,62.663
2020/21,9606,21.101,32,32.294,13,0,17.583,0,3.35,31,45.932
2020/21,9606,11.717,18,32.294,18,142,29.971,0,3.776,91,50.099
2020/21,9606,25.6,278.77,325.78,138.39,1767.08,312.224,837.58,24.428,563.72,158.232
2020/21,9606,6.946,33.28,13.136,0,42.6,34.587,0,3.24,26.58,3.71
2020/21,9606,7.554,51.66,36.927,50.36,168.2,75.36,13.92,6.97,83.8,3.72
2020/21,9607,166.06,484.16,210.38,0,1992.26,694.31,2123.64,29.34,1915.31,99.69
2020/21,9607,50.03,144.03,56.66,0,680.26,164.36,359.97,2.96,316.64,52.75
2020/21,9607,67.58,208.79,155.34,2.26,1594.44,242.61,1408.74,8.8,676.63,44.66
2020/21,9608,76.81,274.31,198.34,103.42,1144.47,313.797,1416.15,53.98,735.7,53.34
2020/21,9608,3.11,37.91,24.74,17.18,73.83,36.09,48.8,3.44,73.48,4.39
2020/21,9608,47.402,216.192,207.427,64,383.17,259.896,1233.78,17.184,742.11,89.086
2020/21,9608,30.63,98.89,84.84,48.46,366.72,111.04,275.14,18.16,211.06,19.11
2020/21,9608,0,382.99,546.62,144.56,752.49,521.81,923.12,0,954.04,31.305
2020/21,9609,11.85,40.18,162.8,5.93,1523.926,94.095,243.94,4.24,300.02,4.357
2020/21,9609,18.033,200.84,207.425,70.67,3272.354,258.135,786.9,5.02,449.06,49.204
2020/21,9609,9.949,49.87,0,0,497.67,73.866,139.988,12.785,149.18,15.035
2020/21,9609,5.225,49.99,0,0,497.67,63.754,139.126,13.09,149.18,15.893
2020/21,9609,2.266,49.87,0,0,497.67,44.389,139.126,6.41,149.18,21.873
2020/21,9609,89.1,107.83,124.6,56.04,995.47,142.092,813.13,25.96,304.68,48.574
2020/21,9609,0,26.34,0,0,59,0,37.68,0.24,50.58,4.594
2020/21,9609,5.1,168.595,95.38,66.32,783.733,188.084,0,27.555,367.73,17.858
2020/21,9609,14.84,139.035,118.74,47.52,1498.984,178.68,238.54,12.16,322.83,5.868
2020/21,9609,4.67,64.8,0,9.58,133.695,81.488,0,8.205,169.31,2.2
2020/21,9609,9.96,36.635,10.6,8.08,163.705,24.12,0,2.36,69.32,2.199
2020/21,9609,0.788,36.285,0,0,193.695,20.533,0,2.56,7.33,1.691
2020/21,9610,103.42,147.07,29.1,0,690.38,208.577,0,5.681,589.02,22.036
2020/21,9610,81.042,137.39,0,0,481.84,227.791,0,4.982,620.13,26.86
2020/21,9610,109.43,136.13,29.52,0,712.24,166.837,0,4.007,486.29,26.58
2020/21,9610,4.4,19.28,19.88,6.52,47.48,39.91,23.8,5.87,57.44,2.18
2020/21,9610,7.25,60.11,20.76,9.28,167.79,37.33,0,6.6,77.44,0.85
2020/21,9610,15.02,42.59,36.69,15.42,136.52,39.95,47.78,4.37,74.98,3.52
2020/21,9610,25.98,98.68,134.3,41.28,828.93,146.41,172.1,22.37,278.5,56.69
2020/21,9610,21.44,93.53,94.57,27.28,683.24,105.33,154.92,11.31,229.04,11.65
2020/21,9610,13.33,79.08,81.6,32.12,424.09,130.2,111.22,9.05,223.06,39.58
2020/21,9610,17.58,128.84,150.38,48.4,476.43,187.5,209.38,20.74,394.24,59.18
2021/22,9601,143.57,332.22,157.7,78,2604.12,303.57,4312.48,143.48,1611.1,191.9
2021/22,9601,70.13,116.02,53.8,26.4,1927.92,164.26,1186.5,5.93,619.1,23.4
2021/22,9601,63.79,142.68,65.7,0,1316.78,152.67,584.4,21.1,629.7,30.5
2021/22,9601,66.79,354.61,310.68,193.36,3081.92,416.11,2356.36,231.16,1243.66,141.32
2021/22,9601,78.36,371.65,368.68,243.62,499.2,468.18,2018.2,291.1,1423.68,153.82
2021/22,9611,48.16,72.71,21.7,0,430,102.79,0,3.35,239.5,17.1
2021/22,9611,50.46,0.27,31.6,0,235,46.26,0,3.54,0,10.28
2021/22,9611,29.74,68.73,16.52,0,312,77.58,0,2.58,210.46,16.38
2021/22,9611,30.71,39.03,14.48,0,78,45.82,0,2.33,143.4,8.64
2021/22,9611,74.86,71.31,24.23,0,469,107.16,0,3.57,277.12,29.8
2021/22,9611,134.69,175.17,72,0,1055,226.18,0,8.24,546.32,62.26
2021/22,9611,133.48,54.23,50.66,0,586,99.09,0,19.03,174.98,13.3
2021/22,9611,204.37,526.48,207.94,88.24,3049,600.6,2414.32,359.79,2048.8,241.86
2021/22,9611,74.14,90.35,42.99,0,741,124.96,0,5.26,343.26,37.4
2021/22,9602,34.77,36.63,73.8,43.25,259.27,80.71,0,9.44,120.84,12.24
2021/22,9602,91.48,198.78,281.5,90.69,709.17,274.07,641.96,43.82,499.18,70.13
2021/22,9602,18.75,35.57,72.84,37.24,160.78,40.54,0,7.76,50.06,8.08
2021/22,9602,34.39,34.4,63.62,27.76,246.04,52.88,0,7.22,107.14,10.35
2021/22,9602,169.38,78.45,214.265,58.36,1027.21,229.44,456.58,15.34,774.94,21.741
2021/22,9602,101.63,47.07,134.725,29.48,616.33,102.89,273.95,7.96,425.74,13.059
2021/22,9602,67.75,31.37,86.16,19.65,410.88,63.61,182.63,1.88,277.94,10.012
2021/22,9602,78.52,254.88,233.51,156.97,1761.735,349.98,643.4,26.32,611.14,68.93
2021/22,9602,140.82,440.82,291.29,166.63,1583.805,554.22,1224.84,54.16,1201.34,141.86
2021/22,9603,12.13,77,7.51,0,0,0,0,0,0,0.14
2021/22,9603,81.39,52.51,71.59,0,61.96,78.65,0,0,0,0
2021/22,9603,188.31,356.06,325.87,170.94,771.76,473.47,43.77,1.9,1755.73,163.37
2021/22,9603,194.05,314.43,219.72,138.48,576.22,392.2,33.02,0,1335.06,134.13
2021/22,9603,242.49,391.23,278.38,138.32,1424.56,413.6,55.6,0,1791.36,123.1
2021/22,9603,208.03,402.33,340.52,143.72,974.2,376.26,62.08,5.66,1538.89,143.03
2021/22,9603,28.83,66.29,49.86,0,53.8,0,0,0,0,0
2021/22,9604,3.21,37.62,102.4,0,203.93,39.46,377.48,7.08,138.74,22.46
2021/22,9604,8.98,105.66,38.79,0,823.78,102.81,0,12.82,338.43,25.67
2021/22,9604,3.69,52.81,30.18,0,411.9,91.27,559.8,4.24,169.23,19.84
2021/22,9604,16.07,34.57,1.9,0,373.97,68.82,0,9.65,177.6,30.39
2021/22,9604,11.29,34.3,1.2,0,373.98,40.85,0,5.67,128.6,18.13
2021/22,9604,7.12,171.5,3.68,0,1869.86,196.75,910.9,12.32,743.95,54.92
2021/22,9604,2.61,69.45,3.76,0,747.94,76.25,0,11.54,159.74,20.3
2021/22,9604,5.23,34.54,3.16,0,373.98,48.72,0,5.74,102.74,14.26
2021/22,9604,1.44,85.75,2,0,934.91,59.93,0,11.19,175.76,19.76
2021/22,9604,106.41,157.95,410.93,230.69,815.77,190.2,1509.94,8.68,554.9,58.9
2021/22,9604,4.98,75.42,0,0,483.88,100.98,7.16,1.4,0,34.27
2021/22,9605,0.68,66.3,33.36,38.52,247.29,120.94,575.05,5.14,291.9,180.81
2021/22,9605,2.14,17.2,8.9,11.52,81.82,15.3,50.27,5.39,40.78,39.01
2021/22,9605,0,38.87,0.72,0,152.13,45.36,3.29,1.28,93.11,3.15
2021/22,9605,7.83,29.21,44.38,27.74,141.82,28.02,97.62,5.82,82.52,82.75
2021/22,9605,1.11,135.78,49.8,14.04,457.24,157.49,323.19,6.94,399.57,78.57
2021/22,9605,100.9,422.01,486.12,462.18,1642.35,451.44,2426.98,37.42,1491.06,1154.49
2021/22,9605,28.66,136.96,160.42,0,886.2,129.68,0,8.52,259.22,99.74
2021/22,9605,10.41,48.02,8.24,0,392.67,38.2,5.39,9.6,84.52,18.75
2021/22,9605,1.96,18.35,2.76,0,23.4,26.54,2.59,4.2,27.6,7.93
2021/22,9605,0,15.1,4.95,0,33.4,16.84,1.82,1.4,28.75,3.47
2021/22,9605,2.27,32.74,1.99,0,88.06,36.3,2.4,2.04,71.46,12.39
2021/22,9606,136.82,131.62,25.25,114.76,969.62,182.074,188.94,43.794,563.52,258.345
2021/22,9606,27.064,51.12,25.055,26,310.58,71.929,0,8.97,109,91.53
2021/22,9606,22.76,42.88,25.11,28.5,168.04,45.303,4.44,5.455,103.24,19.532
2021/22,9606,37.975,29,25.055,16,211,43.199,0,8.148,68,68.072
2021/22,9606,24.613,25,25.055,13,150,27.25,0,4.322,46.74,53.746
2021/22,9606,24.446,27,25.055,13,141,31.838,0,3.865,52,49.649
2021/22,9606,18.444,17,25.055,12,115,16.671,0,7.676,44,38.232
2021/22,9606,39.116,51.06,25.055,27.02,305.38,65.117,0,9.273,114,87.362
2021/22,9606,34.349,0.3,25.055,12,68,27.388,0,6.325,35,42.842
2021/22,9606,33.869,21,25.055,13,101,38.225,0,5.26,47,55.611
2021/22,9606,32.962,20,25.055,9,0,16.959,0,3.601,31,44.404
2021/22,9606,13.144,18,25.055,16,165,23.61,0,4.128,77,50.28
2021/22,9606,35.3,248.3,248.6,139.18,1674.76,277.375,1266.76,41.525,667.2,437.608
2021/22,9606,8.316,30.98,9.13,0,26.28,31.2,0,3.697,38.76,3.6
2021/22,9606,7.687,42.99,39.72,49.26,151.68,75.251,80.84,9.744,155.3,27.136
2021/22,9607,215.55,511.24,202.43,0,2026.18,646.04,2443.82,25.04,2266.47,103.5
2021/22,9607,54.68,129.91,58.19,0,652.09,168.61,329.1,3.41,380.95,53.08
2021/22,9607,75.25,214.36,171.88,0,1849.16,230.61,1573.54,10.27,805.41,60.37
2021/22,9608,70.123,237.19,171.367,109.24,1137.81,274.612,1194.18,60.84,693.49,89.424
2021/22,9608,1.372,38.07,60.96,14.96,70.05,33.073,48.48,4.12,84.62,5.056
2021/22,9608,67.325,246.757,246.847,101.56,447.52,321.925,1177.5,23.11,808.94,91.894
2021/22,9608,23.226,82.359,68.138,46.98,388.42,91.348,254,17.33,184.73,20.796
2021/22,9608,61.827,377.29,447.22,167.64,754.04,498.454,852.63,37.46,969.36,112.891
2021/22,9609,7.47,34.91,95.92,2.06,887.14,87.517,0,4.21,147.43,3.553
2021/22,9609,13.766,170.49,284.47,57.06,3350.07,215.227,1029.18,8.86,780.65,104.504
2021/22,9609,10.234,58.33,0,0,521.04,81.668,111.3,14.064,135.21,7.579
2021/22,9609,2.242,58.45,0,0,481.04,65.573,86.94,15.925,130.2,1.367
2021/22,9609,1.941,58.33,0,0,490.88,43.991,86.96,8.464,120.2,3.858
2021/22,9609,53.98,117.35,85.82,56.1,1052.07,142.421,836.34,26.61,318.63,43.772
2021/22,9609,0,13.88,0,0,43.66,0,28.54,1.162,31.9,0
2021/22,9609,0.614,97.14,72.68,39.5,436.78,113.111,13.24,10.205,190.4,5.033
2021/22,9609,45.7,189.59,180.42,93.8,3525.81,247.712,491.64,23.4,367,21.521
2021/22,9609,1.538,58.55,0,0,0,68.384,0,4.56,221.22,1.786
2021/22,9609,9.352,29.21,18.3,8.46,26.9,25.995,0,1.224,84.7,1.306
2021/22,9609,0.453,40.65,0,0,26.9,18.175,0,2.2,0,1.636
2021/22,9610,108.32,141.26,38.72,0,569.78,189.58,0,7.02,579.22,30.58
2021/22,9610,89.35,139.69,15.38,0,540.74,202.48,0,5.35,616.21,35.1
2021/22,9610,111.87,130.17,34.26,0,642.14,149.05,0,6.4,565.08,24.74
2021/22,9610,9.07,37.44,34.5,14.46,68.36,40.21,30.56,3.84,73.45,0.44
2021/22,9610,3.9,71.11,27.3,16.48,132.96,36.34,4.68,5.35,95.04,0
2021/22,9610,9,41.52,32.62,12.96,174.87,36.64,53.24,5.87,77.52,2.48
2021/22,9610,26.87,130.25,136.52,40.44,793.93,123.71,167.14,24.99,290.4,52.98
2021/22,9610,21.57,96.19,99.81,31.42,606.37,78.26,170.44,11.81,219,9.79
2021/22,9610,13.05,72.08,86.83,28.58,364.95,122.14,117,14.9,245.73,27.68
2021/22,9610,15.95,117.87,133.01,53.15,448.92,162.16,174.7,25,379.03,52.8
