Header:,Date,Time,Program:MainProgram\BottleLotNumberCounter.ACC,Program:MainProgram\BottleWeight,Program:MainProgram\BottleWeightReject
Data,6/29/2022,10:46:15;298,6075,0.6567,0
Data,6/29/2022,10:46:15;958,6075,0.6227,0
Data,6/29/2022,10:46:16;618,6075,0.6887,0
Data,6/29/2022,10:46:17;278,6075,0.6547,0
Data,6/29/2022,10:46:17;938,6075,0.6207,0
Data,6/29/2022,10:46:18;598,6075,0.6867,0
Data,6/29/2022,10:46:19;258,6075,0.6527,0
Data,6/29/2022,10:46:19;918,6075,0.6187,1
Data,6/29/2022,10:46:20;578,6075,0.6847,0
Data,6/29/2022,10:46:21;238,6075,0.6507,0
Data,6/29/2022,10:46:21;898,6075,0.6167,1
Data,6/29/2022,10:46:22;558,6075,0.6827,0
Data,6/29/2022,10:46:23;218,6075,0.6487,0
Data,6/29/2022,10:46:23;878,6075,0.6147,1
Data,6/29/2022,10:46:24;538,6075,0.6807,0
Data,6/29/2022,10:46:25;198,6075,0.6467,0
Data,6/29/2022,10:46:25;858,6075,0.6127,1
Data,6/29/2022,10:46:26;518,6075,0.6787,0
Data,6/29/2022,10:46:27;178,6075,0.6447,0
Data,6/29/2022,10:46:27;838,6075,0.6107,1
Data,6/29/2022,10:46:28;498,6075,0.6767,0
Data,6/29/2022,10:46:29;158,6075,0.6427,0
Data,6/29/2022,10:46:29;818,6075,0.6087,1
Data,6/29/2022,10:46:30;478,6075,0.6747,0
Data,6/29/2022,10:46:31;138,6075,0.6407,0
Data,6/29/2022,10:46:31;798,6075,0.6067,1
Data,6/29/2022,10:46:32;458,6075,0.6727,0
Data,6/29/2022,10:46:33;118,6075,0.6387,0
Data,6/29/2022,10:46:33;778,6075,0.6047,1
Data,6/29/2022,10:46:34;438,6075,0.6707,0
Data,6/29/2022,10:46:35;098,6075,0.6367,0
Data,6/29/2022,10:46:35;758,6075,0.6026,1
Data,6/29/2022,10:46:36;418,6075,0.6686,0
Data,6/29/2022,10:46:37;078,6075,0.6346,0
Data,6/29/2022,10:46:37;738,6075,0.6006,1
Data,6/29/2022,10:46:38;398,6075,0.6666,0
Data,6/29/2022,10:46:39;058,6075,0.6326,0
Data,6/29/2022,10:46:39;718,6075,0.6986,0
Data,6/29/2022,10:46:40;378,6075,0.6646,0
Data,6/29/2022,10:46:41;038,6075,0.6306,0
Data,6/29/2022,10:46:41;698,6075,0.6966,0
Data,6/29/2022,10:46:42;358,6075,0.6626,0
Data,6/29/2022,10:46:43;018,6075,0.6286,0
Data,6/29/2022,10:46:43;678,6075,0.6946,0
Data,6/29/2022,10:46:44;338,6075,0.6606,0
Data,6/29/2022,10:46:44;998,6075,0.6266,0
Data,6/29/2022,10:46:45;658,6075,0.6926,0
Data,6/29/2022,10:46:46;318,6075,0.6586,0
Data,6/29/2022,10:46:46;978,6075,0.6246,0
Data,6/29/2022,10:46:47;638,6075,0.6906,0
Data,6/29/2022,10:46:48;298,6075,0.6566,0
Data,6/29/2022,10:46:48;958,6075,0.6226,0
Data,6/29/2022,10:46:49;618,6075,0.6886,0
Data,6/29/2022,10:46:50;278,6075,0.6546,0
Data,6/29/2022,10:46:50;938,6075,0.6206,0
Data,6/29/2022,10:46:51;598,6075,0.6866,0
Data,6/29/2022,10:46:52;258,6075,0.6526,0
Data,6/29/2022,10:46:52;918,6075,0.6186,1
Data,6/29/2022,10:46:53;578,6075,0.6846,0
Data,6/29/2022,10:46:54;238,6075,0.6506,0
Data,6/29/2022,10:46:54;898,6076,0.6166,1
Data,6/29/2022,10:46:55;558,6076,0.6826,0
Data,6/29/2022,10:46:56;218,6076,0.6486,0
Data,6/29/2022,10:46:56;878,6076,0.6146,1
Data,6/29/2022,10:46:57;538,6076,0.6806,0
Data,6/29/2022,10:46:58;198,6076,0.6466,0
Data,6/29/2022,10:46:58;858,6076,0.6126,1
Data,6/29/2022,10:46:59;518,6076,0.6786,0
Data,6/29/2022,10:47:00;178,6076,0.6446,0
Data,6/29/2022,10:47:00;838,6076,0.6106,1
Data,6/29/2022,10:47:01;498,6076,0.6766,0
Data,6/29/2022,10:47:02;158,6076,0.6426,0
Data,6/29/2022,10:47:02;818,6076,0.6086,1
Data,6/29/2022,10:47:03;478,6076,0.6746,0
Data,6/29/2022,10:47:04;138,6076,0.6406,0
Data,6/29/2022,10:47:04;798,6076,0.6066,1
Data,6/29/2022,10:47:05;458,6076,0.6726,0
Data,6/29/2022,10:47:06;118,6076,0.6386,0
Data,6/29/2022,10:47:06;778,6076,0.6046,1
Data,6/29/2022,10:47:07;438,6076,0.6706,0
Data,6/29/2022,10:47:08;098,6076,0.6366,0
Data,6/29/2022,10:47:08;758,6076,0.6026,1
Data,6/29/2022,10:47:09;418,6076,0.6686,0
Data,6/29/2022,10:47:10;078,6076,0.6346,0
Data,6/29/2022,10:47:10;738,6076,0.6006,1
Data,6/29/2022,10:47:11;398,6076,0.6666,0
Data,6/29/2022,10:47:12;058,6076,0.6326,0
Data,6/29/2022,10:47:12;718,6076,0.6986,0
Data,6/29/2022,10:47:13;378,6076,0.6646,0
Data,6/29/2022,10:47:14;038,6076,0.6306,0
Data,6/29/2022,10:47:14;698,6076,0.6966,0
Data,6/29/2022,10:47:15;358,6076,0.6626,0
Data,6/29/2022,10:47:16;018,6076,0.6286,0
Data,6/29/2022,10:47:16;678,6076,0.6946,0
Data,6/29/2022,10:47:17;338,6076,0.6606,0
Data,6/29/2022,10:47:17;998,6076,0.6266,0
Data,6/29/2022,10:47:18;658,6076,0.6926,0
Data,6/29/2022,10:47:19;318,6076,0.6586,0
Data,6/29/2022,10:47:19;978,6076,0.6246,0
Data,6/29/2022,10:47:20;638,6076,0.6906,0
Data,6/29/2022,10:47:21;298,6076,0.6565,0
Data,6/29/2022,10:47:21;958,6076,0.6226,0
Data,6/29/2022,10:47:22;618,6076,0.6886,0
Data,6/29/2022,10:47:23;278,6076,0.6546,0
Data,6/29/2022,10:47:23;938,6076,0.6206,0
Data,6/29/2022,10:47:24;598,6076,0.6866,0
Data,6/29/2022,10:47:25;258,6076,0.6526,0
Data,6/29/2022,10:47:25;918,6076,0.6186,1
Data,6/29/2022,10:47:26;578,6076,0.6846,0
Data,6/29/2022,10:47:27;238,6076,0.6506,0
Data,6/29/2022,10:47:27;898,6076,0.6166,1
Data,6/29/2022,10:47:28;558,6076,0.6826,0
Data,6/29/2022,10:47:29;218,6076,0.6486,0
Data,6/29/2022,10:47:29;878,6076,0.6146,1
Data,6/29/2022,10:47:30;538,6076,0.6806,0
Data,6/29/2022,10:47:31;198,6076,0.6466,0
Data,6/29/2022,10:47:31;858,6076,0.6126,1
Data,6/29/2022,10:47:32;518,6076,0.6786,0
Data,6/29/2022,10:47:33;178,6076,0.6446,0
Data,6/29/2022,10:47:33;838,6076,0.6106,1
Data,6/29/2022,10:47:34;498,6076,0.6766,0
Data,6/29/2022,10:47:35;158,6076,0.6426,0
Data,6/29/2022,10:47:35;818,6076,0.6086,1
Data,6/29/2022,10:47:36;478,6076,0.6746,0
Data,6/29/2022,10:47:37;138,6076,0.6406,0
Data,6/29/2022,10:47:37;798,6076,0.6066,1
Data,6/29/2022,10:47:38;458,6076,0.6726,0
Data,6/29/2022,10:47:39;118,6076,0.6387,0
Data,6/29/2022,10:47:39;778,6076,0.6047,1
Data,6/29/2022,10:47:40;438,6076,0.6707,0
Data,6/29/2022,10:47:41;098,6076,0.6367,0
Data,6/29/2022,10:47:41;758,6076,0.6027,1
Data,6/29/2022,10:47:42;418,6076,0.6687,0
Data,6/29/2022,10:47:43;078,6076,0.6347,0
Data,6/29/2022,10:47:43;738,6076,0.6007,1
Data,6/29/2022,10:47:44;398,6076,0.6667,0
Data,6/29/2022,10:47:45;058,6076,0.6327,0
Data,6/29/2022,10:47:45;718,6076,0.6987,0
Data,6/29/2022,10:47:46;378,6076,0.6647,0
Data,6/29/2022,10:47:47;038,6076,0.6307,0
Data,6/29/2022,10:47:47;698,6076,0.6967,0
Data,6/29/2022,10:47:48;358,6076,0.6627,0
Data,6/29/2022,10:47:49;018,6076,0.6287,0
Data,6/29/2022,10:47:49;678,6076,0.6947,0
Data,6/29/2022,10:47:50;338,6076,0.6607,0
Data,6/29/2022,10:47:50;998,6076,0.6267,0
Data,6/29/2022,10:47:51;658,6076,0.6927,0
Data,6/29/2022,10:47:52;318,6076,0.6587,0
Data,6/29/2022,10:47:52;978,6076,0.6247,0
Data,6/29/2022,10:47:53;638,6076,0.6907,0
Data,6/29/2022,10:47:54;298,6076,0.6567,0
Data,6/29/2022,10:47:54;958,6076,0.6227,0
Data,6/29/2022,10:47:55;618,6076,0.6887,0
Data,6/29/2022,10:47:56;278,6076,0.6547,0
Data,6/29/2022,10:47:56;938,6076,0.6207,0
Data,6/29/2022,10:47:57;598,6076,0.6867,0
Data,6/29/2022,10:47:58;258,6076,0.6527,0
Data,6/29/2022,10:47:58;918,6076,0.6187,1
Data,6/29/2022,10:47:59;578,6076,0.6847,0
Data,6/29/2022,10:48:00;238,6076,0.6507,0
Data,6/29/2022,10:48:00;898,6077,0.6167,1
Data,6/29/2022,10:48:01;558,6077,0.6827,0
Data,6/29/2022,10:48:02;218,6077,0.6487,0
Data,6/29/2022,10:48:02;878,6077,0.6147,1
Data,6/29/2022,10:48:03;538,6077,0.6807,0
Data,6/29/2022,10:48:04;198,6077,0.6467,0
Data,6/29/2022,10:48:04;858,6077,0.6127,1
Data,6/29/2022,10:48:05;518,6077,0.6787,0
Data,6/29/2022,10:48:06;178,6077,0.6447,0
Data,6/29/2022,10:48:06;838,6077,0.6107,1
Data,6/29/2022,10:48:07;498,6077,0.6767,0
Data,6/29/2022,10:48:08;158,6077,0.6427,0
Data,6/29/2022,10:48:08;818,6077,0.6087,1
Data,6/29/2022,10:48:09;478,6077,0.6747,0
Data,6/29/2022,10:48:10;138,6077,0.6407,0
Data,6/29/2022,10:48:10;798,6077,0.6067,1
Data,6/29/2022,10:48:11;458,6077,0.6727,0
Data,6/29/2022,10:48:12;118,6077,0.6387,0
Data,6/29/2022,10:48:12;778,6077,0.6047,1
Data,6/29/2022,10:48:13;438,6077,0.6707,0
Data,6/29/2022,10:48:14;098,6077,0.6367,0
Data,6/29/2022,10:48:14;758,6077,0.6027,1
Data,6/29/2022,10:48:15;418,6077,0.6687,0
Data,6/29/2022,10:48:16;078,6077,0.6347,0
Data,6/29/2022,10:48:16;738,6077,0.6007,1
Data,6/29/2022,10:48:17;398,6077,0.6667,0
Data,6/29/2022,10:48:18;058,6077,0.6327,0
Data,6/29/2022,10:48:18;718,6077,0.6987,0
Data,6/29/2022,10:48:19;378,6077,0.6647,0
Data,6/29/2022,10:48:20;038,6077,0.6307,0
Data,6/29/2022,10:48:20;698,6077,0.6967,0
Data,6/29/2022,10:48:21;358,6077,0.6627,0
Data,6/29/2022,10:48:22;018,6077,0.6287,0
Data,6/29/2022,10:48:22;678,6077,0.6947,0
Data,6/29/2022,10:48:23;338,6077,0.6607,0
Data,6/29/2022,10:48:23;998,6077,0.6267,0
Data,6/29/2022,10:48:24;658,6077,0.6927,0
Data,6/29/2022,10:48:25;318,6077,0.6587,0
Data,6/29/2022,10:48:25;978,6077,0.6247,0
Data,6/29/2022,10:48:26;638,6077,0.6907,0
Data,6/29/2022,10:48:27;298,6077,0.6568,0
Data,6/29/2022,10:48:27;958,6077,0.6228,0
Data,6/29/2022,10:48:28;618,6077,0.6888,0
Data,6/29/2022,10:48:29;278,6077,0.6548,0
Data,6/29/2022,10:48:29;938,6077,0.6208,0
Data,6/29/2022,10:48:30;598,6077,0.6868,0
Data,6/29/2022,10:48:31;258,6077,0.6528,0
Data,6/29/2022,10:48:31;918,6077,0.6188,1
Data,6/29/2022,10:48:32;578,6077,0.6848,0
Data,6/29/2022,10:48:33;238,6077,0.6508,0
Data,6/29/2022,10:48:33;898,6077,0.6168,1
Data,6/29/2022,10:48:34;558,6077,0.6828,0
Data,6/29/2022,10:48:35;218,6077,0.6488,0
Data,6/29/2022,10:48:35;878,6077,0.6148,1
Data,6/29/2022,10:48:36;538,6077,0.6808,0
Data,6/29/2022,10:48:37;198,6077,0.6468,0
Data,6/29/2022,10:48:37;858,6077,0.6128,1
Data,6/29/2022,10:48:38;518,6077,0.6788,0
Data,6/29/2022,10:48:39;178,6077,0.6448,0
Data,6/29/2022,10:48:39;838,6077,0.6108,1
Data,6/29/2022,10:48:40;498,6077,0.6768,0
Data,6/29/2022,10:48:41;158,6077,0.6428,0
Data,6/29/2022,10:48:41;818,6077,0.6088,1
Data,6/29/2022,10:48:42;478,6077,0.6748,0
Data,6/29/2022,10:48:43;138,6077,0.6409,0
Data,6/29/2022,10:48:43;798,6077,0.6069,1
Data,6/29/2022,10:48:44;458,6077,0.6729,0
Data,6/29/2022,10:48:45;118,6077,0.6389,0
Data,6/29/2022,10:48:45;778,6077,0.6049,1
Data,6/29/2022,10:48:46;438,6077,0.6709,0
Data,6/29/2022,10:48:47;098,6077,0.6369,0
Data,6/29/2022,10:48:47;758,6077,0.6029,1
Data,6/29/2022,10:48:48;418,6077,0.6689,0
Data,6/29/2022,10:48:49;078,6077,0.6349,0
Data,6/29/2022,10:48:49;738,6077,0.6009,1
Data,6/29/2022,10:48:50;398,6077,0.6669,0
Data,6/29/2022,10:48:51;058,6077,0.6329,0
Data,6/29/2022,10:48:51;718,6077,0.6989,0
Data,6/29/2022,10:48:52;378,6077,0.6649,0
Data,6/29/2022,10:48:53;038,6077,0.6309,0
Data,6/29/2022,10:48:53;698,6077,0.6969,0
Data,6/29/2022,10:48:54;358,6077,0.6629,0
Data,6/29/2022,10:48:55;018,6077,0.6289,0
Data,6/29/2022,10:48:55;678,6077,0.6949,0
Data,6/29/2022,10:48:56;338,6077,0.6609,0
Data,6/29/2022,10:48:56;998,6077,0.6269,0
Data,6/29/2022,10:48:57;658,6077,0.6929,0
Data,6/29/2022,10:48:58;318,6077,0.6589,0
Data,6/29/2022,10:48:58;978,6077,0.6249,0
Data,6/29/2022,10:48:59;638,6077,0.6909,0
Data,6/29/2022,10:49:00;298,6077,0.6569,0
Data,6/29/2022,10:49:00;958,6077,0.6229,0
Data,6/29/2022,10:49:01;618,6077,0.6889,0
Data,6/29/2022,10:49:02;278,6077,0.6549,0
Data,6/29/2022,10:49:02;938,6077,0.6209,0
Data,6/29/2022,10:49:03;598,6077,0.6869,0
Data,6/29/2022,10:49:04;258,6077,0.6529,0
Data,6/29/2022,10:49:04;918,6077,0.6189,1
Data,6/29/2022,10:49:05;578,6077,0.6849,0
Data,6/29/2022,10:49:06;238,6077,0.6509,0
Data,6/29/2022,10:49:06;898,6078,0.6169,1
Data,6/29/2022,10:49:07;558,6078,0.6829,0
Data,6/29/2022,10:49:08;218,6078,0.6489,0
Data,6/29/2022,10:49:08;878,6078,0.6149,1
Data,6/29/2022,10:49:09;538,6078,0.6809,0
Data,6/29/2022,10:49:10;198,6078,0.6469,0
Data,6/29/2022,10:49:10;858,6078,0.6129,1
Data,6/29/2022,10:49:11;518,6078,0.6789,0
Data,6/29/2022,10:49:12;178,6078,0.6449,0
Data,6/29/2022,10:49:12;838,6078,0.6109,1
Data,6/29/2022,10:49:13;498,6078,0.6769,0
Data,6/29/2022,10:49:14;158,6078,0.6429,0
Data,6/29/2022,10:49:14;818,6078,0.6089,1
Data,6/29/2022,10:49:15;478,6078,0.6749,0
Data,6/29/2022,10:49:16;138,6078,0.6409,0
Data,6/29/2022,10:49:16;798,6078,0.6069,1
Data,6/29/2022,10:49:17;458,6078,0.6729,0
Data,6/29/2022,10:49:18;118,6078,0.6389,0
Data,6/29/2022,10:49:18;778,6078,0.6049,1
Data,6/29/2022,10:49:19;438,6078,0.6709,0
Data,6/29/2022,10:49:20;098,6078,0.6369,0
Data,6/29/2022,10:49:20;758,6078,0.6029,1
Data,6/29/2022,10:49:21;418,6078,0.6689,0
Data,6/29/2022,10:49:22;078,6078,0.6349,0
Data,6/29/2022,10:49:22;738,6078,0.6009,1
Data,6/29/2022,10:49:23;398,6078,0.6669,0
Data,6/29/2022,10:49:24;058,6078,0.6329,0
Data,6/29/2022,10:49:24;718,6078,0.6989,0
Data,6/29/2022,10:49:25;378,6078,0.6649,0
Data,6/29/2022,10:49:26;038,6078,0.6309,0
Data,6/29/2022,10:49:26;698,6078,0.6969,0
Data,6/29/2022,10:49:27;358,6078,0.6629,0
Data,6/29/2022,10:49:28;018,6078,0.6289,0
Data,6/29/2022,10:49:28;678,6078,0.6949,0
Data,6/29/2022,10:49:29;338,6078,0.6609,0
Data,6/29/2022,10:49:29;998,6078,0.6269,0
Data,6/29/2022,10:49:30;658,6078,0.6929,0
Data,6/29/2022,10:49:31;318,6078,0.6589,0
Data,6/29/2022,10:49:31;978,6078,0.6249,0
Data,6/29/2022,10:49:32;638,6078,0.6909,0
Data,6/29/2022,10:49:33;298,6078,0.6569,0
Data,6/29/2022,10:49:33;958,6078,0.6229,0
Data,6/29/2022,10:49:34;618,6078,0.6889,0
Data,6/29/2022,10:49:35;278,6078,0.6549,0
Data,6/29/2022,10:49:35;938,6078,0.6209,0
Data,6/29/2022,10:49:36;598,6078,0.6869,0
Data,6/29/2022,10:49:37;258,6078,0.6529,0
Data,6/29/2022,10:49:37;918,6078,0.6189,1
Data,6/29/2022,10:49:38;578,6078,0.6849,0
Data,6/29/2022,10:49:39;238,6078,0.6509,0
Data,6/29/2022,10:49:39;898,6078,0.6169,1
Data,6/29/2022,10:49:40;558,6078,0.6829,0
Data,6/29/2022,10:49:41;218,6078,0.6489,0
Data,6/29/2022,10:49:41;878,6078,0.6149,1
Data,6/29/2022,10:49:42;538,6078,0.6809,0
Data,6/29/2022,10:49:43;198,6078,0.6469,0
Data,6/29/2022,10:49:43;858,6078,0.6129,1
Data,6/29/2022,10:49:44;518,6078,0.6789,0
Data,6/29/2022,10:49:45;178,6078,0.6449,0
Data,6/29/2022,10:49:45;838,6078,0.6109,1
Data,6/29/2022,10:49:46;498,6078,0.6769,0
Data,6/29/2022,10:49:47;158,6078,0.6429,0
Data,6/29/2022,10:49:47;818,6078,0.6089,1
Data,6/29/2022,10:49:48;478,6078,0.6749,0
Data,6/29/2022,10:49:49;138,6078,0.6409,0
Data,6/29/2022,10:49:49;798,6078,0.6069,1
Data,6/29/2022,10:49:50;458,6078,0.6729,0
Data,6/29/2022,10:49:51;118,6078,0.6389,0
Data,6/29/2022,10:49:51;778,6078,0.6049,1
Data,6/29/2022,10:49:52;438,6078,0.6709,0
Data,6/29/2022,10:49:53;098,6078,0.6369,0
Data,6/29/2022,10:49:53;758,6078,0.6029,1
Data,6/29/2022,10:49:54;418,6078,0.6689,0
Data,6/29/2022,10:49:55;078,6078,0.6349,0
Data,6/29/2022,10:49:55;738,6078,0.6009,1
Data,6/29/2022,10:49:56;398,6078,0.6669,0
Data,6/29/2022,10:49:57;058,6078,0.6329,0
Data,6/29/2022,10:49:57;718,6078,0.6989,0
Data,6/29/2022,10:49:58;378,6078,0.6649,0
Data,6/29/2022,10:49:59;038,6078,0.6309,0
Data,6/29/2022,10:49:59;698,6078,0.6969,0
Data,6/29/2022,10:50:00;358,6078,0.6629,0
Data,6/29/2022,10:50:01;018,6078,0.6289,0
Data,6/29/2022,10:50:01;678,6078,0.6949,0
Data,6/29/2022,10:50:02;338,6078,0.6609,0
Data,6/29/2022,10:50:02;998,6078,0.6269,0
Data,6/29/2022,10:50:03;658,6078,0.6929,0
Data,6/29/2022,10:50:04;318,6078,0.6589,0
Data,6/29/2022,10:50:04;978,6078,0.6249,0
Data,6/29/2022,10:50:05;638,6078,0.6909,0
Data,6/29/2022,10:50:06;298,6078,0.6569,0
Data,6/29/2022,10:50:06;958,6078,0.6229,0
Data,6/29/2022,10:50:07;618,6078,0.6889,0
Data,6/29/2022,10:50:08;278,6078,0.6549,0
Data,6/29/2022,10:50:08;938,6078,0.6209,0
Data,6/29/2022,10:50:09;598,6078,0.6869,0
Data,6/29/2022,10:50:10;258,6078,0.6529,0
Data,6/29/2022,10:50:10;918,6078,0.6189,1
Data,6/29/2022,10:50:11;578,6078,0.6849,0
Data,6/29/2022,10:50:12;238,6078,0.6509,0
Data,6/29/2022,10:50:12;898,6079,0.6169,1
Data,6/29/2022,10:50:13;558,6079,0.6829,0
Data,6/29/2022,10:50:14;218,6079,0.6489,0
Data,6/29/2022,10:50:14;878,6079,0.6149,1
Data,6/29/2022,10:50:15;538,6079,0.6809,0
Data,6/29/2022,10:50:16;198,6079,0.6469,0
Data,6/29/2022,10:50:16;858,6079,0.6129,1
Data,6/29/2022,10:50:17;518,6079,0.6789,0
Data,6/29/2022,10:50:18;178,6079,0.6449,0
Data,6/29/2022,10:50:18;838,6079,0.6109,1
Data,6/29/2022,10:50:19;498,6079,0.6769,0
Data,6/29/2022,10:50:20;158,6079,0.6429,0
Data,6/29/2022,10:50:20;818,6079,0.6089,1
Data,6/29/2022,10:50:21;478,6079,0.6749,0
Data,6/29/2022,10:50:22;138,6079,0.6409,0
Data,6/29/2022,10:50:22;798,6079,0.6069,1
Data,6/29/2022,10:50:23;458,6079,0.6729,0
Data,6/29/2022,10:50:24;118,6079,0.6389,0
Data,6/29/2022,10:50:24;778,6079,0.6049,1
Data,6/29/2022,10:50:25;438,6079,0.6709,0
Data,6/29/2022,10:50:26;098,6079,0.6369,0
Data,6/29/2022,10:50:26;758,6079,0.6029,1
Data,6/29/2022,10:50:27;418,6079,0.6689,0
Data,6/29/2022,10:50:28;078,6079,0.6349,0
Data,6/29/2022,10:50:28;738,6079,0.6009,1
Data,6/29/2022,10:50:29;398,6079,0.6669,0
Data,6/29/2022,10:50:30;058,6079,0.6329,0
Data,6/29/2022,10:50:30;718,6079,0.6989,0
Data,6/29/2022,10:50:31;378,6079,0.6649,0
Data,6/29/2022,10:50:32;038,6079,0.6309,0
Data,6/29/2022,10:50:32;698,6079,0.6969,0
Data,6/29/2022,10:50:33;358,6079,0.6629,0
Data,6/29/2022,10:50:34;018,6079,0.6289,0
Data,6/29/2022,10:50:34;678,6079,0.6949,0
Data,6/29/2022,10:50:35;338,6079,0.6609,0
Data,6/29/2022,10:50:35;998,6079,0.6269,0
Data,6/29/2022,10:50:36;658,6079,0.6929,0
Data,6/29/2022,10:50:37;318,6079,0.6589,0
Data,6/29/2022,10:50:37;978,6079,0.6249,0
Data,6/29/2022,10:50:38;638,6079,0.6909,0
Data,6/29/2022,10:50:39;298,6079,0.6569,0
Data,6/29/2022,10:50:39;958,6079,0.6229,0
Data,6/29/2022,10:50:40;618,6079,0.6889,0
Data,6/29/2022,10:50:41;278,6079,0.6549,0
Data,6/29/2022,10:50:41;938,6079,0.6208,0
Data,6/29/2022,10:50:42;598,6079,0.6868,0
Data,6/29/2022,10:50:43;258,6079,0.6528,0
Data,6/29/2022,10:50:43;918,6079,0.6188,1
Data,6/29/2022,10:50:44;578,6079,0.6848,0
Data,6/29/2022,10:50:45;238,6079,0.6508,0
Data,6/29/2022,10:50:45;898,6079,0.6168,1
Data,6/29/2022,10:50:46;558,6079,0.6828,0
Data,6/29/2022,10:50:47;218,6079,0.6488,0
Data,6/29/2022,10:50:47;878,6079,0.6147,1
Data,6/29/2022,10:50:48;538,6079,0.6807,0
Data,6/29/2022,10:50:49;198,6079,0.6467,0
Data,6/29/2022,10:50:49;858,6079,0.6127,1
Data,6/29/2022,10:50:50;518,6079,0.6787,0
Data,6/29/2022,10:50:51;178,6079,0.6447,0
Data,6/29/2022,10:50:51;838,6079,0.6107,1
Data,6/29/2022,10:50:52;498,6079,0.6767,0
Data,6/29/2022,10:50:53;158,6079,0.6427,0
Data,6/29/2022,10:50:53;818,6079,0.6087,1
Data,6/29/2022,10:50:54;478,6079,0.6747,0
Data,6/29/2022,10:50:55;138,6079,0.6407,0
Data,6/29/2022,10:50:55;798,6079,0.6067,1
Data,6/29/2022,10:50:56;458,6079,0.6727,0
Data,6/29/2022,10:50:57;118,6079,0.6387,0
Data,6/29/2022,10:50:57;778,6079,0.6047,1
Data,6/29/2022,10:50:58;438,6079,0.6707,0
Data,6/29/2022,10:50:59;098,6079,0.6367,0
Data,6/29/2022,10:50:59;758,6079,0.6027,1
Data,6/29/2022,10:51:00;418,6079,0.6687,0
Data,6/29/2022,10:51:01;078,6079,0.6347,0
Data,6/29/2022,10:51:01;738,6079,0.6007,1
Data,6/29/2022,10:51:02;398,6079,0.6667,0
Data,6/29/2022,10:51:03;058,6079,0.6327,0
Data,6/29/2022,10:51:03;718,6079,0.6987,0
Data,6/29/2022,10:51:04;378,6079,0.6647,0
Data,6/29/2022,10:51:05;038,6079,0.6307,0
Data,6/29/2022,10:51:05;698,6079,0.6967,0
Data,6/29/2022,10:51:06;358,6079,0.6627,0
Data,6/29/2022,10:51:07;018,6079,0.6287,0
Data,6/29/2022,10:51:07;678,6079,0.6947,0
Data,6/29/2022,10:51:08;338,6079,0.6607,0
Data,6/29/2022,10:51:08;998,6079,0.6267,0
Data,6/29/2022,10:51:09;658,6079,0.6927,0
Data,6/29/2022,10:51:10;318,6079,0.6587,0
Data,6/29/2022,10:51:10;978,6079,0.6247,0
Data,6/29/2022,10:51:11;638,6079,0.6907,0
Data,6/29/2022,10:51:12;298,6079,0.6567,0
Data,6/29/2022,10:51:12;958,6079,0.6227,0
Data,6/29/2022,10:51:13;618,6079,0.6887,0
Data,6/29/2022,10:51:14;278,6079,0.6547,0
Data,6/29/2022,10:51:14;938,6079,0.6207,0
Data,6/29/2022,10:51:15;598,6079,0.6867,0
Data,6/29/2022,10:51:16;258,6079,0.6527,0
Data,6/29/2022,10:51:16;918,6079,0.6187,1
Data,6/29/2022,10:51:17;578,6079,0.6847,0
Data,6/29/2022,10:51:18;238,6079,0.6507,0
Data,6/29/2022,10:51:18;898,6080,0.6168,1
Data,6/29/2022,10:51:19;558,6080,0.6828,0
Data,6/29/2022,10:51:20;218,6080,0.6488,0
Data,6/29/2022,10:51:20;878,6080,0.6148,1
Data,6/29/2022,10:51:21;538,6080,0.6808,0
Data,6/29/2022,10:51:22;198,6080,0.6468,0
Data,6/29/2022,10:51:22;858,6080,0.6129,1
Data,6/29/2022,10:51:23;518,6080,0.6788,0
Data,6/29/2022,10:51:24;178,6080,0.6448,0
Data,6/29/2022,10:51:24;838,6080,0.6108,1
Data,6/29/2022,10:51:25;498,6080,0.6768,0
Data,6/29/2022,10:51:26;158,6080,0.6428,0
Data,6/29/2022,10:51:26;818,6080,0.6088,1
Data,6/29/2022,10:51:27;478,6080,0.6748,0
Data,6/29/2022,10:51:28;138,6080,0.6408,0
Data,6/29/2022,10:51:28;798,6080,0.6068,1
Data,6/29/2022,10:51:29;458,6080,0.6728,0
Data,6/29/2022,10:51:30;118,6080,0.6388,0
Data,6/29/2022,10:51:30;778,6080,0.6048,1
Data,6/29/2022,10:51:31;438,6080,0.6708,0
Data,6/29/2022,10:51:32;098,6080,0.6368,0
Data,6/29/2022,10:51:32;758,6080,0.6028,1
Data,6/29/2022,10:51:33;418,6080,0.6688,0
Data,6/29/2022,10:51:34;078,6080,0.6348,0
Data,6/29/2022,10:51:34;738,6080,0.6008,1
Data,6/29/2022,10:51:35;398,6080,0.6668,0
Data,6/29/2022,10:51:36;058,6080,0.6328,0
Data,6/29/2022,10:51:36;718,6080,0.6988,0
Data,6/29/2022,10:51:37;378,6080,0.6648,0
Data,6/29/2022,10:51:38;038,6080,0.6308,0
Data,6/29/2022,10:51:38;698,6080,0.6968,0
Data,6/29/2022,10:51:39;358,6080,0.6628,0
Data,6/29/2022,10:51:40;018,6080,0.6288,0
Data,6/29/2022,10:51:40;678,6080,0.6948,0
Data,6/29/2022,10:51:41;338,6080,0.6607,0
Data,6/29/2022,10:51:41;998,6080,0.6267,0
Data,6/29/2022,10:51:42;658,6080,0.6927,0
Data,6/29/2022,10:51:43;318,6080,0.6587,0
Data,6/29/2022,10:51:43;978,6080,0.6247,0
Data,6/29/2022,10:51:44;638,6080,0.6907,0
Data,6/29/2022,10:51:45;298,6080,0.6567,0
Data,6/29/2022,10:51:45;958,6080,0.6227,0
Data,6/29/2022,10:51:46;618,6080,0.6887,0
Data,6/29/2022,10:51:47;278,6080,0.6547,0
Data,6/29/2022,10:51:47;938,6080,0.6207,0
Data,6/29/2022,10:51:48;598,6080,0.6867,0
Data,6/29/2022,10:51:49;258,6080,0.6527,0
Data,6/29/2022,10:51:49;918,6080,0.6187,1
Data,6/29/2022,10:51:50;578,6080,0.6847,0
Data,6/29/2022,10:51:51;238,6080,0.6507,0
Data,6/29/2022,10:51:51;898,6080,0.6167,1
Data,6/29/2022,10:51:52;558,6080,0.6827,0
Data,6/29/2022,10:51:53;218,6080,0.6487,0
Data,6/29/2022,10:51:53;878,6080,0.6147,1
Data,6/29/2022,10:51:54;538,6080,0.6807,0
Data,6/29/2022,10:51:55;198,6080,0.6467,0
Data,6/29/2022,10:51:55;858,6080,0.6127,1
Data,6/29/2022,10:51:56;518,6080,0.6787,0
Data,6/29/2022,10:51:57;178,6080,0.6448,0
Data,6/29/2022,10:51:57;838,6080,0.6108,1
Data,6/29/2022,10:51:58;498,6080,0.6768,0
Data,6/29/2022,10:51:59;158,6080,0.6428,0
Data,6/29/2022,10:51:59;818,6080,0.6088,1
Data,6/29/2022,10:52:00;478,6080,0.6748,0
Data,6/29/2022,10:52:01;138,6080,0.6407,0
Data,6/29/2022,10:52:01;798,6080,0.6068,1
Data,6/29/2022,10:52:02;458,6080,0.6728,0
Data,6/29/2022,10:52:03;118,6080,0.6388,0
Data,6/29/2022,10:52:03;778,6080,0.6048,1
Data,6/29/2022,10:52:04;438,6080,0.6708,0
Data,6/29/2022,10:52:05;098,6080,0.6368,0
Data,6/29/2022,10:52:05;758,6080,0.6028,1
Data,6/29/2022,10:52:06;418,6080,0.6688,0
Data,6/29/2022,10:52:07;078,6080,0.6348,0
Data,6/29/2022,10:52:07;738,6080,0.6008,1
Data,6/29/2022,10:52:08;398,6080,0.6668,0
Data,6/29/2022,10:52:09;058,6080,0.6328,0
Data,6/29/2022,10:52:09;718,6080,0.6988,0
Data,6/29/2022,10:52:10;378,6080,0.6648,0
Data,6/29/2022,10:52:11;038,6080,0.6308,0
Data,6/29/2022,10:52:11;698,6080,0.6968,0
Data,6/29/2022,10:52:12;358,6080,0.6628,0
Data,6/29/2022,10:52:13;018,6080,0.6288,0
Data,6/29/2022,10:52:13;678,6080,0.6948,0
Data,6/29/2022,10:52:14;338,6080,0.6608,0
Data,6/29/2022,10:52:14;998,6080,0.6268,0
Data,6/29/2022,10:52:15;658,6080,0.6928,0
Data,6/29/2022,10:52:16;318,6080,0.6588,0
Data,6/29/2022,10:52:16;978,6080,0.6248,0
Data,6/29/2022,10:52:17;638,6080,0.6908,0
Data,6/29/2022,10:52:18;298,6080,0.6568,0
Data,6/29/2022,10:52:18;958,6080,0.6228,0
Data,6/29/2022,10:52:19;618,6080,0.6888,0
Data,6/29/2022,10:52:20;278,6080,0.6548,0
Data,6/29/2022,10:52:20;938,6080,0.6208,0
Data,6/29/2022,10:52:21;598,6080,0.6868,0
Data,6/29/2022,10:52:22;258,6080,0.6528,0
Data,6/29/2022,10:52:22;918,6080,0.6188,1
Data,6/29/2022,10:52:23;578,6080,0.6848,0
Data,6/29/2022,10:52:24;238,6080,0.6508,0
Data,6/29/2022,10:52:24;898,6081,0.6168,1
Data,6/29/2022,10:52:25;558,6081,0.6828,0
Data,6/29/2022,10:52:26;218,6081,0.6488,0
Data,6/29/2022,10:52:26;878,6081,0.6148,1
Data,6/29/2022,10:52:27;538,6081,0.6808,0
Data,6/29/2022,10:52:28;198,6081,0.6468,0
Data,6/29/2022,10:52:28;858,6081,0.6128,1
Data,6/29/2022,10:52:29;518,6081,0.6788,0
Data,6/29/2022,10:52:30;178,6081,0.6448,0
Data,6/29/2022,10:52:30;838,6081,0.6108,1
Data,6/29/2022,10:52:31;498,6081,0.6768,0
Data,6/29/2022,10:52:32;158,6081,0.6428,0
Data,6/29/2022,10:52:32;818,6081,0.6088,1
Data,6/29/2022,10:52:33;478,6081,0.6748,0
Data,6/29/2022,10:52:34;138,6081,0.6408,0
Data,6/29/2022,10:52:34;798,6081,0.6068,1
Data,6/29/2022,10:52:35;458,6081,0.6728,0
Data,6/29/2022,10:52:36;118,6081,0.6388,0
Data,6/29/2022,10:52:36;778,6081,0.6048,1
Data,6/29/2022,10:52:37;438,6081,0.6708,0
Data,6/29/2022,10:52:38;098,6081,0.6368,0
Data,6/29/2022,10:52:38;758,6081,0.6028,1
Data,6/29/2022,10:52:39;418,6081,0.6688,0
Data,6/29/2022,10:52:40;078,6081,0.6348,0
Data,6/29/2022,10:52:40;738,6081,0.6008,1
Data,6/29/2022,10:52:41;398,6081,0.6668,0
Data,6/29/2022,10:52:42;058,6081,0.6328,0
Data,6/29/2022,10:52:42;718,6081,0.6988,0
Data,6/29/2022,10:52:43;378,6081,0.6648,0
Data,6/29/2022,10:52:44;038,6081,0.6308,0
Data,6/29/2022,10:52:44;698,6081,0.6968,0
Data,6/29/2022,10:52:45;358,6081,0.6628,0
Data,6/29/2022,10:52:46;018,6081,0.6288,0
Data,6/29/2022,10:52:46;678,6081,0.6949,0
Data,6/29/2022,10:52:47;338,6081,0.6609,0
Data,6/29/2022,10:52:47;998,6081,0.6269,0
Data,6/29/2022,10:52:48;658,6081,0.6929,0
Data,6/29/2022,10:52:49;318,6081,0.6589,0
Data,6/29/2022,10:52:49;978,6081,0.6249,0
Data,6/29/2022,10:52:50;638,6081,0.6909,0
Data,6/29/2022,10:52:51;298,6081,0.6569,0
Data,6/29/2022,10:52:51;958,6081,0.6229,0
Data,6/29/2022,10:52:52;618,6081,0.6889,0
Data,6/29/2022,10:52:53;278,6081,0.6549,0
Data,6/29/2022,10:52:53;938,6081,0.6209,0
Data,6/29/2022,10:52:54;598,6081,0.6869,0
Data,6/29/2022,10:52:55;258,6081,0.6529,0
Data,6/29/2022,10:52:55;918,6081,0.6189,1
Data,6/29/2022,10:52:56;578,6081,0.6849,0
Data,6/29/2022,10:52:57;238,6081,0.6509,0
Data,6/29/2022,10:52:57;898,6081,0.6169,1
Data,6/29/2022,10:52:58;558,6081,0.6829,0
Data,6/29/2022,10:52:59;218,6081,0.6489,0
Data,6/29/2022,10:52:59;878,6081,0.6149,1
Data,6/29/2022,10:53:00;538,6081,0.6809,0
Data,6/29/2022,10:53:01;198,6081,0.6469,0
Data,6/29/2022,10:53:01;858,6081,0.6129,1
Data,6/29/2022,10:53:02;518,6081,0.6789,0
Data,6/29/2022,10:53:03;178,6081,0.6449,0
Data,6/29/2022,10:53:03;838,6081,0.6109,1
Data,6/29/2022,10:53:04;498,6081,0.6769,0
Data,6/29/2022,10:53:05;158,6081,0.6429,0
Data,6/29/2022,10:53:05;818,6081,0.6089,1
Data,6/29/2022,10:53:06;478,6081,0.6749,0
Data,6/29/2022,10:53:07;138,6081,0.6409,0
Data,6/29/2022,10:53:07;798,6081,0.6069,1
Data,6/29/2022,10:53:08;458,6081,0.6729,0
Data,6/29/2022,10:53:09;118,6081,0.6389,0
Data,6/29/2022,10:53:09;778,6081,0.6049,1
Data,6/29/2022,10:53:10;438,6081,0.6709,0
Data,6/29/2022,10:53:11;098,6081,0.6369,0
Data,6/29/2022,10:53:11;758,6081,0.6029,1
Data,6/29/2022,10:53:12;418,6081,0.6689,0
Data,6/29/2022,10:53:13;078,6081,0.6349,0
Data,6/29/2022,10:53:13;738,6081,0.6009,1
Data,6/29/2022,10:53:14;398,6081,0.6669,0
Data,6/29/2022,10:53:15;058,6081,0.6329,0
Data,6/29/2022,10:53:15;718,6081,0.6989,0
Data,6/29/2022,10:53:16;378,6081,0.6649,0
Data,6/29/2022,10:53:17;038,6081,0.6309,0
Data,6/29/2022,10:53:17;698,6081,0.6969,0
Data,6/29/2022,10:53:18;358,6081,0.6629,0
Data,6/29/2022,10:53:19;018,6081,0.6289,0
Data,6/29/2022,10:53:19;678,6081,0.6949,0
Data,6/29/2022,10:53:20;338,6081,0.6609,0
Data,6/29/2022,10:53:20;998,6081,0.6268,0
Data,6/29/2022,10:53:21;658,6081,0.6928,0
Data,6/29/2022,10:53:22;318,6081,0.6588,0
Data,6/29/2022,10:53:22;978,6081,0.6248,0
Data,6/29/2022,10:53:23;638,6081,0.6908,0
Data,6/29/2022,10:53:24;298,6081,0.6568,0
Data,6/29/2022,10:53:24;958,6081,0.6228,0
Data,6/29/2022,10:53:25;618,6081,0.6888,0
Data,6/29/2022,10:53:26;278,6081,0.6548,0
Data,6/29/2022,10:53:26;938,6081,0.6208,0
Data,6/29/2022,10:53:27;598,6081,0.6868,0
Data,6/29/2022,10:53:28;258,6081,0.6528,0
Data,6/29/2022,10:53:28;918,6081,0.6188,1
Data,6/29/2022,10:53:29;578,6081,0.6848,0
Data,6/29/2022,10:53:30;238,6081,0.6508,0
Data,6/29/2022,10:53:30;898,6082,0.6168,1
Data,6/29/2022,10:53:31;558,6082,0.6828,0
Data,6/29/2022,10:53:32;218,6082,0.6488,0
Data,6/29/2022,10:53:32;878,6082,0.6148,1
Data,6/29/2022,10:53:33;538,6082,0.6808,0
Data,6/29/2022,10:53:34;198,6082,0.6468,0
Data,6/29/2022,10:53:34;858,6082,0.6128,1
Data,6/29/2022,10:53:35;518,6082,0.6788,0
Data,6/29/2022,10:53:36;178,6082,0.6448,0
Data,6/29/2022,10:53:36;838,6082,0.6108,1
Data,6/29/2022,10:53:37;498,6082,0.6768,0
Data,6/29/2022,10:53:38;158,6082,0.6428,0
Data,6/29/2022,10:53:38;818,6082,0.6089,1
Data,6/29/2022,10:53:39;478,6082,0.6749,0
Data,6/29/2022,10:53:40;138,6082,0.6409,0
Data,6/29/2022,10:53:40;798,6082,0.6069,1
Data,6/29/2022,10:53:41;458,6082,0.6729,0
Data,6/29/2022,10:53:42;118,6082,0.6389,0
Data,6/29/2022,10:53:42;778,6082,0.6049,1
Data,6/29/2022,10:53:43;438,6082,0.6709,0
Data,6/29/2022,10:53:44;098,6082,0.6369,0
Data,6/29/2022,10:53:44;758,6082,0.6029,1
Data,6/29/2022,10:53:45;418,6082,0.6689,0
Data,6/29/2022,10:53:46;078,6082,0.6349,0
Data,6/29/2022,10:53:46;738,6082,0.6009,1
Data,6/29/2022,10:53:47;398,6082,0.6669,0
Data,6/29/2022,10:53:48;058,6082,0.6329,0
Data,6/29/2022,10:53:48;718,6082,0.6989,0
Data,6/29/2022,10:53:49;378,6082,0.665,0
Data,6/29/2022,10:53:50;038,6082,0.631,0
Data,6/29/2022,10:53:50;698,6082,0.697,0
Data,6/29/2022,10:53:51;358,6082,0.663,0
Data,6/29/2022,10:53:52;018,6082,0.629,0
Data,6/29/2022,10:53:52;678,6082,0.695,0
Data,6/29/2022,10:53:53;338,6082,0.661,0
Data,6/29/2022,10:53:53;998,6082,0.627,0
Data,6/29/2022,10:53:54;658,6082,0.693,0
Data,6/29/2022,10:53:55;318,6082,0.659,0
Data,6/29/2022,10:53:55;978,6082,0.625,0
Data,6/29/2022,10:53:56;638,6082,0.691,0
Data,6/29/2022,10:53:57;298,6082,0.657,0
Data,6/29/2022,10:53:57;958,6082,0.623,0
Data,6/29/2022,10:53:58;618,6082,0.689,0
Data,6/29/2022,10:53:59;278,6082,0.655,0
Data,6/29/2022,10:53:59;938,6082,0.621,0
Data,6/29/2022,10:54:00;598,6082,0.687,0
Data,6/29/2022,10:54:01;258,6082,0.653,0
Data,6/29/2022,10:54:01;918,6082,0.619,1
Data,6/29/2022,10:54:02;578,6082,0.685,0
Data,6/29/2022,10:54:03;238,6082,0.651,0
Data,6/29/2022,10:54:03;898,6082,0.617,1
Data,6/29/2022,10:54:04;558,6082,0.683,0
Data,6/29/2022,10:54:05;218,6082,0.649,0
Data,6/29/2022,10:54:05;878,6082,0.615,1
Data,6/29/2022,10:54:06;538,6082,0.681,0
Data,6/29/2022,10:54:07;198,6082,0.647,0
Data,6/29/2022,10:54:07;858,6082,0.613,1
Data,6/29/2022,10:54:08;518,6082,0.679,0
Data,6/29/2022,10:54:09;178,6082,0.645,0
Data,6/29/2022,10:54:09;838,6082,0.611,1
Data,6/29/2022,10:54:10;498,6082,0.677,0
Data,6/29/2022,10:54:11;158,6082,0.643,0
Data,6/29/2022,10:54:11;818,6082,0.6091,1
Data,6/29/2022,10:54:12;478,6082,0.675,0
Data,6/29/2022,10:54:13;138,6082,0.641,0
Data,6/29/2022,10:54:13;798,6082,0.607,1
Data,6/29/2022,10:54:14;458,6082,0.673,0
Data,6/29/2022,10:54:15;118,6082,0.639,0
Data,6/29/2022,10:54:15;778,6082,0.605,1
Data,6/29/2022,10:54:16;438,6082,0.671,0
Data,6/29/2022,10:54:17;098,6082,0.637,0
Data,6/29/2022,10:54:17;758,6082,0.603,1
Data,6/29/2022,10:54:18;418,6082,0.669,0
Data,6/29/2022,10:54:19;078,6082,0.635,0
Data,6/29/2022,10:54:19;738,6082,0.601,1
Data,6/29/2022,10:54:20;398,6082,0.667,0
Data,6/29/2022,10:54:21;058,6082,0.633,0
Data,6/29/2022,10:54:21;718,6082,0.699,0
Data,6/29/2022,10:54:22;378,6082,0.665,0
Data,6/29/2022,10:54:23;038,6082,0.631,0
Data,6/29/2022,10:54:23;698,6082,0.697,0
Data,6/29/2022,10:54:24;358,6082,0.663,0
Data,6/29/2022,10:54:25;018,6082,0.629,0
Data,6/29/2022,10:54:25;678,6082,0.695,0
Data,6/29/2022,10:54:26;338,6082,0.661,0
Data,6/29/2022,10:54:26;998,6082,0.627,0
Data,6/29/2022,10:54:27;658,6082,0.693,0
Data,6/29/2022,10:54:28;318,6082,0.659,0
Data,6/29/2022,10:54:28;978,6082,0.625,0
Data,6/29/2022,10:54:29;638,6082,0.691,0
Data,6/29/2022,10:54:30;298,6082,0.657,0
Data,6/29/2022,10:54:30;958,6082,0.623,0
Data,6/29/2022,10:54:31;618,6082,0.689,0
Data,6/29/2022,10:54:32;278,6082,0.655,0
Data,6/29/2022,10:54:32;938,6082,0.621,0
Data,6/29/2022,10:54:33;598,6082,0.687,0
Data,6/29/2022,10:54:34;258,6082,0.653,0
Data,6/29/2022,10:54:34;918,6082,0.619,1
Data,6/29/2022,10:54:35;578,6082,0.685,0
Data,6/29/2022,10:54:36;238,6082,0.651,0
Data,6/29/2022,10:54:36;898,6083,0.617,1
Data,6/29/2022,10:54:37;558,6083,0.683,0
Data,6/29/2022,10:54:38;218,6083,0.649,0
Data,6/29/2022,10:54:38;878,6083,0.615,1
Data,6/29/2022,10:54:39;538,6083,0.681,0
Data,6/29/2022,10:54:40;198,6083,0.647,0
Data,6/29/2022,10:54:40;858,6083,0.613,1
Data,6/29/2022,10:54:41;518,6083,0.679,0
Data,6/29/2022,10:54:42;178,6083,0.645,0
Data,6/29/2022,10:54:42;838,6083,0.611,1
Data,6/29/2022,10:54:43;498,6083,0.677,0
Data,6/29/2022,10:54:44;158,6083,0.643,0
Data,6/29/2022,10:54:44;818,6083,0.609,1
Data,6/29/2022,10:54:45;478,6083,0.6751,0
Data,6/29/2022,10:54:46;138,6083,0.6411,0
Data,6/29/2022,10:54:46;798,6083,0.6071,1
Data,6/29/2022,10:54:47;458,6083,0.6731,0
Data,6/29/2022,10:54:48;118,6083,0.6392,0
Data,6/29/2022,10:54:48;778,6083,0.6051,1
Data,6/29/2022,10:54:49;438,6083,0.6711,0
Data,6/29/2022,10:54:50;098,6083,0.6371,0
Data,6/29/2022,10:54:50;758,6083,0.6031,1
Data,6/29/2022,10:54:51;418,6083,0.6691,0
Data,6/29/2022,10:54:52;078,6083,0.6351,0
Data,6/29/2022,10:54:52;738,6083,0.6011,1
Data,6/29/2022,10:54:53;398,6083,0.6671,0
Data,6/29/2022,10:54:54;058,6083,0.6331,0
Data,6/29/2022,10:54:54;718,6083,0.6991,0
Data,6/29/2022,10:54:55;378,6083,0.6651,0
Data,6/29/2022,10:54:56;038,6083,0.6311,0
Data,6/29/2022,10:54:56;698,6083,0.6972,0
Data,6/29/2022,10:54:57;358,6083,0.6632,0
Data,6/29/2022,10:54:58;018,6083,0.6292,0
Data,6/29/2022,10:54:58;678,6083,0.6952,0
Data,6/29/2022,10:54:59;338,6083,0.6612,0
Data,6/29/2022,10:54:59;998,6083,0.6272,0
Data,6/29/2022,10:55:00;658,6083,0.6932,0
Data,6/29/2022,10:55:01;318,6083,0.6592,0
Data,6/29/2022,10:55:01;978,6083,0.6252,0
Data,6/29/2022,10:55:02;638,6083,0.6912,0
Data,6/29/2022,10:55:03;298,6083,0.6572,0
Data,6/29/2022,10:55:03;958,6083,0.6232,0
Data,6/29/2022,10:55:04;618,6083,0.6892,0
Data,6/29/2022,10:55:05;278,6083,0.6552,0
Data,6/29/2022,10:55:05;938,6083,0.6212,0
Data,6/29/2022,10:55:06;598,6083,0.6872,0
Data,6/29/2022,10:55:07;258,6083,0.6532,0
Data,6/29/2022,10:55:07;918,6083,0.6192,1
Data,6/29/2022,10:55:08;578,6083,0.6852,0
Data,6/29/2022,10:55:09;238,6083,0.6512,0
Data,6/29/2022,10:55:09;898,6083,0.6172,1
Data,6/29/2022,10:55:10;558,6083,0.6832,0
Data,6/29/2022,10:55:11;218,6083,0.6492,0
Data,6/29/2022,10:55:11;878,6083,0.6152,1
Data,6/29/2022,10:55:12;538,6083,0.6812,0
Data,6/29/2022,10:55:13;198,6083,0.6472,0
Data,6/29/2022,10:55:13;858,6083,0.6132,1
Data,6/29/2022,10:55:14;518,6083,0.6792,0
Data,6/29/2022,10:55:15;178,6083,0.6452,0
Data,6/29/2022,10:55:15;838,6083,0.6111,1
Data,6/29/2022,10:55:16;498,6083,0.6772,0
Data,6/29/2022,10:55:17;158,6083,0.6432,0
Data,6/29/2022,10:55:17;818,6083,0.6092,1
Data,6/29/2022,10:55:18;478,6083,0.6752,0
Data,6/29/2022,10:55:19;138,6083,0.6412,0
Data,6/29/2022,10:55:19;798,6083,0.6072,1
Data,6/29/2022,10:55:20;458,6083,0.6732,0
Data,6/29/2022,10:55:21;118,6083,0.6392,0
Data,6/29/2022,10:55:21;778,6083,0.6052,1
Data,6/29/2022,10:55:22;438,6083,0.6712,0
Data,6/29/2022,10:55:23;098,6083,0.6372,0
Data,6/29/2022,10:55:23;758,6083,0.6032,1
Data,6/29/2022,10:55:24;418,6083,0.6692,0
Data,6/29/2022,10:55:25;078,6083,0.6352,0
Data,6/29/2022,10:55:25;738,6083,0.6012,1
Data,6/29/2022,10:55:26;398,6083,0.6672,0
Data,6/29/2022,10:55:27;058,6083,0.6332,0
Data,6/29/2022,10:55:27;718,6083,0.6992,0
Data,6/29/2022,10:55:28;378,6083,0.6652,0
Data,6/29/2022,10:55:29;038,6083,0.6312,0
Data,6/29/2022,10:55:29;698,6083,0.6972,0
Data,6/29/2022,10:55:30;358,6083,0.6632,0
Data,6/29/2022,10:55:31;018,6083,0.6292,0
Data,6/29/2022,10:55:31;678,6083,0.6952,0
Data,6/29/2022,10:55:32;338,6083,0.6612,0
Data,6/29/2022,10:55:32;998,6083,0.6272,0
Data,6/29/2022,10:55:33;658,6083,0.6932,0
Data,6/29/2022,10:55:34;318,6083,0.6592,0
Data,6/29/2022,10:55:34;978,6083,0.6252,0
Data,6/29/2022,10:55:35;638,6083,0.6912,0
Data,6/29/2022,10:55:36;298,6083,0.6572,0
Data,6/29/2022,10:55:36;958,6083,0.6232,0
Data,6/29/2022,10:55:37;618,6083,0.6892,0
Data,6/29/2022,10:55:38;278,6083,0.6552,0
Data,6/29/2022,10:55:38;938,6083,0.6212,0
Data,6/29/2022,10:55:39;598,6083,0.6872,0
Data,6/29/2022,10:55:40;258,6083,0.6532,0
Data,6/29/2022,10:55:40;918,6083,0.6192,1
Data,6/29/2022,10:55:41;578,6083,0.6852,0
Data,6/29/2022,10:55:42;238,6083,0.6512,0
Data,6/29/2022,10:55:42;898,6084,0.6172,1
Data,6/29/2022,10:55:43;558,6084,0.6832,0
Data,6/29/2022,10:55:44;218,6084,0.6492,0
Data,6/29/2022,10:55:44;878,6084,0.6152,1
Data,6/29/2022,10:55:45;538,6084,0.6812,0
Data,6/29/2022,10:55:46;198,6084,0.6472,0
Data,6/29/2022,10:55:46;858,6084,0.6132,1
Data,6/29/2022,10:55:47;518,6084,0.6792,0
Data,6/29/2022,10:55:48;178,6084,0.6452,0
Data,6/29/2022,10:55:48;838,6084,0.6112,1
Data,6/29/2022,10:55:49;498,6084,0.6772,0
Data,6/29/2022,10:55:50;158,6084,0.6432,0
Data,6/29/2022,10:55:50;818,6084,0.6092,1
Data,6/29/2022,10:55:51;478,6084,0.6752,0
Data,6/29/2022,10:55:52;138,6084,0.6413,0
Data,6/29/2022,10:55:52;798,6084,0.6073,1
Data,6/29/2022,10:55:53;458,6084,0.6733,0
Data,6/29/2022,10:55:54;118,6084,0.6393,0
Data,6/29/2022,10:55:54;778,6084,0.6053,1
Data,6/29/2022,10:55:55;438,6084,0.6713,0
Data,6/29/2022,10:55:56;098,6084,0.6373,0
Data,6/29/2022,10:55:56;758,6084,0.6033,1
Data,6/29/2022,10:55:57;418,6084,0.6693,0
Data,6/29/2022,10:55:58;078,6084,0.6353,0
Data,6/29/2022,10:55:58;738,6084,0.6013,1
Data,6/29/2022,10:55:59;398,6084,0.6673,0
Data,6/29/2022,10:56:00;058,6084,0.6333,0
Data,6/29/2022,10:56:00;718,6084,0.6993,0
Data,6/29/2022,10:56:01;378,6084,0.6653,0
Data,6/29/2022,10:56:02;038,6084,0.6313,0
Data,6/29/2022,10:56:02;698,6084,0.6973,0
Data,6/29/2022,10:56:03;358,6084,0.6633,0
Data,6/29/2022,10:56:04;018,6084,0.6293,0
Data,6/29/2022,10:56:04;678,6084,0.6953,0
Data,6/29/2022,10:56:05;338,6084,0.6613,0
Data,6/29/2022,10:56:05;998,6084,0.6273,0
Data,6/29/2022,10:56:06;658,6084,0.6933,0
Data,6/29/2022,10:56:07;318,6084,0.6593,0
Data,6/29/2022,10:56:07;978,6084,0.6253,0
Data,6/29/2022,10:56:08;638,6084,0.6913,0
Data,6/29/2022,10:56:09;298,6084,0.6573,0
Data,6/29/2022,10:56:09;958,6084,0.6233,0
Data,6/29/2022,10:56:10;618,6084,0.6893,0
Data,6/29/2022,10:56:11;278,6084,0.6553,0
Data,6/29/2022,10:56:11;938,6084,0.6213,0
Data,6/29/2022,10:56:12;598,6084,0.6873,0
Data,6/29/2022,10:56:13;258,6084,0.6533,0
Data,6/29/2022,10:56:13;918,6084,0.6193,1
Data,6/29/2022,10:56:14;578,6084,0.6853,0
Data,6/29/2022,10:56:15;238,6084,0.6513,0
Data,6/29/2022,10:56:15;898,6084,0.6173,1
Data,6/29/2022,10:56:16;558,6084,0.6833,0
Data,6/29/2022,10:56:17;218,6084,0.6493,0
Data,6/29/2022,10:56:17;878,6084,0.6153,1
Data,6/29/2022,10:56:18;538,6084,0.6813,0
Data,6/29/2022,10:56:19;198,6084,0.6473,0
Data,6/29/2022,10:56:19;858,6084,0.6133,1
Data,6/29/2022,10:56:20;518,6084,0.6793,0
Data,6/29/2022,10:56:21;178,6084,0.6453,0
Data,6/29/2022,10:56:21;838,6084,0.6113,1
Data,6/29/2022,10:56:22;498,6084,0.6773,0
Data,6/29/2022,10:56:23;158,6084,0.6433,0
Data,6/29/2022,10:56:23;818,6084,0.6093,1
Data,6/29/2022,10:56:24;478,6084,0.6753,0
Data,6/29/2022,10:56:25;138,6084,0.6413,0
Data,6/29/2022,10:56:25;798,6084,0.6073,1
Data,6/29/2022,10:56:26;458,6084,0.6733,0
Data,6/29/2022,10:56:27;118,6084,0.6393,0
Data,6/29/2022,10:56:27;778,6084,0.6053,1
Data,6/29/2022,10:56:28;438,6084,0.6713,0
Data,6/29/2022,10:56:29;098,6084,0.6373,0
Data,6/29/2022,10:56:29;758,6084,0.6033,1
Data,6/29/2022,10:56:30;418,6084,0.6693,0
Data,6/29/2022,10:56:31;078,6084,0.6353,0
Data,6/29/2022,10:56:31;738,6084,0.6013,1
Data,6/29/2022,10:56:32;398,6084,0.6673,0
Data,6/29/2022,10:56:33;058,6084,0.6333,0
Data,6/29/2022,10:56:33;718,6084,0.6993,0
Data,6/29/2022,10:56:34;378,6084,0.6653,0
Data,6/29/2022,10:56:35;038,6084,0.6313,0
Data,6/29/2022,10:56:35;698,6084,0.6973,0
Data,6/29/2022,10:56:36;358,6084,0.6633,0
Data,6/29/2022,10:56:37;018,6084,0.6293,0
Data,6/29/2022,10:56:37;678,6084,0.6953,0
Data,6/29/2022,10:56:38;338,6084,0.6613,0
Data,6/29/2022,10:56:38;998,6084,0.6273,0
Data,6/29/2022,10:56:39;658,6084,0.6933,0
Data,6/29/2022,10:56:40;318,6084,0.6593,0
Data,6/29/2022,10:56:40;978,6084,0.6253,0
Data,6/29/2022,10:56:41;638,6084,0.6913,0
Data,6/29/2022,10:56:42;298,6084,0.6573,0
Data,6/29/2022,10:56:42;958,6084,0.6233,0
Data,6/29/2022,10:56:43;618,6084,0.6893,0
Data,6/29/2022,10:56:44;278,6084,0.6553,0
Data,6/29/2022,10:56:44;938,6084,0.6213,0
Data,6/29/2022,10:56:45;598,6084,0.6873,0
Data,6/29/2022,10:56:46;258,6084,0.6533,0
Data,6/29/2022,10:56:46;918,6084,0.6193,1
Data,6/29/2022,10:56:47;578,6084,0.6853,0
Data,6/29/2022,10:56:48;238,6084,0.6513,0
Data,6/29/2022,10:56:48;898,6085,0.6173,1
Data,6/29/2022,10:56:49;558,6085,0.6833,0
Data,6/29/2022,10:56:50;218,6085,0.6493,0
Data,6/29/2022,10:56:50;878,6085,0.6153,1
Data,6/29/2022,10:56:51;538,6085,0.6813,0
Data,6/29/2022,10:56:52;198,6085,0.6473,0
Data,6/29/2022,10:56:52;858,6085,0.6133,1
Data,6/29/2022,10:56:53;518,6085,0.6793,0
