Controller Name:,"GernBlensten886083184"
Trend Name:,"BottleMaker"
Trend Tags:,"3"
Sample Period:,"660" ms
Description:,""
Start Trigger:,No Trigger

Stop Trigger:,No Trigger

Start Time:,6/29/2022,10:46:15;298
Stop Time:,6/29/2022,10:56:53;518
Pre-Samples:,"0"
Post-Samples:,"0"
Header:,Date,Time,"Program:MainProgram\BottleLotNumberCounter.ACC","Program:MainProgram\BottleWeight","Program:MainProgram\BottleWeightReject"
Data,6/29/2022,10:46:15;298,"6075","0.656700","0"
Data,6/29/2022,10:46:15;958,"6075","0.622700","0"
Data,6/29/2022,10:46:16;618,"6075","0.688700","0"
Data,6/29/2022,10:46:17;278,"6075","0.654700","0"
Data,6/29/2022,10:46:17;938,"6075","0.620700","0"
Data,6/29/2022,10:46:18;598,"6075","0.686700","0"
Data,6/29/2022,10:46:19;258,"6075","0.652700","0"
Data,6/29/2022,10:46:19;918,"6075","0.618700","1"
Data,6/29/2022,10:46:20;578,"6075","0.684700","0"
Data,6/29/2022,10:46:21;238,"6075","0.650700","0"
Data,6/29/2022,10:46:21;898,"6075","0.616700","1"
Data,6/29/2022,10:46:22;558,"6075","0.682700","0"
Data,6/29/2022,10:46:23;218,"6075","0.648700","0"
Data,6/29/2022,10:46:23;878,"6075","0.614700","1"
Data,6/29/2022,10:46:24;538,"6075","0.680700","0"
Data,6/29/2022,10:46:25;198,"6075","0.646700","0"
Data,6/29/2022,10:46:25;858,"6075","0.612700","1"
Data,6/29/2022,10:46:26;518,"6075","0.678700","0"
Data,6/29/2022,10:46:27;178,"6075","0.644700","0"
Data,6/29/2022,10:46:27;838,"6075","0.610700","1"
Data,6/29/2022,10:46:28;498,"6075","0.676700","0"
Data,6/29/2022,10:46:29;158,"6075","0.642700","0"
Data,6/29/2022,10:46:29;818,"6075","0.608700","1"
Data,6/29/2022,10:46:30;478,"6075","0.674700","0"
Data,6/29/2022,10:46:31;138,"6075","0.640700","0"
Data,6/29/2022,10:46:31;798,"6075","0.606700","1"
Data,6/29/2022,10:46:32;458,"6075","0.672700","0"
Data,6/29/2022,10:46:33;118,"6075","0.638700","0"
Data,6/29/2022,10:46:33;778,"6075","0.604700","1"
Data,6/29/2022,10:46:34;438,"6075","0.670700","0"
Data,6/29/2022,10:46:35;098,"6075","0.636700","0"
Data,6/29/2022,10:46:35;758,"6075","0.602600","1"
Data,6/29/2022,10:46:36;418,"6075","0.668600","0"
Data,6/29/2022,10:46:37;078,"6075","0.634600","0"
Data,6/29/2022,10:46:37;738,"6075","0.600600","1"
Data,6/29/2022,10:46:38;398,"6075","0.666600","0"
Data,6/29/2022,10:46:39;058,"6075","0.632600","0"
Data,6/29/2022,10:46:39;718,"6075","0.698600","0"
Data,6/29/2022,10:46:40;378,"6075","0.664600","0"
Data,6/29/2022,10:46:41;038,"6075","0.630600","0"
Data,6/29/2022,10:46:41;698,"6075","0.696600","0"
Data,6/29/2022,10:46:42;358,"6075","0.662600","0"
Data,6/29/2022,10:46:43;018,"6075","0.628600","0"
Data,6/29/2022,10:46:43;678,"6075","0.694600","0"
Data,6/29/2022,10:46:44;338,"6075","0.660600","0"
Data,6/29/2022,10:46:44;998,"6075","0.626600","0"
Data,6/29/2022,10:46:45;658,"6075","0.692600","0"
Data,6/29/2022,10:46:46;318,"6075","0.658600","0"
Data,6/29/2022,10:46:46;978,"6075","0.624600","0"
Data,6/29/2022,10:46:47;638,"6075","0.690600","0"
Data,6/29/2022,10:46:48;298,"6075","0.656600","0"
Data,6/29/2022,10:46:48;958,"6075","0.622600","0"
Data,6/29/2022,10:46:49;618,"6075","0.688600","0"
Data,6/29/2022,10:46:50;278,"6075","0.654600","0"
Data,6/29/2022,10:46:50;938,"6075","0.620600","0"
Data,6/29/2022,10:46:51;598,"6075","0.686600","0"
Data,6/29/2022,10:46:52;258,"6075","0.652600","0"
Data,6/29/2022,10:46:52;918,"6075","0.618600","1"
Data,6/29/2022,10:46:53;578,"6075","0.684600","0"
Data,6/29/2022,10:46:54;238,"6075","0.650600","0"
Data,6/29/2022,10:46:54;898,"6076","0.616600","1"
Data,6/29/2022,10:46:55;558,"6076","0.682600","0"
Data,6/29/2022,10:46:56;218,"6076","0.648600","0"
Data,6/29/2022,10:46:56;878,"6076","0.614600","1"
Data,6/29/2022,10:46:57;538,"6076","0.680600","0"
Data,6/29/2022,10:46:58;198,"6076","0.646600","0"
Data,6/29/2022,10:46:58;858,"6076","0.612600","1"
Data,6/29/2022,10:46:59;518,"6076","0.678600","0"
Data,6/29/2022,10:47:00;178,"6076","0.644600","0"
Data,6/29/2022,10:47:00;838,"6076","0.610600","1"
Data,6/29/2022,10:47:01;498,"6076","0.676600","0"
Data,6/29/2022,10:47:02;158,"6076","0.642600","0"
Data,6/29/2022,10:47:02;818,"6076","0.608600","1"
Data,6/29/2022,10:47:03;478,"6076","0.674600","0"
Data,6/29/2022,10:47:04;138,"6076","0.640600","0"
Data,6/29/2022,10:47:04;798,"6076","0.606600","1"
Data,6/29/2022,10:47:05;458,"6076","0.672600","0"
Data,6/29/2022,10:47:06;118,"6076","0.638600","0"
Data,6/29/2022,10:47:06;778,"6076","0.604600","1"
Data,6/29/2022,10:47:07;438,"6076","0.670600","0"
Data,6/29/2022,10:47:08;098,"6076","0.636600","0"
Data,6/29/2022,10:47:08;758,"6076","0.602600","1"
Data,6/29/2022,10:47:09;418,"6076","0.668600","0"
Data,6/29/2022,10:47:10;078,"6076","0.634600","0"
Data,6/29/2022,10:47:10;738,"6076","0.600600","1"
Data,6/29/2022,10:47:11;398,"6076","0.666600","0"
Data,6/29/2022,10:47:12;058,"6076","0.632600","0"
Data,6/29/2022,10:47:12;718,"6076","0.698600","0"
Data,6/29/2022,10:47:13;378,"6076","0.664600","0"
Data,6/29/2022,10:47:14;038,"6076","0.630600","0"
Data,6/29/2022,10:47:14;698,"6076","0.696600","0"
Data,6/29/2022,10:47:15;358,"6076","0.662600","0"
Data,6/29/2022,10:47:16;018,"6076","0.628600","0"
Data,6/29/2022,10:47:16;678,"6076","0.694600","0"
Data,6/29/2022,10:47:17;338,"6076","0.660600","0"
Data,6/29/2022,10:47:17;998,"6076","0.626600","0"
Data,6/29/2022,10:47:18;658,"6076","0.692600","0"
Data,6/29/2022,10:47:19;318,"6076","0.658600","0"
Data,6/29/2022,10:47:19;978,"6076","0.624600","0"
Data,6/29/2022,10:47:20;638,"6076","0.690600","0"
Data,6/29/2022,10:47:21;298,"6076","0.656500","0"
Data,6/29/2022,10:47:21;958,"6076","0.622600","0"
Data,6/29/2022,10:47:22;618,"6076","0.688600","0"
Data,6/29/2022,10:47:23;278,"6076","0.654600","0"
Data,6/29/2022,10:47:23;938,"6076","0.620600","0"
Data,6/29/2022,10:47:24;598,"6076","0.686600","0"
Data,6/29/2022,10:47:25;258,"6076","0.652600","0"
Data,6/29/2022,10:47:25;918,"6076","0.618600","1"
Data,6/29/2022,10:47:26;578,"6076","0.684600","0"
Data,6/29/2022,10:47:27;238,"6076","0.650600","0"
Data,6/29/2022,10:47:27;898,"6076","0.616600","1"
Data,6/29/2022,10:47:28;558,"6076","0.682600","0"
Data,6/29/2022,10:47:29;218,"6076","0.648600","0"
Data,6/29/2022,10:47:29;878,"6076","0.614600","1"
Data,6/29/2022,10:47:30;538,"6076","0.680600","0"
Data,6/29/2022,10:47:31;198,"6076","0.646600","0"
Data,6/29/2022,10:47:31;858,"6076","0.612600","1"
Data,6/29/2022,10:47:32;518,"6076","0.678600","0"
Data,6/29/2022,10:47:33;178,"6076","0.644600","0"
Data,6/29/2022,10:47:33;838,"6076","0.610600","1"
Data,6/29/2022,10:47:34;498,"6076","0.676600","0"
Data,6/29/2022,10:47:35;158,"6076","0.642600","0"
Data,6/29/2022,10:47:35;818,"6076","0.608600","1"
Data,6/29/2022,10:47:36;478,"6076","0.674600","0"
Data,6/29/2022,10:47:37;138,"6076","0.640600","0"
Data,6/29/2022,10:47:37;798,"6076","0.606600","1"
Data,6/29/2022,10:47:38;458,"6076","0.672600","0"
Data,6/29/2022,10:47:39;118,"6076","0.638700","0"
Data,6/29/2022,10:47:39;778,"6076","0.604700","1"
Data,6/29/2022,10:47:40;438,"6076","0.670700","0"
Data,6/29/2022,10:47:41;098,"6076","0.636700","0"
Data,6/29/2022,10:47:41;758,"6076","0.602700","1"
Data,6/29/2022,10:47:42;418,"6076","0.668700","0"
Data,6/29/2022,10:47:43;078,"6076","0.634700","0"
Data,6/29/2022,10:47:43;738,"6076","0.600700","1"
Data,6/29/2022,10:47:44;398,"6076","0.666700","0"
Data,6/29/2022,10:47:45;058,"6076","0.632700","0"
Data,6/29/2022,10:47:45;718,"6076","0.698700","0"
Data,6/29/2022,10:47:46;378,"6076","0.664700","0"
Data,6/29/2022,10:47:47;038,"6076","0.630700","0"
Data,6/29/2022,10:47:47;698,"6076","0.696700","0"
Data,6/29/2022,10:47:48;358,"6076","0.662700","0"
Data,6/29/2022,10:47:49;018,"6076","0.628700","0"
Data,6/29/2022,10:47:49;678,"6076","0.694700","0"
Data,6/29/2022,10:47:50;338,"6076","0.660700","0"
Data,6/29/2022,10:47:50;998,"6076","0.626700","0"
Data,6/29/2022,10:47:51;658,"6076","0.692700","0"
Data,6/29/2022,10:47:52;318,"6076","0.658700","0"
Data,6/29/2022,10:47:52;978,"6076","0.624700","0"
Data,6/29/2022,10:47:53;638,"6076","0.690700","0"
Data,6/29/2022,10:47:54;298,"6076","0.656700","0"
Data,6/29/2022,10:47:54;958,"6076","0.622700","0"
Data,6/29/2022,10:47:55;618,"6076","0.688700","0"
Data,6/29/2022,10:47:56;278,"6076","0.654700","0"
Data,6/29/2022,10:47:56;938,"6076","0.620700","0"
Data,6/29/2022,10:47:57;598,"6076","0.686700","0"
Data,6/29/2022,10:47:58;258,"6076","0.652700","0"
Data,6/29/2022,10:47:58;918,"6076","0.618700","1"
Data,6/29/2022,10:47:59;578,"6076","0.684700","0"
Data,6/29/2022,10:48:00;238,"6076","0.650700","0"
Data,6/29/2022,10:48:00;898,"6077","0.616700","1"
Data,6/29/2022,10:48:01;558,"6077","0.682700","0"
Data,6/29/2022,10:48:02;218,"6077","0.648700","0"
Data,6/29/2022,10:48:02;878,"6077","0.614700","1"
Data,6/29/2022,10:48:03;538,"6077","0.680700","0"
Data,6/29/2022,10:48:04;198,"6077","0.646700","0"
Data,6/29/2022,10:48:04;858,"6077","0.612700","1"
Data,6/29/2022,10:48:05;518,"6077","0.678700","0"
Data,6/29/2022,10:48:06;178,"6077","0.644700","0"
Data,6/29/2022,10:48:06;838,"6077","0.610700","1"
Data,6/29/2022,10:48:07;498,"6077","0.676700","0"
Data,6/29/2022,10:48:08;158,"6077","0.642700","0"
Data,6/29/2022,10:48:08;818,"6077","0.608700","1"
Data,6/29/2022,10:48:09;478,"6077","0.674700","0"
Data,6/29/2022,10:48:10;138,"6077","0.640700","0"
Data,6/29/2022,10:48:10;798,"6077","0.606700","1"
Data,6/29/2022,10:48:11;458,"6077","0.672700","0"
Data,6/29/2022,10:48:12;118,"6077","0.638700","0"
Data,6/29/2022,10:48:12;778,"6077","0.604700","1"
Data,6/29/2022,10:48:13;438,"6077","0.670700","0"
Data,6/29/2022,10:48:14;098,"6077","0.636700","0"
Data,6/29/2022,10:48:14;758,"6077","0.602700","1"
Data,6/29/2022,10:48:15;418,"6077","0.668700","0"
Data,6/29/2022,10:48:16;078,"6077","0.634700","0"
Data,6/29/2022,10:48:16;738,"6077","0.600700","1"
Data,6/29/2022,10:48:17;398,"6077","0.666700","0"
Data,6/29/2022,10:48:18;058,"6077","0.632700","0"
Data,6/29/2022,10:48:18;718,"6077","0.698700","0"
Data,6/29/2022,10:48:19;378,"6077","0.664700","0"
Data,6/29/2022,10:48:20;038,"6077","0.630700","0"
Data,6/29/2022,10:48:20;698,"6077","0.696700","0"
Data,6/29/2022,10:48:21;358,"6077","0.662700","0"
Data,6/29/2022,10:48:22;018,"6077","0.628700","0"
Data,6/29/2022,10:48:22;678,"6077","0.694700","0"
Data,6/29/2022,10:48:23;338,"6077","0.660700","0"
Data,6/29/2022,10:48:23;998,"6077","0.626700","0"
Data,6/29/2022,10:48:24;658,"6077","0.692700","0"
Data,6/29/2022,10:48:25;318,"6077","0.658700","0"
Data,6/29/2022,10:48:25;978,"6077","0.624700","0"
Data,6/29/2022,10:48:26;638,"6077","0.690700","0"
Data,6/29/2022,10:48:27;298,"6077","0.656800","0"
Data,6/29/2022,10:48:27;958,"6077","0.622800","0"
Data,6/29/2022,10:48:28;618,"6077","0.688800","0"
Data,6/29/2022,10:48:29;278,"6077","0.654800","0"
Data,6/29/2022,10:48:29;938,"6077","0.620800","0"
Data,6/29/2022,10:48:30;598,"6077","0.686800","0"
Data,6/29/2022,10:48:31;258,"6077","0.652800","0"
Data,6/29/2022,10:48:31;918,"6077","0.618800","1"
Data,6/29/2022,10:48:32;578,"6077","0.684800","0"
Data,6/29/2022,10:48:33;238,"6077","0.650800","0"
Data,6/29/2022,10:48:33;898,"6077","0.616800","1"
Data,6/29/2022,10:48:34;558,"6077","0.682800","0"
Data,6/29/2022,10:48:35;218,"6077","0.648800","0"
Data,6/29/2022,10:48:35;878,"6077","0.614800","1"
Data,6/29/2022,10:48:36;538,"6077","0.680800","0"
Data,6/29/2022,10:48:37;198,"6077","0.646800","0"
Data,6/29/2022,10:48:37;858,"6077","0.612800","1"
Data,6/29/2022,10:48:38;518,"6077","0.678800","0"
Data,6/29/2022,10:48:39;178,"6077","0.644800","0"
Data,6/29/2022,10:48:39;838,"6077","0.610800","1"
Data,6/29/2022,10:48:40;498,"6077","0.676800","0"
Data,6/29/2022,10:48:41;158,"6077","0.642800","0"
Data,6/29/2022,10:48:41;818,"6077","0.608800","1"
Data,6/29/2022,10:48:42;478,"6077","0.674800","0"
Data,6/29/2022,10:48:43;138,"6077","0.640900","0"
Data,6/29/2022,10:48:43;798,"6077","0.606900","1"
Data,6/29/2022,10:48:44;458,"6077","0.672900","0"
Data,6/29/2022,10:48:45;118,"6077","0.638900","0"
Data,6/29/2022,10:48:45;778,"6077","0.604900","1"
Data,6/29/2022,10:48:46;438,"6077","0.670900","0"
Data,6/29/2022,10:48:47;098,"6077","0.636900","0"
Data,6/29/2022,10:48:47;758,"6077","0.602900","1"
Data,6/29/2022,10:48:48;418,"6077","0.668900","0"
Data,6/29/2022,10:48:49;078,"6077","0.634900","0"
Data,6/29/2022,10:48:49;738,"6077","0.600900","1"
Data,6/29/2022,10:48:50;398,"6077","0.666900","0"
Data,6/29/2022,10:48:51;058,"6077","0.632900","0"
Data,6/29/2022,10:48:51;718,"6077","0.698900","0"
Data,6/29/2022,10:48:52;378,"6077","0.664900","0"
Data,6/29/2022,10:48:53;038,"6077","0.630900","0"
Data,6/29/2022,10:48:53;698,"6077","0.696900","0"
Data,6/29/2022,10:48:54;358,"6077","0.662900","0"
Data,6/29/2022,10:48:55;018,"6077","0.628900","0"
Data,6/29/2022,10:48:55;678,"6077","0.694900","0"
Data,6/29/2022,10:48:56;338,"6077","0.660900","0"
Data,6/29/2022,10:48:56;998,"6077","0.626900","0"
Data,6/29/2022,10:48:57;658,"6077","0.692900","0"
Data,6/29/2022,10:48:58;318,"6077","0.658900","0"
Data,6/29/2022,10:48:58;978,"6077","0.624900","0"
Data,6/29/2022,10:48:59;638,"6077","0.690900","0"
Data,6/29/2022,10:49:00;298,"6077","0.656900","0"
Data,6/29/2022,10:49:00;958,"6077","0.622900","0"
Data,6/29/2022,10:49:01;618,"6077","0.688900","0"
Data,6/29/2022,10:49:02;278,"6077","0.654900","0"
Data,6/29/2022,10:49:02;938,"6077","0.620900","0"
Data,6/29/2022,10:49:03;598,"6077","0.686900","0"
Data,6/29/2022,10:49:04;258,"6077","0.652900","0"
Data,6/29/2022,10:49:04;918,"6077","0.618900","1"
Data,6/29/2022,10:49:05;578,"6077","0.684900","0"
Data,6/29/2022,10:49:06;238,"6077","0.650900","0"
Data,6/29/2022,10:49:06;898,"6078","0.616900","1"
Data,6/29/2022,10:49:07;558,"6078","0.682900","0"
Data,6/29/2022,10:49:08;218,"6078","0.648900","0"
Data,6/29/2022,10:49:08;878,"6078","0.614900","1"
Data,6/29/2022,10:49:09;538,"6078","0.680900","0"
Data,6/29/2022,10:49:10;198,"6078","0.646900","0"
Data,6/29/2022,10:49:10;858,"6078","0.612900","1"
Data,6/29/2022,10:49:11;518,"6078","0.678900","0"
Data,6/29/2022,10:49:12;178,"6078","0.644900","0"
Data,6/29/2022,10:49:12;838,"6078","0.610900","1"
Data,6/29/2022,10:49:13;498,"6078","0.676900","0"
Data,6/29/2022,10:49:14;158,"6078","0.642900","0"
Data,6/29/2022,10:49:14;818,"6078","0.608900","1"
Data,6/29/2022,10:49:15;478,"6078","0.674900","0"
Data,6/29/2022,10:49:16;138,"6078","0.640900","0"
Data,6/29/2022,10:49:16;798,"6078","0.606900","1"
Data,6/29/2022,10:49:17;458,"6078","0.672900","0"
Data,6/29/2022,10:49:18;118,"6078","0.638900","0"
Data,6/29/2022,10:49:18;778,"6078","0.604900","1"
Data,6/29/2022,10:49:19;438,"6078","0.670900","0"
Data,6/29/2022,10:49:20;098,"6078","0.636900","0"
Data,6/29/2022,10:49:20;758,"6078","0.602900","1"
Data,6/29/2022,10:49:21;418,"6078","0.668900","0"
Data,6/29/2022,10:49:22;078,"6078","0.634900","0"
Data,6/29/2022,10:49:22;738,"6078","0.600900","1"
Data,6/29/2022,10:49:23;398,"6078","0.666900","0"
Data,6/29/2022,10:49:24;058,"6078","0.632900","0"
Data,6/29/2022,10:49:24;718,"6078","0.698900","0"
Data,6/29/2022,10:49:25;378,"6078","0.664900","0"
Data,6/29/2022,10:49:26;038,"6078","0.630900","0"
Data,6/29/2022,10:49:26;698,"6078","0.696900","0"
Data,6/29/2022,10:49:27;358,"6078","0.662900","0"
Data,6/29/2022,10:49:28;018,"6078","0.628900","0"
Data,6/29/2022,10:49:28;678,"6078","0.694900","0"
Data,6/29/2022,10:49:29;338,"6078","0.660900","0"
Data,6/29/2022,10:49:29;998,"6078","0.626900","0"
Data,6/29/2022,10:49:30;658,"6078","0.692900","0"
Data,6/29/2022,10:49:31;318,"6078","0.658900","0"
Data,6/29/2022,10:49:31;978,"6078","0.624900","0"
Data,6/29/2022,10:49:32;638,"6078","0.690900","0"
Data,6/29/2022,10:49:33;298,"6078","0.656900","0"
Data,6/29/2022,10:49:33;958,"6078","0.622900","0"
Data,6/29/2022,10:49:34;618,"6078","0.688900","0"
Data,6/29/2022,10:49:35;278,"6078","0.654900","0"
Data,6/29/2022,10:49:35;938,"6078","0.620900","0"
Data,6/29/2022,10:49:36;598,"6078","0.686900","0"
Data,6/29/2022,10:49:37;258,"6078","0.652900","0"
Data,6/29/2022,10:49:37;918,"6078","0.618900","1"
Data,6/29/2022,10:49:38;578,"6078","0.684900","0"
Data,6/29/2022,10:49:39;238,"6078","0.650900","0"
Data,6/29/2022,10:49:39;898,"6078","0.616900","1"
Data,6/29/2022,10:49:40;558,"6078","0.682900","0"
Data,6/29/2022,10:49:41;218,"6078","0.648900","0"
Data,6/29/2022,10:49:41;878,"6078","0.614900","1"
Data,6/29/2022,10:49:42;538,"6078","0.680900","0"
Data,6/29/2022,10:49:43;198,"6078","0.646900","0"
Data,6/29/2022,10:49:43;858,"6078","0.612900","1"
Data,6/29/2022,10:49:44;518,"6078","0.678900","0"
Data,6/29/2022,10:49:45;178,"6078","0.644900","0"
Data,6/29/2022,10:49:45;838,"6078","0.610900","1"
Data,6/29/2022,10:49:46;498,"6078","0.676900","0"
Data,6/29/2022,10:49:47;158,"6078","0.642900","0"
Data,6/29/2022,10:49:47;818,"6078","0.608900","1"
Data,6/29/2022,10:49:48;478,"6078","0.674900","0"
Data,6/29/2022,10:49:49;138,"6078","0.640900","0"
Data,6/29/2022,10:49:49;798,"6078","0.606900","1"
Data,6/29/2022,10:49:50;458,"6078","0.672900","0"
Data,6/29/2022,10:49:51;118,"6078","0.638900","0"
Data,6/29/2022,10:49:51;778,"6078","0.604900","1"
Data,6/29/2022,10:49:52;438,"6078","0.670900","0"
Data,6/29/2022,10:49:53;098,"6078","0.636900","0"
Data,6/29/2022,10:49:53;758,"6078","0.602900","1"
Data,6/29/2022,10:49:54;418,"6078","0.668900","0"
Data,6/29/2022,10:49:55;078,"6078","0.634900","0"
Data,6/29/2022,10:49:55;738,"6078","0.600900","1"
Data,6/29/2022,10:49:56;398,"6078","0.666900","0"
Data,6/29/2022,10:49:57;058,"6078","0.632900","0"
Data,6/29/2022,10:49:57;718,"6078","0.698900","0"
Data,6/29/2022,10:49:58;378,"6078","0.664900","0"
Data,6/29/2022,10:49:59;038,"6078","0.630900","0"
Data,6/29/2022,10:49:59;698,"6078","0.696900","0"
Data,6/29/2022,10:50:00;358,"6078","0.662900","0"
Data,6/29/2022,10:50:01;018,"6078","0.628900","0"
Data,6/29/2022,10:50:01;678,"6078","0.694900","0"
Data,6/29/2022,10:50:02;338,"6078","0.660900","0"
Data,6/29/2022,10:50:02;998,"6078","0.626900","0"
Data,6/29/2022,10:50:03;658,"6078","0.692900","0"
Data,6/29/2022,10:50:04;318,"6078","0.658900","0"
Data,6/29/2022,10:50:04;978,"6078","0.624900","0"
Data,6/29/2022,10:50:05;638,"6078","0.690900","0"
Data,6/29/2022,10:50:06;298,"6078","0.656900","0"
Data,6/29/2022,10:50:06;958,"6078","0.622900","0"
Data,6/29/2022,10:50:07;618,"6078","0.688900","0"
Data,6/29/2022,10:50:08;278,"6078","0.654900","0"
Data,6/29/2022,10:50:08;938,"6078","0.620900","0"
Data,6/29/2022,10:50:09;598,"6078","0.686900","0"
Data,6/29/2022,10:50:10;258,"6078","0.652900","0"
Data,6/29/2022,10:50:10;918,"6078","0.618900","1"
Data,6/29/2022,10:50:11;578,"6078","0.684900","0"
Data,6/29/2022,10:50:12;238,"6078","0.650900","0"
Data,6/29/2022,10:50:12;898,"6079","0.616900","1"
Data,6/29/2022,10:50:13;558,"6079","0.682900","0"
Data,6/29/2022,10:50:14;218,"6079","0.648900","0"
Data,6/29/2022,10:50:14;878,"6079","0.614900","1"
Data,6/29/2022,10:50:15;538,"6079","0.680900","0"
Data,6/29/2022,10:50:16;198,"6079","0.646900","0"
Data,6/29/2022,10:50:16;858,"6079","0.612900","1"
Data,6/29/2022,10:50:17;518,"6079","0.678900","0"
Data,6/29/2022,10:50:18;178,"6079","0.644900","0"
Data,6/29/2022,10:50:18;838,"6079","0.610900","1"
Data,6/29/2022,10:50:19;498,"6079","0.676900","0"
Data,6/29/2022,10:50:20;158,"6079","0.642900","0"
Data,6/29/2022,10:50:20;818,"6079","0.608900","1"
Data,6/29/2022,10:50:21;478,"6079","0.674900","0"
Data,6/29/2022,10:50:22;138,"6079","0.640900","0"
Data,6/29/2022,10:50:22;798,"6079","0.606900","1"
Data,6/29/2022,10:50:23;458,"6079","0.672900","0"
Data,6/29/2022,10:50:24;118,"6079","0.638900","0"
Data,6/29/2022,10:50:24;778,"6079","0.604900","1"
Data,6/29/2022,10:50:25;438,"6079","0.670900","0"
Data,6/29/2022,10:50:26;098,"6079","0.636900","0"
Data,6/29/2022,10:50:26;758,"6079","0.602900","1"
Data,6/29/2022,10:50:27;418,"6079","0.668900","0"
Data,6/29/2022,10:50:28;078,"6079","0.634900","0"
Data,6/29/2022,10:50:28;738,"6079","0.600900","1"
Data,6/29/2022,10:50:29;398,"6079","0.666900","0"
Data,6/29/2022,10:50:30;058,"6079","0.632900","0"
Data,6/29/2022,10:50:30;718,"6079","0.698900","0"
Data,6/29/2022,10:50:31;378,"6079","0.664900","0"
Data,6/29/2022,10:50:32;038,"6079","0.630900","0"
Data,6/29/2022,10:50:32;698,"6079","0.696900","0"
Data,6/29/2022,10:50:33;358,"6079","0.662900","0"
Data,6/29/2022,10:50:34;018,"6079","0.628900","0"
Data,6/29/2022,10:50:34;678,"6079","0.694900","0"
Data,6/29/2022,10:50:35;338,"6079","0.660900","0"
Data,6/29/2022,10:50:35;998,"6079","0.626900","0"
Data,6/29/2022,10:50:36;658,"6079","0.692900","0"
Data,6/29/2022,10:50:37;318,"6079","0.658900","0"
Data,6/29/2022,10:50:37;978,"6079","0.624900","0"
Data,6/29/2022,10:50:38;638,"6079","0.690900","0"
Data,6/29/2022,10:50:39;298,"6079","0.656900","0"
Data,6/29/2022,10:50:39;958,"6079","0.622900","0"
Data,6/29/2022,10:50:40;618,"6079","0.688900","0"
Data,6/29/2022,10:50:41;278,"6079","0.654900","0"
Data,6/29/2022,10:50:41;938,"6079","0.620800","0"
Data,6/29/2022,10:50:42;598,"6079","0.686800","0"
Data,6/29/2022,10:50:43;258,"6079","0.652800","0"
Data,6/29/2022,10:50:43;918,"6079","0.618800","1"
Data,6/29/2022,10:50:44;578,"6079","0.684800","0"
Data,6/29/2022,10:50:45;238,"6079","0.650800","0"
Data,6/29/2022,10:50:45;898,"6079","0.616800","1"
Data,6/29/2022,10:50:46;558,"6079","0.682800","0"
Data,6/29/2022,10:50:47;218,"6079","0.648800","0"
Data,6/29/2022,10:50:47;878,"6079","0.614700","1"
Data,6/29/2022,10:50:48;538,"6079","0.680700","0"
Data,6/29/2022,10:50:49;198,"6079","0.646700","0"
Data,6/29/2022,10:50:49;858,"6079","0.612700","1"
Data,6/29/2022,10:50:50;518,"6079","0.678700","0"
Data,6/29/2022,10:50:51;178,"6079","0.644700","0"
Data,6/29/2022,10:50:51;838,"6079","0.610700","1"
Data,6/29/2022,10:50:52;498,"6079","0.676700","0"
Data,6/29/2022,10:50:53;158,"6079","0.642700","0"
Data,6/29/2022,10:50:53;818,"6079","0.608700","1"
Data,6/29/2022,10:50:54;478,"6079","0.674700","0"
Data,6/29/2022,10:50:55;138,"6079","0.640700","0"
Data,6/29/2022,10:50:55;798,"6079","0.606700","1"
Data,6/29/2022,10:50:56;458,"6079","0.672700","0"
Data,6/29/2022,10:50:57;118,"6079","0.638700","0"
Data,6/29/2022,10:50:57;778,"6079","0.604700","1"
Data,6/29/2022,10:50:58;438,"6079","0.670700","0"
Data,6/29/2022,10:50:59;098,"6079","0.636700","0"
Data,6/29/2022,10:50:59;758,"6079","0.602700","1"
Data,6/29/2022,10:51:00;418,"6079","0.668700","0"
Data,6/29/2022,10:51:01;078,"6079","0.634700","0"
Data,6/29/2022,10:51:01;738,"6079","0.600700","1"
Data,6/29/2022,10:51:02;398,"6079","0.666700","0"
Data,6/29/2022,10:51:03;058,"6079","0.632700","0"
Data,6/29/2022,10:51:03;718,"6079","0.698700","0"
Data,6/29/2022,10:51:04;378,"6079","0.664700","0"
Data,6/29/2022,10:51:05;038,"6079","0.630700","0"
Data,6/29/2022,10:51:05;698,"6079","0.696700","0"
Data,6/29/2022,10:51:06;358,"6079","0.662700","0"
Data,6/29/2022,10:51:07;018,"6079","0.628700","0"
Data,6/29/2022,10:51:07;678,"6079","0.694700","0"
Data,6/29/2022,10:51:08;338,"6079","0.660700","0"
Data,6/29/2022,10:51:08;998,"6079","0.626700","0"
Data,6/29/2022,10:51:09;658,"6079","0.692700","0"
Data,6/29/2022,10:51:10;318,"6079","0.658700","0"
Data,6/29/2022,10:51:10;978,"6079","0.624700","0"
Data,6/29/2022,10:51:11;638,"6079","0.690700","0"
Data,6/29/2022,10:51:12;298,"6079","0.656700","0"
Data,6/29/2022,10:51:12;958,"6079","0.622700","0"
Data,6/29/2022,10:51:13;618,"6079","0.688700","0"
Data,6/29/2022,10:51:14;278,"6079","0.654700","0"
Data,6/29/2022,10:51:14;938,"6079","0.620700","0"
Data,6/29/2022,10:51:15;598,"6079","0.686700","0"
Data,6/29/2022,10:51:16;258,"6079","0.652700","0"
Data,6/29/2022,10:51:16;918,"6079","0.618700","1"
Data,6/29/2022,10:51:17;578,"6079","0.684700","0"
Data,6/29/2022,10:51:18;238,"6079","0.650700","0"
Data,6/29/2022,10:51:18;898,"6080","0.616800","1"
Data,6/29/2022,10:51:19;558,"6080","0.682800","0"
Data,6/29/2022,10:51:20;218,"6080","0.648800","0"
Data,6/29/2022,10:51:20;878,"6080","0.614800","1"
Data,6/29/2022,10:51:21;538,"6080","0.680800","0"
Data,6/29/2022,10:51:22;198,"6080","0.646800","0"
Data,6/29/2022,10:51:22;858,"6080","0.612900","1"
Data,6/29/2022,10:51:23;518,"6080","0.678800","0"
Data,6/29/2022,10:51:24;178,"6080","0.644800","0"
Data,6/29/2022,10:51:24;838,"6080","0.610800","1"
Data,6/29/2022,10:51:25;498,"6080","0.676800","0"
Data,6/29/2022,10:51:26;158,"6080","0.642800","0"
Data,6/29/2022,10:51:26;818,"6080","0.608800","1"
Data,6/29/2022,10:51:27;478,"6080","0.674800","0"
Data,6/29/2022,10:51:28;138,"6080","0.640800","0"
Data,6/29/2022,10:51:28;798,"6080","0.606800","1"
Data,6/29/2022,10:51:29;458,"6080","0.672800","0"
Data,6/29/2022,10:51:30;118,"6080","0.638800","0"
Data,6/29/2022,10:51:30;778,"6080","0.604800","1"
Data,6/29/2022,10:51:31;438,"6080","0.670800","0"
Data,6/29/2022,10:51:32;098,"6080","0.636800","0"
Data,6/29/2022,10:51:32;758,"6080","0.602800","1"
Data,6/29/2022,10:51:33;418,"6080","0.668800","0"
Data,6/29/2022,10:51:34;078,"6080","0.634800","0"
Data,6/29/2022,10:51:34;738,"6080","0.600800","1"
Data,6/29/2022,10:51:35;398,"6080","0.666800","0"
Data,6/29/2022,10:51:36;058,"6080","0.632800","0"
Data,6/29/2022,10:51:36;718,"6080","0.698800","0"
Data,6/29/2022,10:51:37;378,"6080","0.664800","0"
Data,6/29/2022,10:51:38;038,"6080","0.630800","0"
Data,6/29/2022,10:51:38;698,"6080","0.696800","0"
Data,6/29/2022,10:51:39;358,"6080","0.662800","0"
Data,6/29/2022,10:51:40;018,"6080","0.628800","0"
Data,6/29/2022,10:51:40;678,"6080","0.694800","0"
Data,6/29/2022,10:51:41;338,"6080","0.660700","0"
Data,6/29/2022,10:51:41;998,"6080","0.626700","0"
Data,6/29/2022,10:51:42;658,"6080","0.692700","0"
Data,6/29/2022,10:51:43;318,"6080","0.658700","0"
Data,6/29/2022,10:51:43;978,"6080","0.624700","0"
Data,6/29/2022,10:51:44;638,"6080","0.690700","0"
Data,6/29/2022,10:51:45;298,"6080","0.656700","0"
Data,6/29/2022,10:51:45;958,"6080","0.622700","0"
Data,6/29/2022,10:51:46;618,"6080","0.688700","0"
Data,6/29/2022,10:51:47;278,"6080","0.654700","0"
Data,6/29/2022,10:51:47;938,"6080","0.620700","0"
Data,6/29/2022,10:51:48;598,"6080","0.686700","0"
Data,6/29/2022,10:51:49;258,"6080","0.652700","0"
Data,6/29/2022,10:51:49;918,"6080","0.618700","1"
Data,6/29/2022,10:51:50;578,"6080","0.684700","0"
Data,6/29/2022,10:51:51;238,"6080","0.650700","0"
Data,6/29/2022,10:51:51;898,"6080","0.616700","1"
Data,6/29/2022,10:51:52;558,"6080","0.682700","0"
Data,6/29/2022,10:51:53;218,"6080","0.648700","0"
Data,6/29/2022,10:51:53;878,"6080","0.614700","1"
Data,6/29/2022,10:51:54;538,"6080","0.680700","0"
Data,6/29/2022,10:51:55;198,"6080","0.646700","0"
Data,6/29/2022,10:51:55;858,"6080","0.612700","1"
Data,6/29/2022,10:51:56;518,"6080","0.678700","0"
Data,6/29/2022,10:51:57;178,"6080","0.644800","0"
Data,6/29/2022,10:51:57;838,"6080","0.610800","1"
Data,6/29/2022,10:51:58;498,"6080","0.676800","0"
Data,6/29/2022,10:51:59;158,"6080","0.642800","0"
Data,6/29/2022,10:51:59;818,"6080","0.608800","1"
Data,6/29/2022,10:52:00;478,"6080","0.674800","0"
Data,6/29/2022,10:52:01;138,"6080","0.640700","0"
Data,6/29/2022,10:52:01;798,"6080","0.606800","1"
Data,6/29/2022,10:52:02;458,"6080","0.672800","0"
Data,6/29/2022,10:52:03;118,"6080","0.638800","0"
Data,6/29/2022,10:52:03;778,"6080","0.604800","1"
Data,6/29/2022,10:52:04;438,"6080","0.670800","0"
Data,6/29/2022,10:52:05;098,"6080","0.636800","0"
Data,6/29/2022,10:52:05;758,"6080","0.602800","1"
Data,6/29/2022,10:52:06;418,"6080","0.668800","0"
Data,6/29/2022,10:52:07;078,"6080","0.634800","0"
Data,6/29/2022,10:52:07;738,"6080","0.600800","1"
Data,6/29/2022,10:52:08;398,"6080","0.666800","0"
Data,6/29/2022,10:52:09;058,"6080","0.632800","0"
Data,6/29/2022,10:52:09;718,"6080","0.698800","0"
Data,6/29/2022,10:52:10;378,"6080","0.664800","0"
Data,6/29/2022,10:52:11;038,"6080","0.630800","0"
Data,6/29/2022,10:52:11;698,"6080","0.696800","0"
Data,6/29/2022,10:52:12;358,"6080","0.662800","0"
Data,6/29/2022,10:52:13;018,"6080","0.628800","0"
Data,6/29/2022,10:52:13;678,"6080","0.694800","0"
Data,6/29/2022,10:52:14;338,"6080","0.660800","0"
Data,6/29/2022,10:52:14;998,"6080","0.626800","0"
Data,6/29/2022,10:52:15;658,"6080","0.692800","0"
Data,6/29/2022,10:52:16;318,"6080","0.658800","0"
Data,6/29/2022,10:52:16;978,"6080","0.624800","0"
Data,6/29/2022,10:52:17;638,"6080","0.690800","0"
Data,6/29/2022,10:52:18;298,"6080","0.656800","0"
Data,6/29/2022,10:52:18;958,"6080","0.622800","0"
Data,6/29/2022,10:52:19;618,"6080","0.688800","0"
Data,6/29/2022,10:52:20;278,"6080","0.654800","0"
Data,6/29/2022,10:52:20;938,"6080","0.620800","0"
Data,6/29/2022,10:52:21;598,"6080","0.686800","0"
Data,6/29/2022,10:52:22;258,"6080","0.652800","0"
Data,6/29/2022,10:52:22;918,"6080","0.618800","1"
Data,6/29/2022,10:52:23;578,"6080","0.684800","0"
Data,6/29/2022,10:52:24;238,"6080","0.650800","0"
Data,6/29/2022,10:52:24;898,"6081","0.616800","1"
Data,6/29/2022,10:52:25;558,"6081","0.682800","0"
Data,6/29/2022,10:52:26;218,"6081","0.648800","0"
Data,6/29/2022,10:52:26;878,"6081","0.614800","1"
Data,6/29/2022,10:52:27;538,"6081","0.680800","0"
Data,6/29/2022,10:52:28;198,"6081","0.646800","0"
Data,6/29/2022,10:52:28;858,"6081","0.612800","1"
Data,6/29/2022,10:52:29;518,"6081","0.678800","0"
Data,6/29/2022,10:52:30;178,"6081","0.644800","0"
Data,6/29/2022,10:52:30;838,"6081","0.610800","1"
Data,6/29/2022,10:52:31;498,"6081","0.676800","0"
Data,6/29/2022,10:52:32;158,"6081","0.642800","0"
Data,6/29/2022,10:52:32;818,"6081","0.608800","1"
Data,6/29/2022,10:52:33;478,"6081","0.674800","0"
Data,6/29/2022,10:52:34;138,"6081","0.640800","0"
Data,6/29/2022,10:52:34;798,"6081","0.606800","1"
Data,6/29/2022,10:52:35;458,"6081","0.672800","0"
Data,6/29/2022,10:52:36;118,"6081","0.638800","0"
Data,6/29/2022,10:52:36;778,"6081","0.604800","1"
Data,6/29/2022,10:52:37;438,"6081","0.670800","0"
Data,6/29/2022,10:52:38;098,"6081","0.636800","0"
Data,6/29/2022,10:52:38;758,"6081","0.602800","1"
Data,6/29/2022,10:52:39;418,"6081","0.668800","0"
Data,6/29/2022,10:52:40;078,"6081","0.634800","0"
Data,6/29/2022,10:52:40;738,"6081","0.600800","1"
Data,6/29/2022,10:52:41;398,"6081","0.666800","0"
Data,6/29/2022,10:52:42;058,"6081","0.632800","0"
Data,6/29/2022,10:52:42;718,"6081","0.698800","0"
Data,6/29/2022,10:52:43;378,"6081","0.664800","0"
Data,6/29/2022,10:52:44;038,"6081","0.630800","0"
Data,6/29/2022,10:52:44;698,"6081","0.696800","0"
Data,6/29/2022,10:52:45;358,"6081","0.662800","0"
Data,6/29/2022,10:52:46;018,"6081","0.628800","0"
Data,6/29/2022,10:52:46;678,"6081","0.694900","0"
Data,6/29/2022,10:52:47;338,"6081","0.660900","0"
Data,6/29/2022,10:52:47;998,"6081","0.626900","0"
Data,6/29/2022,10:52:48;658,"6081","0.692900","0"
Data,6/29/2022,10:52:49;318,"6081","0.658900","0"
Data,6/29/2022,10:52:49;978,"6081","0.624900","0"
Data,6/29/2022,10:52:50;638,"6081","0.690900","0"
Data,6/29/2022,10:52:51;298,"6081","0.656900","0"
Data,6/29/2022,10:52:51;958,"6081","0.622900","0"
Data,6/29/2022,10:52:52;618,"6081","0.688900","0"
Data,6/29/2022,10:52:53;278,"6081","0.654900","0"
Data,6/29/2022,10:52:53;938,"6081","0.620900","0"
Data,6/29/2022,10:52:54;598,"6081","0.686900","0"
Data,6/29/2022,10:52:55;258,"6081","0.652900","0"
Data,6/29/2022,10:52:55;918,"6081","0.618900","1"
Data,6/29/2022,10:52:56;578,"6081","0.684900","0"
Data,6/29/2022,10:52:57;238,"6081","0.650900","0"
Data,6/29/2022,10:52:57;898,"6081","0.616900","1"
Data,6/29/2022,10:52:58;558,"6081","0.682900","0"
Data,6/29/2022,10:52:59;218,"6081","0.648900","0"
Data,6/29/2022,10:52:59;878,"6081","0.614900","1"
Data,6/29/2022,10:53:00;538,"6081","0.680900","0"
Data,6/29/2022,10:53:01;198,"6081","0.646900","0"
Data,6/29/2022,10:53:01;858,"6081","0.612900","1"
Data,6/29/2022,10:53:02;518,"6081","0.678900","0"
Data,6/29/2022,10:53:03;178,"6081","0.644900","0"
Data,6/29/2022,10:53:03;838,"6081","0.610900","1"
Data,6/29/2022,10:53:04;498,"6081","0.676900","0"
Data,6/29/2022,10:53:05;158,"6081","0.642900","0"
Data,6/29/2022,10:53:05;818,"6081","0.608900","1"
Data,6/29/2022,10:53:06;478,"6081","0.674900","0"
Data,6/29/2022,10:53:07;138,"6081","0.640900","0"
Data,6/29/2022,10:53:07;798,"6081","0.606900","1"
Data,6/29/2022,10:53:08;458,"6081","0.672900","0"
Data,6/29/2022,10:53:09;118,"6081","0.638900","0"
Data,6/29/2022,10:53:09;778,"6081","0.604900","1"
Data,6/29/2022,10:53:10;438,"6081","0.670900","0"
Data,6/29/2022,10:53:11;098,"6081","0.636900","0"
Data,6/29/2022,10:53:11;758,"6081","0.602900","1"
Data,6/29/2022,10:53:12;418,"6081","0.668900","0"
Data,6/29/2022,10:53:13;078,"6081","0.634900","0"
Data,6/29/2022,10:53:13;738,"6081","0.600900","1"
Data,6/29/2022,10:53:14;398,"6081","0.666900","0"
Data,6/29/2022,10:53:15;058,"6081","0.632900","0"
Data,6/29/2022,10:53:15;718,"6081","0.698900","0"
Data,6/29/2022,10:53:16;378,"6081","0.664900","0"
Data,6/29/2022,10:53:17;038,"6081","0.630900","0"
Data,6/29/2022,10:53:17;698,"6081","0.696900","0"
Data,6/29/2022,10:53:18;358,"6081","0.662900","0"
Data,6/29/2022,10:53:19;018,"6081","0.628900","0"
Data,6/29/2022,10:53:19;678,"6081","0.694900","0"
Data,6/29/2022,10:53:20;338,"6081","0.660900","0"
Data,6/29/2022,10:53:20;998,"6081","0.626800","0"
Data,6/29/2022,10:53:21;658,"6081","0.692800","0"
Data,6/29/2022,10:53:22;318,"6081","0.658800","0"
Data,6/29/2022,10:53:22;978,"6081","0.624800","0"
Data,6/29/2022,10:53:23;638,"6081","0.690800","0"
Data,6/29/2022,10:53:24;298,"6081","0.656800","0"
Data,6/29/2022,10:53:24;958,"6081","0.622800","0"
Data,6/29/2022,10:53:25;618,"6081","0.688800","0"
Data,6/29/2022,10:53:26;278,"6081","0.654800","0"
Data,6/29/2022,10:53:26;938,"6081","0.620800","0"
Data,6/29/2022,10:53:27;598,"6081","0.686800","0"
Data,6/29/2022,10:53:28;258,"6081","0.652800","0"
Data,6/29/2022,10:53:28;918,"6081","0.618800","1"
Data,6/29/2022,10:53:29;578,"6081","0.684800","0"
Data,6/29/2022,10:53:30;238,"6081","0.650800","0"
Data,6/29/2022,10:53:30;898,"6082","0.616800","1"
Data,6/29/2022,10:53:31;558,"6082","0.682800","0"
Data,6/29/2022,10:53:32;218,"6082","0.648800","0"
Data,6/29/2022,10:53:32;878,"6082","0.614800","1"
Data,6/29/2022,10:53:33;538,"6082","0.680800","0"
Data,6/29/2022,10:53:34;198,"6082","0.646800","0"
Data,6/29/2022,10:53:34;858,"6082","0.612800","1"
Data,6/29/2022,10:53:35;518,"6082","0.678800","0"
Data,6/29/2022,10:53:36;178,"6082","0.644800","0"
Data,6/29/2022,10:53:36;838,"6082","0.610800","1"
Data,6/29/2022,10:53:37;498,"6082","0.676800","0"
Data,6/29/2022,10:53:38;158,"6082","0.642800","0"
Data,6/29/2022,10:53:38;818,"6082","0.608900","1"
Data,6/29/2022,10:53:39;478,"6082","0.674900","0"
Data,6/29/2022,10:53:40;138,"6082","0.640900","0"
Data,6/29/2022,10:53:40;798,"6082","0.606900","1"
Data,6/29/2022,10:53:41;458,"6082","0.672900","0"
Data,6/29/2022,10:53:42;118,"6082","0.638900","0"
Data,6/29/2022,10:53:42;778,"6082","0.604900","1"
Data,6/29/2022,10:53:43;438,"6082","0.670900","0"
Data,6/29/2022,10:53:44;098,"6082","0.636900","0"
Data,6/29/2022,10:53:44;758,"6082","0.602900","1"
Data,6/29/2022,10:53:45;418,"6082","0.668900","0"
Data,6/29/2022,10:53:46;078,"6082","0.634900","0"
Data,6/29/2022,10:53:46;738,"6082","0.600900","1"
Data,6/29/2022,10:53:47;398,"6082","0.666900","0"
Data,6/29/2022,10:53:48;058,"6082","0.632900","0"
Data,6/29/2022,10:53:48;718,"6082","0.698900","0"
Data,6/29/2022,10:53:49;378,"6082","0.665000","0"
Data,6/29/2022,10:53:50;038,"6082","0.631000","0"
Data,6/29/2022,10:53:50;698,"6082","0.697000","0"
Data,6/29/2022,10:53:51;358,"6082","0.663000","0"
Data,6/29/2022,10:53:52;018,"6082","0.629000","0"
Data,6/29/2022,10:53:52;678,"6082","0.695000","0"
Data,6/29/2022,10:53:53;338,"6082","0.661000","0"
Data,6/29/2022,10:53:53;998,"6082","0.627000","0"
Data,6/29/2022,10:53:54;658,"6082","0.693000","0"
Data,6/29/2022,10:53:55;318,"6082","0.659000","0"
Data,6/29/2022,10:53:55;978,"6082","0.625000","0"
Data,6/29/2022,10:53:56;638,"6082","0.691000","0"
Data,6/29/2022,10:53:57;298,"6082","0.657000","0"
Data,6/29/2022,10:53:57;958,"6082","0.623000","0"
Data,6/29/2022,10:53:58;618,"6082","0.689000","0"
Data,6/29/2022,10:53:59;278,"6082","0.655000","0"
Data,6/29/2022,10:53:59;938,"6082","0.621000","0"
Data,6/29/2022,10:54:00;598,"6082","0.687000","0"
Data,6/29/2022,10:54:01;258,"6082","0.653000","0"
Data,6/29/2022,10:54:01;918,"6082","0.619000","1"
Data,6/29/2022,10:54:02;578,"6082","0.685000","0"
Data,6/29/2022,10:54:03;238,"6082","0.651000","0"
Data,6/29/2022,10:54:03;898,"6082","0.617000","1"
Data,6/29/2022,10:54:04;558,"6082","0.683000","0"
Data,6/29/2022,10:54:05;218,"6082","0.649000","0"
Data,6/29/2022,10:54:05;878,"6082","0.615000","1"
Data,6/29/2022,10:54:06;538,"6082","0.681000","0"
Data,6/29/2022,10:54:07;198,"6082","0.647000","0"
Data,6/29/2022,10:54:07;858,"6082","0.613000","1"
Data,6/29/2022,10:54:08;518,"6082","0.679000","0"
Data,6/29/2022,10:54:09;178,"6082","0.645000","0"
Data,6/29/2022,10:54:09;838,"6082","0.611000","1"
Data,6/29/2022,10:54:10;498,"6082","0.677000","0"
Data,6/29/2022,10:54:11;158,"6082","0.643000","0"
Data,6/29/2022,10:54:11;818,"6082","0.609100","1"
Data,6/29/2022,10:54:12;478,"6082","0.675000","0"
Data,6/29/2022,10:54:13;138,"6082","0.641000","0"
Data,6/29/2022,10:54:13;798,"6082","0.607000","1"
Data,6/29/2022,10:54:14;458,"6082","0.673000","0"
Data,6/29/2022,10:54:15;118,"6082","0.639000","0"
Data,6/29/2022,10:54:15;778,"6082","0.605000","1"
Data,6/29/2022,10:54:16;438,"6082","0.671000","0"
Data,6/29/2022,10:54:17;098,"6082","0.637000","0"
Data,6/29/2022,10:54:17;758,"6082","0.603000","1"
Data,6/29/2022,10:54:18;418,"6082","0.669000","0"
Data,6/29/2022,10:54:19;078,"6082","0.635000","0"
Data,6/29/2022,10:54:19;738,"6082","0.601000","1"
Data,6/29/2022,10:54:20;398,"6082","0.667000","0"
Data,6/29/2022,10:54:21;058,"6082","0.633000","0"
Data,6/29/2022,10:54:21;718,"6082","0.699000","0"
Data,6/29/2022,10:54:22;378,"6082","0.665000","0"
Data,6/29/2022,10:54:23;038,"6082","0.631000","0"
Data,6/29/2022,10:54:23;698,"6082","0.697000","0"
Data,6/29/2022,10:54:24;358,"6082","0.663000","0"
Data,6/29/2022,10:54:25;018,"6082","0.629000","0"
Data,6/29/2022,10:54:25;678,"6082","0.695000","0"
Data,6/29/2022,10:54:26;338,"6082","0.661000","0"
Data,6/29/2022,10:54:26;998,"6082","0.627000","0"
Data,6/29/2022,10:54:27;658,"6082","0.693000","0"
Data,6/29/2022,10:54:28;318,"6082","0.659000","0"
Data,6/29/2022,10:54:28;978,"6082","0.625000","0"
Data,6/29/2022,10:54:29;638,"6082","0.691000","0"
Data,6/29/2022,10:54:30;298,"6082","0.657000","0"
Data,6/29/2022,10:54:30;958,"6082","0.623000","0"
Data,6/29/2022,10:54:31;618,"6082","0.689000","0"
Data,6/29/2022,10:54:32;278,"6082","0.655000","0"
Data,6/29/2022,10:54:32;938,"6082","0.621000","0"
Data,6/29/2022,10:54:33;598,"6082","0.687000","0"
Data,6/29/2022,10:54:34;258,"6082","0.653000","0"
Data,6/29/2022,10:54:34;918,"6082","0.619000","1"
Data,6/29/2022,10:54:35;578,"6082","0.685000","0"
Data,6/29/2022,10:54:36;238,"6082","0.651000","0"
Data,6/29/2022,10:54:36;898,"6083","0.617000","1"
Data,6/29/2022,10:54:37;558,"6083","0.683000","0"
Data,6/29/2022,10:54:38;218,"6083","0.649000","0"
Data,6/29/2022,10:54:38;878,"6083","0.615000","1"
Data,6/29/2022,10:54:39;538,"6083","0.681000","0"
Data,6/29/2022,10:54:40;198,"6083","0.647000","0"
Data,6/29/2022,10:54:40;858,"6083","0.613000","1"
Data,6/29/2022,10:54:41;518,"6083","0.679000","0"
Data,6/29/2022,10:54:42;178,"6083","0.645000","0"
Data,6/29/2022,10:54:42;838,"6083","0.611000","1"
Data,6/29/2022,10:54:43;498,"6083","0.677000","0"
Data,6/29/2022,10:54:44;158,"6083","0.643000","0"
Data,6/29/2022,10:54:44;818,"6083","0.609000","1"
Data,6/29/2022,10:54:45;478,"6083","0.675100","0"
Data,6/29/2022,10:54:46;138,"6083","0.641100","0"
Data,6/29/2022,10:54:46;798,"6083","0.607100","1"
Data,6/29/2022,10:54:47;458,"6083","0.673100","0"
Data,6/29/2022,10:54:48;118,"6083","0.639200","0"
Data,6/29/2022,10:54:48;778,"6083","0.605100","1"
Data,6/29/2022,10:54:49;438,"6083","0.671100","0"
Data,6/29/2022,10:54:50;098,"6083","0.637100","0"
Data,6/29/2022,10:54:50;758,"6083","0.603100","1"
Data,6/29/2022,10:54:51;418,"6083","0.669100","0"
Data,6/29/2022,10:54:52;078,"6083","0.635100","0"
Data,6/29/2022,10:54:52;738,"6083","0.601100","1"
Data,6/29/2022,10:54:53;398,"6083","0.667100","0"
Data,6/29/2022,10:54:54;058,"6083","0.633100","0"
Data,6/29/2022,10:54:54;718,"6083","0.699100","0"
Data,6/29/2022,10:54:55;378,"6083","0.665100","0"
Data,6/29/2022,10:54:56;038,"6083","0.631100","0"
Data,6/29/2022,10:54:56;698,"6083","0.697200","0"
Data,6/29/2022,10:54:57;358,"6083","0.663200","0"
Data,6/29/2022,10:54:58;018,"6083","0.629200","0"
Data,6/29/2022,10:54:58;678,"6083","0.695200","0"
Data,6/29/2022,10:54:59;338,"6083","0.661200","0"
Data,6/29/2022,10:54:59;998,"6083","0.627200","0"
Data,6/29/2022,10:55:00;658,"6083","0.693200","0"
Data,6/29/2022,10:55:01;318,"6083","0.659200","0"
Data,6/29/2022,10:55:01;978,"6083","0.625200","0"
Data,6/29/2022,10:55:02;638,"6083","0.691200","0"
Data,6/29/2022,10:55:03;298,"6083","0.657200","0"
Data,6/29/2022,10:55:03;958,"6083","0.623200","0"
Data,6/29/2022,10:55:04;618,"6083","0.689200","0"
Data,6/29/2022,10:55:05;278,"6083","0.655200","0"
Data,6/29/2022,10:55:05;938,"6083","0.621200","0"
Data,6/29/2022,10:55:06;598,"6083","0.687200","0"
Data,6/29/2022,10:55:07;258,"6083","0.653200","0"
Data,6/29/2022,10:55:07;918,"6083","0.619200","1"
Data,6/29/2022,10:55:08;578,"6083","0.685200","0"
Data,6/29/2022,10:55:09;238,"6083","0.651200","0"
Data,6/29/2022,10:55:09;898,"6083","0.617200","1"
Data,6/29/2022,10:55:10;558,"6083","0.683200","0"
Data,6/29/2022,10:55:11;218,"6083","0.649200","0"
Data,6/29/2022,10:55:11;878,"6083","0.615200","1"
Data,6/29/2022,10:55:12;538,"6083","0.681200","0"
Data,6/29/2022,10:55:13;198,"6083","0.647200","0"
Data,6/29/2022,10:55:13;858,"6083","0.613200","1"
Data,6/29/2022,10:55:14;518,"6083","0.679200","0"
Data,6/29/2022,10:55:15;178,"6083","0.645200","0"
Data,6/29/2022,10:55:15;838,"6083","0.611100","1"
Data,6/29/2022,10:55:16;498,"6083","0.677200","0"
Data,6/29/2022,10:55:17;158,"6083","0.643200","0"
Data,6/29/2022,10:55:17;818,"6083","0.609200","1"
Data,6/29/2022,10:55:18;478,"6083","0.675200","0"
Data,6/29/2022,10:55:19;138,"6083","0.641200","0"
Data,6/29/2022,10:55:19;798,"6083","0.607200","1"
Data,6/29/2022,10:55:20;458,"6083","0.673200","0"
Data,6/29/2022,10:55:21;118,"6083","0.639200","0"
Data,6/29/2022,10:55:21;778,"6083","0.605200","1"
Data,6/29/2022,10:55:22;438,"6083","0.671200","0"
Data,6/29/2022,10:55:23;098,"6083","0.637200","0"
Data,6/29/2022,10:55:23;758,"6083","0.603200","1"
Data,6/29/2022,10:55:24;418,"6083","0.669200","0"
Data,6/29/2022,10:55:25;078,"6083","0.635200","0"
Data,6/29/2022,10:55:25;738,"6083","0.601200","1"
Data,6/29/2022,10:55:26;398,"6083","0.667200","0"
Data,6/29/2022,10:55:27;058,"6083","0.633200","0"
Data,6/29/2022,10:55:27;718,"6083","0.699200","0"
Data,6/29/2022,10:55:28;378,"6083","0.665200","0"
Data,6/29/2022,10:55:29;038,"6083","0.631200","0"
Data,6/29/2022,10:55:29;698,"6083","0.697200","0"
Data,6/29/2022,10:55:30;358,"6083","0.663200","0"
Data,6/29/2022,10:55:31;018,"6083","0.629200","0"
Data,6/29/2022,10:55:31;678,"6083","0.695200","0"
Data,6/29/2022,10:55:32;338,"6083","0.661200","0"
Data,6/29/2022,10:55:32;998,"6083","0.627200","0"
Data,6/29/2022,10:55:33;658,"6083","0.693200","0"
Data,6/29/2022,10:55:34;318,"6083","0.659200","0"
Data,6/29/2022,10:55:34;978,"6083","0.625200","0"
Data,6/29/2022,10:55:35;638,"6083","0.691200","0"
Data,6/29/2022,10:55:36;298,"6083","0.657200","0"
Data,6/29/2022,10:55:36;958,"6083","0.623200","0"
Data,6/29/2022,10:55:37;618,"6083","0.689200","0"
Data,6/29/2022,10:55:38;278,"6083","0.655200","0"
Data,6/29/2022,10:55:38;938,"6083","0.621200","0"
Data,6/29/2022,10:55:39;598,"6083","0.687200","0"
Data,6/29/2022,10:55:40;258,"6083","0.653200","0"
Data,6/29/2022,10:55:40;918,"6083","0.619200","1"
Data,6/29/2022,10:55:41;578,"6083","0.685200","0"
Data,6/29/2022,10:55:42;238,"6083","0.651200","0"
Data,6/29/2022,10:55:42;898,"6084","0.617200","1"
Data,6/29/2022,10:55:43;558,"6084","0.683200","0"
Data,6/29/2022,10:55:44;218,"6084","0.649200","0"
Data,6/29/2022,10:55:44;878,"6084","0.615200","1"
Data,6/29/2022,10:55:45;538,"6084","0.681200","0"
Data,6/29/2022,10:55:46;198,"6084","0.647200","0"
Data,6/29/2022,10:55:46;858,"6084","0.613200","1"
Data,6/29/2022,10:55:47;518,"6084","0.679200","0"
Data,6/29/2022,10:55:48;178,"6084","0.645200","0"
Data,6/29/2022,10:55:48;838,"6084","0.611200","1"
Data,6/29/2022,10:55:49;498,"6084","0.677200","0"
Data,6/29/2022,10:55:50;158,"6084","0.643200","0"
Data,6/29/2022,10:55:50;818,"6084","0.609200","1"
Data,6/29/2022,10:55:51;478,"6084","0.675200","0"
Data,6/29/2022,10:55:52;138,"6084","0.641300","0"
Data,6/29/2022,10:55:52;798,"6084","0.607300","1"
Data,6/29/2022,10:55:53;458,"6084","0.673300","0"
Data,6/29/2022,10:55:54;118,"6084","0.639300","0"
Data,6/29/2022,10:55:54;778,"6084","0.605300","1"
Data,6/29/2022,10:55:55;438,"6084","0.671300","0"
Data,6/29/2022,10:55:56;098,"6084","0.637300","0"
Data,6/29/2022,10:55:56;758,"6084","0.603300","1"
Data,6/29/2022,10:55:57;418,"6084","0.669300","0"
Data,6/29/2022,10:55:58;078,"6084","0.635300","0"
Data,6/29/2022,10:55:58;738,"6084","0.601300","1"
Data,6/29/2022,10:55:59;398,"6084","0.667300","0"
Data,6/29/2022,10:56:00;058,"6084","0.633300","0"
Data,6/29/2022,10:56:00;718,"6084","0.699300","0"
Data,6/29/2022,10:56:01;378,"6084","0.665300","0"
Data,6/29/2022,10:56:02;038,"6084","0.631300","0"
Data,6/29/2022,10:56:02;698,"6084","0.697300","0"
Data,6/29/2022,10:56:03;358,"6084","0.663300","0"
Data,6/29/2022,10:56:04;018,"6084","0.629300","0"
Data,6/29/2022,10:56:04;678,"6084","0.695300","0"
Data,6/29/2022,10:56:05;338,"6084","0.661300","0"
Data,6/29/2022,10:56:05;998,"6084","0.627300","0"
Data,6/29/2022,10:56:06;658,"6084","0.693300","0"
Data,6/29/2022,10:56:07;318,"6084","0.659300","0"
Data,6/29/2022,10:56:07;978,"6084","0.625300","0"
Data,6/29/2022,10:56:08;638,"6084","0.691300","0"
Data,6/29/2022,10:56:09;298,"6084","0.657300","0"
Data,6/29/2022,10:56:09;958,"6084","0.623300","0"
Data,6/29/2022,10:56:10;618,"6084","0.689300","0"
Data,6/29/2022,10:56:11;278,"6084","0.655300","0"
Data,6/29/2022,10:56:11;938,"6084","0.621300","0"
Data,6/29/2022,10:56:12;598,"6084","0.687300","0"
Data,6/29/2022,10:56:13;258,"6084","0.653300","0"
Data,6/29/2022,10:56:13;918,"6084","0.619300","1"
Data,6/29/2022,10:56:14;578,"6084","0.685300","0"
Data,6/29/2022,10:56:15;238,"6084","0.651300","0"
Data,6/29/2022,10:56:15;898,"6084","0.617300","1"
Data,6/29/2022,10:56:16;558,"6084","0.683300","0"
Data,6/29/2022,10:56:17;218,"6084","0.649300","0"
Data,6/29/2022,10:56:17;878,"6084","0.615300","1"
Data,6/29/2022,10:56:18;538,"6084","0.681300","0"
Data,6/29/2022,10:56:19;198,"6084","0.647300","0"
Data,6/29/2022,10:56:19;858,"6084","0.613300","1"
Data,6/29/2022,10:56:20;518,"6084","0.679300","0"
Data,6/29/2022,10:56:21;178,"6084","0.645300","0"
Data,6/29/2022,10:56:21;838,"6084","0.611300","1"
Data,6/29/2022,10:56:22;498,"6084","0.677300","0"
Data,6/29/2022,10:56:23;158,"6084","0.643300","0"
Data,6/29/2022,10:56:23;818,"6084","0.609300","1"
Data,6/29/2022,10:56:24;478,"6084","0.675300","0"
Data,6/29/2022,10:56:25;138,"6084","0.641300","0"
Data,6/29/2022,10:56:25;798,"6084","0.607300","1"
Data,6/29/2022,10:56:26;458,"6084","0.673300","0"
Data,6/29/2022,10:56:27;118,"6084","0.639300","0"
Data,6/29/2022,10:56:27;778,"6084","0.605300","1"
Data,6/29/2022,10:56:28;438,"6084","0.671300","0"
Data,6/29/2022,10:56:29;098,"6084","0.637300","0"
Data,6/29/2022,10:56:29;758,"6084","0.603300","1"
Data,6/29/2022,10:56:30;418,"6084","0.669300","0"
Data,6/29/2022,10:56:31;078,"6084","0.635300","0"
Data,6/29/2022,10:56:31;738,"6084","0.601300","1"
Data,6/29/2022,10:56:32;398,"6084","0.667300","0"
Data,6/29/2022,10:56:33;058,"6084","0.633300","0"
Data,6/29/2022,10:56:33;718,"6084","0.699300","0"
Data,6/29/2022,10:56:34;378,"6084","0.665300","0"
Data,6/29/2022,10:56:35;038,"6084","0.631300","0"
Data,6/29/2022,10:56:35;698,"6084","0.697300","0"
Data,6/29/2022,10:56:36;358,"6084","0.663300","0"
Data,6/29/2022,10:56:37;018,"6084","0.629300","0"
Data,6/29/2022,10:56:37;678,"6084","0.695300","0"
Data,6/29/2022,10:56:38;338,"6084","0.661300","0"
Data,6/29/2022,10:56:38;998,"6084","0.627300","0"
Data,6/29/2022,10:56:39;658,"6084","0.693300","0"
Data,6/29/2022,10:56:40;318,"6084","0.659300","0"
Data,6/29/2022,10:56:40;978,"6084","0.625300","0"
Data,6/29/2022,10:56:41;638,"6084","0.691300","0"
Data,6/29/2022,10:56:42;298,"6084","0.657300","0"
Data,6/29/2022,10:56:42;958,"6084","0.623300","0"
Data,6/29/2022,10:56:43;618,"6084","0.689300","0"
Data,6/29/2022,10:56:44;278,"6084","0.655300","0"
Data,6/29/2022,10:56:44;938,"6084","0.621300","0"
Data,6/29/2022,10:56:45;598,"6084","0.687300","0"
Data,6/29/2022,10:56:46;258,"6084","0.653300","0"
Data,6/29/2022,10:56:46;918,"6084","0.619300","1"
Data,6/29/2022,10:56:47;578,"6084","0.685300","0"
Data,6/29/2022,10:56:48;238,"6084","0.651300","0"
Data,6/29/2022,10:56:48;898,"6085","0.617300","1"
Data,6/29/2022,10:56:49;558,"6085","0.683300","0"
Data,6/29/2022,10:56:50;218,"6085","0.649300","0"
Data,6/29/2022,10:56:50;878,"6085","0.615300","1"
Data,6/29/2022,10:56:51;538,"6085","0.681300","0"
Data,6/29/2022,10:56:52;198,"6085","0.647300","0"
Data,6/29/2022,10:56:52;858,"6085","0.613300","1"
Data,6/29/2022,10:56:53;518,"6085","0.679300","0"

