Controller Name:,"GernBlensten882247432"
Trend Name:,"Packaging"
Trend Tags:,"3"
Sample Period:,"525" ms
Description:,""
Start Trigger:,Time Trigger,6/29/2022,09:21:57;407

Stop Trigger:,No Trigger

Start Time:,6/29/2022,09:21:57;407
Stop Time:,6/29/2022,09:32:26;882
Pre-Samples:,"0"
Post-Samples:,"0"
Header:,Date,Time,"Program:MainProgram\BagID","Program:MainProgram\ProductCode","Program:MainProgram\MaterialWeight"
Data,6/29/2022,09:21:57;407,"105070","220","7.925400"
Data,6/29/2022,09:21:57;932,"105071","220","8.030400"
Data,6/29/2022,09:21:58;457,"105072","220","7.913200"
Data,6/29/2022,09:21:58;982,"105073","220","8.018200"
Data,6/29/2022,09:21:59;507,"105074","220","7.901000"
Data,6/29/2022,09:22:00;032,"105075","220","8.006001"
Data,6/29/2022,09:22:00;557,"105076","220","8.111000"
Data,6/29/2022,09:22:01;082,"105077","220","7.993800"
Data,6/29/2022,09:22:01;607,"105078","220","8.098800"
Data,6/29/2022,09:22:02;132,"105079","220","7.981600"
Data,6/29/2022,09:22:02;657,"105080","220","8.086600"
Data,6/29/2022,09:22:03;182,"105081","220","7.969400"
Data,6/29/2022,09:22:03;707,"105082","220","8.074400"
Data,6/29/2022,09:22:04;232,"105083","220","7.957200"
Data,6/29/2022,09:22:04;757,"105084","220","8.062201"
Data,6/29/2022,09:22:05;282,"105085","220","7.945000"
Data,6/29/2022,09:22:05;807,"105086","220","8.050000"
Data,6/29/2022,09:22:06;332,"105087","220","7.932800"
Data,6/29/2022,09:22:06;857,"105088","220","8.037800"
Data,6/29/2022,09:22:07;382,"105089","220","7.920600"
Data,6/29/2022,09:22:07;907,"105090","220","8.025600"
Data,6/29/2022,09:22:08;432,"105091","220","7.908400"
Data,6/29/2022,09:22:08;957,"105092","220","8.013400"
Data,6/29/2022,09:22:09;482,"105093","220","8.118401"
Data,6/29/2022,09:22:10;007,"105094","220","8.001200"
Data,6/29/2022,09:22:10;532,"105095","220","8.106200"
Data,6/29/2022,09:22:11;057,"105096","220","7.989000"
Data,6/29/2022,09:22:11;582,"105097","220","8.094000"
Data,6/29/2022,09:22:12;107,"105098","220","7.976800"
Data,6/29/2022,09:22:12;632,"105099","220","8.081800"
Data,6/29/2022,09:22:13;157,"105100","220","7.964600"
Data,6/29/2022,09:22:13;682,"105101","220","8.069600"
Data,6/29/2022,09:22:14;207,"105102","220","7.952400"
Data,6/29/2022,09:22:14;732,"105103","220","8.057400"
Data,6/29/2022,09:22:15;257,"105104","220","7.940200"
Data,6/29/2022,09:22:15;782,"105105","220","8.045200"
Data,6/29/2022,09:22:16;307,"105106","220","7.928000"
Data,6/29/2022,09:22:16;832,"105107","220","8.033000"
Data,6/29/2022,09:22:17;357,"105108","220","7.915800"
Data,6/29/2022,09:22:17;882,"105109","220","8.020800"
Data,6/29/2022,09:22:18;407,"105110","220","7.903600"
Data,6/29/2022,09:22:18;932,"105111","220","8.008600"
Data,6/29/2022,09:22:19;457,"105112","220","8.113600"
Data,6/29/2022,09:22:19;982,"105113","220","7.996400"
Data,6/29/2022,09:22:20;507,"105114","220","8.101400"
Data,6/29/2022,09:22:21;032,"105115","220","7.984200"
Data,6/29/2022,09:22:21;557,"105116","220","8.089200"
Data,6/29/2022,09:22:22;082,"105117","220","7.972000"
Data,6/29/2022,09:22:22;607,"105118","220","8.077000"
Data,6/29/2022,09:22:23;132,"105119","220","7.959800"
Data,6/29/2022,09:22:23;657,"105120","220","8.064800"
Data,6/29/2022,09:22:24;182,"105121","220","7.947600"
Data,6/29/2022,09:22:24;707,"105122","220","8.052600"
Data,6/29/2022,09:22:25;232,"105123","220","7.935400"
Data,6/29/2022,09:22:25;757,"105124","220","8.040401"
Data,6/29/2022,09:22:26;282,"105125","220","7.923200"
Data,6/29/2022,09:22:26;807,"105126","220","8.028200"
Data,6/29/2022,09:22:27;332,"105127","220","7.911000"
Data,6/29/2022,09:22:27;857,"105128","220","8.016000"
Data,6/29/2022,09:22:28;382,"105129","220","8.121000"
Data,6/29/2022,09:22:28;907,"105130","220","8.003800"
Data,6/29/2022,09:22:29;432,"105131","220","8.108800"
Data,6/29/2022,09:22:29;957,"105132","220","7.991600"
Data,6/29/2022,09:22:30;482,"105133","220","8.096601"
Data,6/29/2022,09:22:31;007,"105134","220","7.979400"
Data,6/29/2022,09:22:31;532,"105135","220","8.084400"
Data,6/29/2022,09:22:32;057,"105136","220","7.967200"
Data,6/29/2022,09:22:32;582,"105137","220","8.072200"
Data,6/29/2022,09:22:33;107,"105138","220","7.955000"
Data,6/29/2022,09:22:33;632,"105139","220","8.060000"
Data,6/29/2022,09:22:34;157,"105140","220","7.942800"
Data,6/29/2022,09:22:34;682,"105141","220","8.047800"
Data,6/29/2022,09:22:35;207,"105142","220","7.930600"
Data,6/29/2022,09:22:35;732,"105143","220","8.035600"
Data,6/29/2022,09:22:36;257,"105144","220","7.918400"
Data,6/29/2022,09:22:36;782,"105145","220","8.023400"
Data,6/29/2022,09:22:37;307,"105146","220","7.906200"
Data,6/29/2022,09:22:37;832,"105147","220","8.011200"
Data,6/29/2022,09:22:38;357,"105148","220","8.116200"
Data,6/29/2022,09:22:38;882,"105149","220","7.999000"
Data,6/29/2022,09:22:39;407,"105150","220","8.104000"
Data,6/29/2022,09:22:39;932,"105151","220","7.986800"
Data,6/29/2022,09:22:40;457,"105152","220","8.091800"
Data,6/29/2022,09:22:40;982,"105153","220","7.974600"
Data,6/29/2022,09:22:41;507,"105154","220","8.079600"
Data,6/29/2022,09:22:42;032,"105155","220","7.962400"
Data,6/29/2022,09:22:42;557,"105156","220","8.067400"
Data,6/29/2022,09:22:43;082,"105157","220","7.950200"
Data,6/29/2022,09:22:43;607,"105158","220","8.055201"
Data,6/29/2022,09:22:44;132,"105159","220","7.938000"
Data,6/29/2022,09:22:44;657,"105160","220","8.043000"
Data,6/29/2022,09:22:45;182,"105161","220","7.925800"
Data,6/29/2022,09:22:45;707,"105162","220","8.030800"
Data,6/29/2022,09:22:46;232,"105163","220","7.913600"
Data,6/29/2022,09:22:46;757,"105164","220","8.018600"
Data,6/29/2022,09:22:47;282,"105165","220","7.901400"
Data,6/29/2022,09:22:47;807,"105166","220","8.006400"
Data,6/29/2022,09:22:48;332,"105167","220","8.111400"
Data,6/29/2022,09:22:48;857,"105168","220","7.994200"
Data,6/29/2022,09:22:49;382,"105169","220","8.099200"
Data,6/29/2022,09:22:49;907,"105170","220","7.982000"
Data,6/29/2022,09:22:50;432,"105171","220","8.087000"
Data,6/29/2022,09:22:50;957,"105172","220","7.969800"
Data,6/29/2022,09:22:51;482,"105173","220","8.074800"
Data,6/29/2022,09:22:52;007,"105174","220","7.957600"
Data,6/29/2022,09:22:52;532,"105175","220","8.062600"
Data,6/29/2022,09:22:53;057,"105176","220","7.945400"
Data,6/29/2022,09:22:53;582,"105177","220","8.050400"
Data,6/29/2022,09:22:54;107,"105178","220","7.933200"
Data,6/29/2022,09:22:54;632,"105179","220","8.038200"
Data,6/29/2022,09:22:55;157,"105180","220","7.921000"
Data,6/29/2022,09:22:55;682,"105181","220","8.026000"
Data,6/29/2022,09:22:56;207,"105182","220","7.908600"
Data,6/29/2022,09:22:56;732,"105183","220","8.013600"
Data,6/29/2022,09:22:57;257,"105184","220","8.118600"
Data,6/29/2022,09:22:57;782,"105185","220","8.001400"
Data,6/29/2022,09:22:58;307,"105186","220","8.106400"
Data,6/29/2022,09:22:58;832,"105187","220","7.989200"
Data,6/29/2022,09:22:59;357,"105188","220","8.094200"
Data,6/29/2022,09:22:59;882,"105189","220","7.977000"
Data,6/29/2022,09:23:00;407,"105190","220","8.082000"
Data,6/29/2022,09:23:00;932,"105191","220","7.964800"
Data,6/29/2022,09:23:01;457,"105192","220","8.069800"
Data,6/29/2022,09:23:01;982,"105193","220","7.952600"
Data,6/29/2022,09:23:02;507,"105194","220","8.057600"
Data,6/29/2022,09:23:03;032,"105195","220","7.940400"
Data,6/29/2022,09:23:03;557,"105196","220","8.045400"
Data,6/29/2022,09:23:04;082,"105197","220","7.928200"
Data,6/29/2022,09:23:04;607,"105198","220","8.033200"
Data,6/29/2022,09:23:05;132,"105199","220","7.916000"
Data,6/29/2022,09:23:05;657,"105200","220","8.021000"
Data,6/29/2022,09:23:06;182,"105201","220","7.903800"
Data,6/29/2022,09:23:06;707,"105202","220","8.008801"
Data,6/29/2022,09:23:07;232,"105203","220","8.113800"
Data,6/29/2022,09:23:07;757,"105204","220","7.996600"
Data,6/29/2022,09:23:08;282,"105205","220","8.101600"
Data,6/29/2022,09:23:08;807,"105206","220","7.984400"
Data,6/29/2022,09:23:09;332,"105207","220","8.089400"
Data,6/29/2022,09:23:09;857,"105208","220","7.972200"
Data,6/29/2022,09:23:10;382,"105209","220","8.077200"
Data,6/29/2022,09:23:10;907,"105210","220","7.960000"
Data,6/29/2022,09:23:11;432,"105211","220","8.065001"
Data,6/29/2022,09:23:11;957,"105212","220","7.947800"
Data,6/29/2022,09:23:12;482,"105213","220","8.052800"
Data,6/29/2022,09:23:13;007,"105214","220","7.935600"
Data,6/29/2022,09:23:13;532,"105215","220","8.040600"
Data,6/29/2022,09:23:14;057,"105216","220","7.923400"
Data,6/29/2022,09:23:14;582,"105217","220","8.028400"
Data,6/29/2022,09:23:15;107,"105218","220","7.911200"
Data,6/29/2022,09:23:15;632,"105219","220","8.016200"
Data,6/29/2022,09:23:16;157,"105220","220","8.121201"
Data,6/29/2022,09:23:16;682,"105221","220","8.004000"
Data,6/29/2022,09:23:17;207,"105222","220","8.109000"
Data,6/29/2022,09:23:17;732,"105223","220","7.991800"
Data,6/29/2022,09:23:18;257,"105224","220","8.096800"
Data,6/29/2022,09:23:18;782,"105225","220","7.979600"
Data,6/29/2022,09:23:19;307,"105226","220","8.084600"
Data,6/29/2022,09:23:19;832,"105227","220","7.967400"
Data,6/29/2022,09:23:20;357,"105228","220","8.072400"
Data,6/29/2022,09:23:20;882,"105229","220","7.955200"
Data,6/29/2022,09:23:21;407,"105230","220","8.060200"
Data,6/29/2022,09:23:21;932,"105231","220","7.943000"
Data,6/29/2022,09:23:22;457,"105232","220","8.048000"
Data,6/29/2022,09:23:22;982,"105233","220","7.930800"
Data,6/29/2022,09:23:23;507,"105234","220","8.035800"
Data,6/29/2022,09:23:24;032,"105235","220","7.918600"
Data,6/29/2022,09:23:24;557,"105236","220","8.023600"
Data,6/29/2022,09:23:25;082,"105237","220","7.906400"
Data,6/29/2022,09:23:25;607,"105238","220","8.011400"
Data,6/29/2022,09:23:26;132,"105239","220","8.116400"
Data,6/29/2022,09:23:26;657,"105240","220","7.999200"
Data,6/29/2022,09:23:27;182,"105241","220","8.104200"
Data,6/29/2022,09:23:27;707,"105242","220","7.987000"
Data,6/29/2022,09:23:28;232,"105243","220","8.092000"
Data,6/29/2022,09:23:28;757,"105244","220","7.974800"
Data,6/29/2022,09:23:29;282,"105245","220","8.079800"
Data,6/29/2022,09:23:29;807,"105246","220","7.962600"
Data,6/29/2022,09:23:30;332,"105247","220","8.067600"
Data,6/29/2022,09:23:30;857,"105248","220","7.950400"
Data,6/29/2022,09:23:31;382,"105249","220","8.055400"
Data,6/29/2022,09:23:31;907,"105250","220","7.938200"
Data,6/29/2022,09:23:32;432,"105251","220","8.043200"
Data,6/29/2022,09:23:32;957,"105252","220","7.926000"
Data,6/29/2022,09:23:33;482,"105253","220","8.031000"
Data,6/29/2022,09:23:34;007,"105254","220","7.913800"
Data,6/29/2022,09:23:34;532,"105255","220","8.018800"
Data,6/29/2022,09:23:35;057,"105256","220","7.901600"
Data,6/29/2022,09:23:35;582,"105257","220","8.006600"
Data,6/29/2022,09:23:36;107,"105258","220","8.111600"
Data,6/29/2022,09:23:36;632,"105259","220","7.994400"
Data,6/29/2022,09:23:37;157,"105260","220","8.099401"
Data,6/29/2022,09:23:37;682,"105261","220","7.982200"
Data,6/29/2022,09:23:38;207,"105262","220","8.087200"
Data,6/29/2022,09:23:38;732,"105263","220","7.970000"
Data,6/29/2022,09:23:39;257,"105264","220","8.075000"
Data,6/29/2022,09:23:39;782,"105265","220","7.957800"
Data,6/29/2022,09:23:40;307,"105266","220","8.062800"
Data,6/29/2022,09:23:40;832,"105267","220","7.945600"
Data,6/29/2022,09:23:41;357,"105268","220","8.050600"
Data,6/29/2022,09:23:41;882,"105269","220","7.933400"
Data,6/29/2022,09:23:42;407,"105270","220","8.038400"
Data,6/29/2022,09:23:42;932,"105271","220","7.921200"
Data,6/29/2022,09:23:43;457,"105272","220","8.026200"
Data,6/29/2022,09:23:43;982,"105273","220","7.909000"
Data,6/29/2022,09:23:44;507,"105274","220","8.014000"
Data,6/29/2022,09:23:45;032,"105275","220","8.119000"
Data,6/29/2022,09:23:45;557,"105276","220","8.001801"
Data,6/29/2022,09:23:46;082,"105277","220","8.106800"
Data,6/29/2022,09:23:46;607,"105278","220","7.989600"
Data,6/29/2022,09:23:47;132,"105279","220","8.094600"
Data,6/29/2022,09:23:47;657,"105280","220","7.977400"
Data,6/29/2022,09:23:48;182,"105281","220","8.082400"
Data,6/29/2022,09:23:48;707,"105282","220","7.965200"
Data,6/29/2022,09:23:49;232,"105283","220","8.070200"
Data,6/29/2022,09:23:49;757,"105284","220","7.953000"
Data,6/29/2022,09:23:50;282,"105285","220","8.058001"
Data,6/29/2022,09:23:50;807,"105286","220","7.940800"
Data,6/29/2022,09:23:51;332,"105287","220","8.045800"
Data,6/29/2022,09:23:51;857,"105288","220","7.928600"
Data,6/29/2022,09:23:52;382,"105289","220","8.033600"
Data,6/29/2022,09:23:52;907,"105290","220","7.916400"
Data,6/29/2022,09:23:53;432,"105291","220","8.021400"
Data,6/29/2022,09:23:53;957,"105292","220","7.904200"
Data,6/29/2022,09:23:54;482,"105293","220","8.009200"
Data,6/29/2022,09:23:55;007,"105294","220","8.114200"
Data,6/29/2022,09:23:55;532,"105295","220","7.997000"
Data,6/29/2022,09:23:56;057,"105296","220","8.102000"
Data,6/29/2022,09:23:56;582,"105297","220","7.984800"
Data,6/29/2022,09:23:57;107,"105298","220","8.089800"
Data,6/29/2022,09:23:57;632,"105299","220","7.972600"
Data,6/29/2022,09:23:58;157,"105300","220","8.077600"
Data,6/29/2022,09:23:58;682,"105301","220","7.960400"
Data,6/29/2022,09:23:59;207,"105302","220","8.065400"
Data,6/29/2022,09:23:59;732,"105303","220","7.948200"
Data,6/29/2022,09:24:00;257,"105304","220","8.053200"
Data,6/29/2022,09:24:00;782,"105305","220","7.936000"
Data,6/29/2022,09:24:01;307,"105306","220","8.041000"
Data,6/29/2022,09:24:01;832,"105307","220","7.923800"
Data,6/29/2022,09:24:02;357,"105308","220","8.028800"
Data,6/29/2022,09:24:02;882,"105309","220","7.911600"
Data,6/29/2022,09:24:03;407,"105310","220","8.016600"
Data,6/29/2022,09:24:03;932,"105311","220","8.121600"
Data,6/29/2022,09:24:04;457,"105312","220","8.004400"
Data,6/29/2022,09:24:04;982,"105313","220","8.109400"
Data,6/29/2022,09:24:05;507,"105314","220","7.992200"
Data,6/29/2022,09:24:06;032,"105315","220","8.097200"
Data,6/29/2022,09:24:06;557,"105316","220","7.979800"
Data,6/29/2022,09:24:07;082,"105317","220","8.085000"
Data,6/29/2022,09:24:07;607,"105318","220","7.967800"
Data,6/29/2022,09:24:08;132,"105319","220","8.072800"
Data,6/29/2022,09:24:08;657,"105320","220","7.955600"
Data,6/29/2022,09:24:09;182,"105321","220","8.060600"
Data,6/29/2022,09:24:09;707,"105322","220","7.943400"
Data,6/29/2022,09:24:10;232,"105323","220","8.048400"
Data,6/29/2022,09:24:10;757,"105324","220","7.931200"
Data,6/29/2022,09:24:11;282,"105325","220","8.036201"
Data,6/29/2022,09:24:11;807,"105326","220","7.919000"
Data,6/29/2022,09:24:12;332,"105327","220","8.024000"
Data,6/29/2022,09:24:12;857,"105328","220","7.906800"
Data,6/29/2022,09:24:13;382,"105329","220","8.011800"
Data,6/29/2022,09:24:13;907,"105330","220","8.116800"
Data,6/29/2022,09:24:14;432,"105331","220","7.999600"
Data,6/29/2022,09:24:14;957,"105332","220","8.104600"
Data,6/29/2022,09:24:15;482,"105333","220","7.987400"
Data,6/29/2022,09:24:16;007,"105334","220","8.092401"
Data,6/29/2022,09:24:16;532,"105335","220","7.975200"
Data,6/29/2022,09:24:17;057,"105336","220","8.080200"
Data,6/29/2022,09:24:17;582,"105337","220","7.963000"
Data,6/29/2022,09:24:18;107,"105338","220","8.068000"
Data,6/29/2022,09:24:18;632,"105339","220","7.950800"
Data,6/29/2022,09:24:19;157,"105340","220","8.055800"
Data,6/29/2022,09:24:19;682,"105341","220","7.938600"
Data,6/29/2022,09:24:20;207,"105342","220","8.043600"
Data,6/29/2022,09:24:20;732,"105343","220","7.926400"
Data,6/29/2022,09:24:21;257,"105344","220","8.031400"
Data,6/29/2022,09:24:21;782,"105345","220","7.914200"
Data,6/29/2022,09:24:22;307,"105346","220","8.019200"
Data,6/29/2022,09:24:22;832,"105347","220","7.902000"
Data,6/29/2022,09:24:23;357,"105348","220","8.007000"
Data,6/29/2022,09:24:23;882,"105349","220","8.112000"
Data,6/29/2022,09:24:24;407,"105350","220","7.994800"
Data,6/29/2022,09:24:24;932,"105351","220","8.099800"
Data,6/29/2022,09:24:25;457,"105352","220","7.982600"
Data,6/29/2022,09:24:25;982,"105353","220","8.087600"
Data,6/29/2022,09:24:26;507,"105354","220","7.970400"
Data,6/29/2022,09:24:27;032,"105355","220","8.075400"
Data,6/29/2022,09:24:27;557,"105356","220","7.958200"
Data,6/29/2022,09:24:28;082,"105357","220","8.063200"
Data,6/29/2022,09:24:28;607,"105358","220","7.946000"
Data,6/29/2022,09:24:29;132,"105359","220","8.051000"
Data,6/29/2022,09:24:29;657,"105360","220","7.933800"
Data,6/29/2022,09:24:30;182,"105361","220","8.038800"
Data,6/29/2022,09:24:30;707,"105362","220","7.921600"
Data,6/29/2022,09:24:31;232,"105363","220","8.026600"
Data,6/29/2022,09:24:31;757,"105364","220","7.909400"
Data,6/29/2022,09:24:32;282,"105365","220","8.014400"
Data,6/29/2022,09:24:32;807,"105366","220","8.119400"
Data,6/29/2022,09:24:33;332,"105367","220","8.002200"
Data,6/29/2022,09:24:33;857,"105368","220","8.107200"
Data,6/29/2022,09:24:34;382,"105369","220","7.990000"
Data,6/29/2022,09:24:34;907,"105370","220","8.095000"
Data,6/29/2022,09:24:35;432,"105371","220","7.977800"
Data,6/29/2022,09:24:35;957,"105372","220","8.082800"
Data,6/29/2022,09:24:36;482,"105373","220","7.965600"
Data,6/29/2022,09:24:37;007,"105374","220","8.070601"
Data,6/29/2022,09:24:37;532,"105375","220","7.953400"
Data,6/29/2022,09:24:38;057,"105376","220","8.058400"
Data,6/29/2022,09:24:38;582,"105377","220","7.941200"
Data,6/29/2022,09:24:39;107,"105378","220","8.046200"
Data,6/29/2022,09:24:39;632,"105379","220","7.929000"
Data,6/29/2022,09:24:40;157,"105380","220","8.034000"
Data,6/29/2022,09:24:40;682,"105381","220","7.916800"
Data,6/29/2022,09:24:41;207,"105382","220","8.021800"
Data,6/29/2022,09:24:41;732,"105383","220","7.904600"
Data,6/29/2022,09:24:42;257,"105384","220","8.009600"
Data,6/29/2022,09:24:42;782,"105385","220","8.114600"
Data,6/29/2022,09:24:43;307,"105386","220","7.997400"
Data,6/29/2022,09:24:43;832,"105387","220","8.102400"
Data,6/29/2022,09:24:44;357,"105388","220","7.985200"
Data,6/29/2022,09:24:44;882,"105389","220","8.090200"
Data,6/29/2022,09:24:45;407,"105390","220","7.973000"
Data,6/29/2022,09:24:45;932,"105391","220","8.078000"
Data,6/29/2022,09:24:46;457,"105392","220","7.960800"
Data,6/29/2022,09:24:46;982,"105393","220","8.065800"
Data,6/29/2022,09:24:47;507,"105394","220","7.948600"
Data,6/29/2022,09:24:48;032,"105395","220","8.053600"
Data,6/29/2022,09:24:48;557,"105396","220","7.936400"
Data,6/29/2022,09:24:49;082,"105397","220","8.041400"
Data,6/29/2022,09:24:49;607,"105398","220","7.924200"
Data,6/29/2022,09:24:50;132,"105399","220","8.029201"
Data,6/29/2022,09:24:50;657,"105400","220","7.912000"
Data,6/29/2022,09:24:51;182,"105401","220","8.017000"
Data,6/29/2022,09:24:51;707,"105402","220","8.122000"
Data,6/29/2022,09:24:52;232,"105403","220","8.004800"
Data,6/29/2022,09:24:52;757,"105404","220","8.109800"
Data,6/29/2022,09:24:53;282,"105405","220","7.992600"
Data,6/29/2022,09:24:53;807,"105406","220","8.097600"
Data,6/29/2022,09:24:54;332,"105407","220","7.980400"
Data,6/29/2022,09:24:54;857,"105408","220","8.085400"
Data,6/29/2022,09:24:55;382,"105409","220","7.968200"
Data,6/29/2022,09:24:55;907,"105410","220","8.073200"
Data,6/29/2022,09:24:56;432,"105411","220","7.956000"
Data,6/29/2022,09:24:56;957,"105412","220","8.061000"
Data,6/29/2022,09:24:57;482,"105413","220","7.943800"
Data,6/29/2022,09:24:58;007,"105414","220","8.048800"
Data,6/29/2022,09:24:58;532,"105415","220","7.931600"
Data,6/29/2022,09:24:59;057,"105416","220","8.036600"
Data,6/29/2022,09:24:59;582,"105417","220","7.919400"
Data,6/29/2022,09:25:00;107,"105418","220","8.024400"
Data,6/29/2022,09:25:00;632,"105419","220","7.907200"
Data,6/29/2022,09:25:01;157,"105420","220","8.012200"
Data,6/29/2022,09:25:01;682,"105421","220","8.117200"
Data,6/29/2022,09:25:02;207,"105422","220","8.000000"
Data,6/29/2022,09:25:02;732,"105423","220","8.105000"
Data,6/29/2022,09:25:03;257,"105424","220","7.987800"
Data,6/29/2022,09:25:03;782,"105425","220","8.092800"
Data,6/29/2022,09:25:04;307,"105426","220","7.975600"
Data,6/29/2022,09:25:04;832,"105427","220","8.080600"
Data,6/29/2022,09:25:05;357,"105428","220","7.963400"
Data,6/29/2022,09:25:05;882,"105429","220","8.068400"
Data,6/29/2022,09:25:06;407,"105430","220","7.951200"
Data,6/29/2022,09:25:06;932,"105431","220","8.056200"
Data,6/29/2022,09:25:07;457,"105432","220","7.939000"
Data,6/29/2022,09:25:07;982,"105433","220","8.044000"
Data,6/29/2022,09:25:08;507,"105434","220","7.926800"
Data,6/29/2022,09:25:09;032,"105435","220","8.031800"
Data,6/29/2022,09:25:09;557,"105436","220","7.914600"
Data,6/29/2022,09:25:10;082,"105437","220","8.019600"
Data,6/29/2022,09:25:10;607,"105438","220","7.902400"
Data,6/29/2022,09:25:11;132,"105439","220","8.007401"
Data,6/29/2022,09:25:11;657,"105440","220","8.112400"
Data,6/29/2022,09:25:12;182,"105441","220","7.995200"
Data,6/29/2022,09:25:12;707,"105442","220","8.100200"
Data,6/29/2022,09:25:13;232,"105443","220","7.983000"
Data,6/29/2022,09:25:13;757,"105444","220","8.088000"
Data,6/29/2022,09:25:14;282,"105445","220","7.970800"
Data,6/29/2022,09:25:14;807,"105446","220","8.075800"
Data,6/29/2022,09:25:15;332,"105447","220","7.958600"
Data,6/29/2022,09:25:15;857,"105448","220","8.063601"
Data,6/29/2022,09:25:16;382,"105449","220","7.946400"
Data,6/29/2022,09:25:16;907,"105450","220","8.051400"
Data,6/29/2022,09:25:17;432,"105451","220","7.934200"
Data,6/29/2022,09:25:17;957,"105452","220","8.039200"
Data,6/29/2022,09:25:18;482,"105453","220","7.922000"
Data,6/29/2022,09:25:19;007,"105454","220","8.027000"
Data,6/29/2022,09:25:19;532,"105455","220","7.909800"
Data,6/29/2022,09:25:20;057,"105456","220","8.014800"
Data,6/29/2022,09:25:20;582,"105457","220","8.119801"
Data,6/29/2022,09:25:21;107,"105458","220","8.002600"
Data,6/29/2022,09:25:21;632,"105459","220","8.107600"
Data,6/29/2022,09:25:22;157,"105460","220","7.990400"
Data,6/29/2022,09:25:22;682,"105461","220","8.095400"
Data,6/29/2022,09:25:23;207,"105462","220","7.978200"
Data,6/29/2022,09:25:23;732,"105463","220","8.083200"
Data,6/29/2022,09:25:24;257,"105464","220","7.966000"
Data,6/29/2022,09:25:24;782,"105465","220","8.071000"
Data,6/29/2022,09:25:25;307,"105466","220","7.953800"
Data,6/29/2022,09:25:25;832,"105467","220","8.058800"
Data,6/29/2022,09:25:26;357,"105468","220","7.941600"
Data,6/29/2022,09:25:26;882,"105469","220","8.046600"
Data,6/29/2022,09:25:27;407,"105470","220","7.929400"
Data,6/29/2022,09:25:27;932,"105471","220","8.034400"
Data,6/29/2022,09:25:28;457,"105472","220","7.917200"
Data,6/29/2022,09:25:28;982,"105473","220","8.022200"
Data,6/29/2022,09:25:29;507,"105474","220","7.905000"
Data,6/29/2022,09:25:30;032,"105475","220","8.010000"
Data,6/29/2022,09:25:30;557,"105476","220","8.115000"
Data,6/29/2022,09:25:31;082,"105477","220","7.997800"
Data,6/29/2022,09:25:31;607,"105478","220","8.102800"
Data,6/29/2022,09:25:32;132,"105479","220","7.985600"
Data,6/29/2022,09:25:32;657,"105480","220","8.090600"
Data,6/29/2022,09:25:33;182,"105481","220","7.973400"
Data,6/29/2022,09:25:33;707,"105482","220","8.078400"
Data,6/29/2022,09:25:34;232,"105483","220","7.961200"
Data,6/29/2022,09:25:34;757,"105484","220","8.066200"
Data,6/29/2022,09:25:35;282,"105485","220","7.949000"
Data,6/29/2022,09:25:35;807,"105486","220","8.054000"
Data,6/29/2022,09:25:36;332,"105487","220","7.936800"
Data,6/29/2022,09:25:36;857,"105488","220","8.041800"
Data,6/29/2022,09:25:37;382,"105489","220","7.924600"
Data,6/29/2022,09:25:37;907,"105490","220","8.029600"
Data,6/29/2022,09:25:38;432,"105491","220","7.912400"
Data,6/29/2022,09:25:38;957,"105492","220","8.017400"
Data,6/29/2022,09:25:39;482,"105493","220","7.900200"
Data,6/29/2022,09:25:40;007,"105494","220","8.005200"
Data,6/29/2022,09:25:40;532,"105495","220","8.110200"
Data,6/29/2022,09:25:41;057,"105496","220","7.993000"
Data,6/29/2022,09:25:41;582,"105497","220","8.098001"
Data,6/29/2022,09:25:42;107,"105498","220","7.980800"
Data,6/29/2022,09:25:42;632,"105499","220","8.085800"
Data,6/29/2022,09:25:43;157,"105500","220","7.968600"
Data,6/29/2022,09:25:43;682,"105501","220","8.073600"
Data,6/29/2022,09:25:44;207,"105502","220","7.956400"
Data,6/29/2022,09:25:44;732,"105503","220","8.061400"
Data,6/29/2022,09:25:45;257,"105504","220","7.944200"
Data,6/29/2022,09:25:45;782,"105505","220","8.049200"
Data,6/29/2022,09:25:46;307,"105506","220","7.932000"
Data,6/29/2022,09:25:46;832,"105507","220","8.037000"
Data,6/29/2022,09:25:47;357,"105508","220","7.919800"
Data,6/29/2022,09:25:47;882,"105509","220","8.024800"
Data,6/29/2022,09:25:48;407,"105510","220","7.907600"
Data,6/29/2022,09:25:48;932,"105511","220","8.012600"
Data,6/29/2022,09:25:49;457,"105512","220","8.117600"
Data,6/29/2022,09:25:49;982,"105513","220","8.000401"
Data,6/29/2022,09:25:50;507,"105514","220","8.105400"
Data,6/29/2022,09:25:51;032,"105515","220","7.988200"
Data,6/29/2022,09:25:51;557,"105516","220","8.093200"
Data,6/29/2022,09:25:52;082,"105517","220","7.976000"
Data,6/29/2022,09:25:52;607,"105518","220","8.081000"
Data,6/29/2022,09:25:53;132,"105519","220","7.963800"
Data,6/29/2022,09:25:53;657,"105520","220","8.068800"
Data,6/29/2022,09:25:54;182,"105521","220","7.951600"
Data,6/29/2022,09:25:54;707,"105522","220","8.056601"
Data,6/29/2022,09:25:55;232,"105523","220","7.939400"
Data,6/29/2022,09:25:55;757,"105524","220","8.044400"
Data,6/29/2022,09:25:56;282,"105525","220","7.927200"
Data,6/29/2022,09:25:56;807,"105526","220","8.032200"
Data,6/29/2022,09:25:57;332,"105527","220","7.915000"
Data,6/29/2022,09:25:57;857,"105528","220","8.020000"
Data,6/29/2022,09:25:58;382,"105529","220","7.902800"
Data,6/29/2022,09:25:58;907,"105530","220","8.007800"
Data,6/29/2022,09:25:59;432,"105531","220","8.112800"
Data,6/29/2022,09:25:59;957,"105532","220","7.995600"
Data,6/29/2022,09:26:00;482,"105533","220","8.100600"
Data,6/29/2022,09:26:01;007,"105534","220","7.983200"
Data,6/29/2022,09:26:01;532,"105535","220","8.088200"
Data,6/29/2022,09:26:02;057,"105536","220","7.971000"
Data,6/29/2022,09:26:02;582,"105537","220","8.076000"
Data,6/29/2022,09:26:03;107,"105538","220","7.958800"
Data,6/29/2022,09:26:03;632,"105539","220","8.063800"
Data,6/29/2022,09:26:04;157,"105540","220","7.946600"
Data,6/29/2022,09:26:04;682,"105541","220","8.051600"
Data,6/29/2022,09:26:05;207,"105542","220","7.934400"
Data,6/29/2022,09:26:05;732,"105543","220","8.039400"
Data,6/29/2022,09:26:06;257,"105544","220","7.922200"
Data,6/29/2022,09:26:06;782,"105545","220","8.027200"
Data,6/29/2022,09:26:07;307,"105546","220","7.910000"
Data,6/29/2022,09:26:07;832,"105547","220","8.015000"
Data,6/29/2022,09:26:08;357,"105548","220","8.120000"
Data,6/29/2022,09:26:08;882,"105549","220","8.002800"
Data,6/29/2022,09:26:09;407,"105550","220","8.107800"
Data,6/29/2022,09:26:09;932,"105551","220","7.990600"
Data,6/29/2022,09:26:10;457,"105552","220","8.095600"
Data,6/29/2022,09:26:10;982,"105553","220","7.978400"
Data,6/29/2022,09:26:11;507,"105554","220","8.083400"
Data,6/29/2022,09:26:12;032,"105555","220","7.966200"
Data,6/29/2022,09:26:12;557,"105556","220","8.071200"
Data,6/29/2022,09:26:13;082,"105557","220","7.954000"
Data,6/29/2022,09:26:13;607,"105558","220","8.059000"
Data,6/29/2022,09:26:14;132,"105559","220","7.941800"
Data,6/29/2022,09:26:14;657,"105560","220","8.046800"
Data,6/29/2022,09:26:15;182,"105561","220","7.929600"
Data,6/29/2022,09:26:15;707,"105562","220","8.034600"
Data,6/29/2022,09:26:16;232,"105563","220","7.917400"
Data,6/29/2022,09:26:16;757,"105564","220","8.022400"
Data,6/29/2022,09:26:17;282,"105565","220","7.905200"
Data,6/29/2022,09:26:17;807,"105566","220","8.010201"
Data,6/29/2022,09:26:18;332,"105567","220","8.115200"
Data,6/29/2022,09:26:18;857,"105568","220","7.997800"
Data,6/29/2022,09:26:19;382,"105569","220","8.102800"
Data,6/29/2022,09:26:19;907,"105570","220","7.985600"
Data,6/29/2022,09:26:20;432,"105571","220","8.090600"
Data,6/29/2022,09:26:20;957,"105572","220","7.973400"
Data,6/29/2022,09:26:21;482,"105573","220","8.078400"
Data,6/29/2022,09:26:22;007,"105574","220","7.961200"
Data,6/29/2022,09:26:22;532,"105575","220","8.066200"
Data,6/29/2022,09:26:23;057,"105576","220","7.949000"
Data,6/29/2022,09:26:23;582,"105577","220","8.054000"
Data,6/29/2022,09:26:24;107,"105578","220","7.936800"
Data,6/29/2022,09:26:24;632,"105579","220","8.041800"
Data,6/29/2022,09:26:25;157,"105580","220","7.924600"
Data,6/29/2022,09:26:25;682,"105581","220","8.029600"
Data,6/29/2022,09:26:26;207,"105582","220","7.912400"
Data,6/29/2022,09:26:26;732,"105583","220","8.017400"
Data,6/29/2022,09:26:27;257,"105584","220","7.900200"
Data,6/29/2022,09:26:27;782,"105585","220","8.005200"
Data,6/29/2022,09:26:28;307,"105586","220","8.110200"
Data,6/29/2022,09:26:28;832,"105587","220","7.993000"
Data,6/29/2022,09:26:29;357,"105588","220","8.098001"
Data,6/29/2022,09:26:29;882,"105589","220","7.980800"
Data,6/29/2022,09:26:30;407,"105590","220","8.085800"
Data,6/29/2022,09:26:30;932,"105591","220","7.968600"
Data,6/29/2022,09:26:31;457,"105592","220","8.073600"
Data,6/29/2022,09:26:31;982,"105593","220","7.956400"
Data,6/29/2022,09:26:32;507,"105594","220","8.061400"
Data,6/29/2022,09:26:33;032,"105595","220","7.944200"
Data,6/29/2022,09:26:33;557,"105596","220","8.049200"
Data,6/29/2022,09:26:34;082,"105597","220","7.932000"
Data,6/29/2022,09:26:34;607,"105598","220","8.037000"
Data,6/29/2022,09:26:35;132,"105599","220","7.919800"
Data,6/29/2022,09:26:35;657,"105600","220","8.024800"
Data,6/29/2022,09:26:36;182,"105601","220","7.907600"
Data,6/29/2022,09:26:36;707,"105602","220","8.012600"
Data,6/29/2022,09:26:37;232,"105603","220","8.117600"
Data,6/29/2022,09:26:37;757,"105604","220","8.000401"
Data,6/29/2022,09:26:38;282,"105605","220","8.105400"
Data,6/29/2022,09:26:38;807,"105606","220","7.988200"
Data,6/29/2022,09:26:39;332,"105607","220","8.093200"
Data,6/29/2022,09:26:39;857,"105608","220","7.976000"
Data,6/29/2022,09:26:40;382,"105609","220","8.081000"
Data,6/29/2022,09:26:40;907,"105610","220","7.963800"
Data,6/29/2022,09:26:41;432,"105611","220","8.068800"
Data,6/29/2022,09:26:41;957,"105612","220","7.951600"
Data,6/29/2022,09:26:42;482,"105613","220","8.056601"
Data,6/29/2022,09:26:43;007,"105614","220","7.939400"
Data,6/29/2022,09:26:43;532,"105615","220","8.044400"
Data,6/29/2022,09:26:44;057,"105616","220","7.927200"
Data,6/29/2022,09:26:44;582,"105617","220","8.032200"
Data,6/29/2022,09:26:45;107,"105618","220","7.915000"
Data,6/29/2022,09:26:45;632,"105619","220","8.020000"
Data,6/29/2022,09:26:46;157,"105620","220","7.902800"
Data,6/29/2022,09:26:46;682,"105621","220","8.007800"
Data,6/29/2022,09:26:47;207,"105622","220","8.112800"
Data,6/29/2022,09:26:47;732,"105623","220","7.995600"
Data,6/29/2022,09:26:48;257,"105624","220","8.100600"
Data,6/29/2022,09:26:48;782,"105625","220","7.983400"
Data,6/29/2022,09:26:49;307,"105626","220","8.088400"
Data,6/29/2022,09:26:49;832,"105627","220","7.971200"
Data,6/29/2022,09:26:50;357,"105628","220","8.076200"
Data,6/29/2022,09:26:50;882,"105629","220","7.959000"
Data,6/29/2022,09:26:51;407,"105630","220","8.064000"
Data,6/29/2022,09:26:51;932,"105631","220","7.946800"
Data,6/29/2022,09:26:52;457,"105632","220","8.051800"
Data,6/29/2022,09:26:52;982,"105633","220","7.934600"
Data,6/29/2022,09:26:53;507,"105634","220","8.039600"
Data,6/29/2022,09:26:54;032,"105635","220","7.922400"
Data,6/29/2022,09:26:54;557,"105636","220","8.027400"
Data,6/29/2022,09:26:55;082,"105637","220","7.910200"
Data,6/29/2022,09:26:55;607,"105638","220","8.015200"
Data,6/29/2022,09:26:56;132,"105639","220","8.120200"
Data,6/29/2022,09:26:56;657,"105640","220","8.003000"
Data,6/29/2022,09:26:57;182,"105641","220","8.108000"
Data,6/29/2022,09:26:57;707,"105642","220","7.990800"
Data,6/29/2022,09:26:58;232,"105643","220","8.095800"
Data,6/29/2022,09:26:58;757,"105644","220","7.978600"
Data,6/29/2022,09:26:59;282,"105645","220","8.083600"
Data,6/29/2022,09:26:59;807,"105646","220","7.966400"
Data,6/29/2022,09:27:00;332,"105647","220","8.071400"
Data,6/29/2022,09:27:00;857,"105648","220","7.954200"
Data,6/29/2022,09:27:01;382,"105649","220","8.059200"
Data,6/29/2022,09:27:01;907,"105650","220","7.942000"
Data,6/29/2022,09:27:02;432,"105651","220","8.047000"
Data,6/29/2022,09:27:02;957,"105652","220","7.929800"
Data,6/29/2022,09:27:03;482,"105653","220","8.034801"
Data,6/29/2022,09:27:04;007,"105654","220","7.917600"
Data,6/29/2022,09:27:04;532,"105655","220","8.022600"
Data,6/29/2022,09:27:05;057,"105656","220","7.905400"
Data,6/29/2022,09:27:05;582,"105657","220","8.010400"
Data,6/29/2022,09:27:06;107,"105658","220","8.115400"
Data,6/29/2022,09:27:06;632,"105659","220","7.998200"
Data,6/29/2022,09:27:07;157,"105660","220","8.103200"
Data,6/29/2022,09:27:07;682,"105661","220","7.986000"
Data,6/29/2022,09:27:08;207,"105662","220","8.091001"
Data,6/29/2022,09:27:08;732,"105663","220","7.973800"
Data,6/29/2022,09:27:09;257,"105664","220","8.078800"
Data,6/29/2022,09:27:09;782,"105665","220","7.961600"
Data,6/29/2022,09:27:10;307,"105666","220","8.066600"
Data,6/29/2022,09:27:10;832,"105667","220","7.949400"
Data,6/29/2022,09:27:11;357,"105668","220","8.054400"
Data,6/29/2022,09:27:11;882,"105669","220","7.937200"
Data,6/29/2022,09:27:12;407,"105670","220","8.042200"
Data,6/29/2022,09:27:12;932,"105671","220","7.925000"
Data,6/29/2022,09:27:13;457,"105672","220","8.030000"
Data,6/29/2022,09:27:13;982,"105673","220","7.912800"
Data,6/29/2022,09:27:14;507,"105674","220","8.017800"
Data,6/29/2022,09:27:15;032,"105675","220","7.900600"
Data,6/29/2022,09:27:15;557,"105676","220","8.005600"
Data,6/29/2022,09:27:16;082,"105677","220","8.110600"
Data,6/29/2022,09:27:16;607,"105678","220","7.993400"
Data,6/29/2022,09:27:17;132,"105679","220","8.098400"
Data,6/29/2022,09:27:17;657,"105680","220","7.981200"
Data,6/29/2022,09:27:18;182,"105681","220","8.086200"
Data,6/29/2022,09:27:18;707,"105682","220","7.969000"
Data,6/29/2022,09:27:19;232,"105683","220","8.074000"
Data,6/29/2022,09:27:19;757,"105684","220","7.956800"
Data,6/29/2022,09:27:20;282,"105685","220","8.061800"
Data,6/29/2022,09:27:20;807,"105686","220","7.944600"
Data,6/29/2022,09:27:21;332,"105687","220","8.049600"
Data,6/29/2022,09:27:21;857,"105688","220","7.932400"
Data,6/29/2022,09:27:22;382,"105689","220","8.037400"
Data,6/29/2022,09:27:22;907,"105690","220","7.920200"
Data,6/29/2022,09:27:23;432,"105691","220","8.025200"
Data,6/29/2022,09:27:23;957,"105692","220","7.908000"
Data,6/29/2022,09:27:24;482,"105693","220","8.013000"
Data,6/29/2022,09:27:25;007,"105694","220","8.118000"
Data,6/29/2022,09:27:25;532,"105695","220","8.000800"
Data,6/29/2022,09:27:26;057,"105696","220","8.105800"
Data,6/29/2022,09:27:26;582,"105697","220","7.988600"
Data,6/29/2022,09:27:27;107,"105698","220","8.093600"
Data,6/29/2022,09:27:27;632,"105699","220","7.976400"
Data,6/29/2022,09:27:28;157,"105700","220","8.081400"
Data,6/29/2022,09:27:28;682,"105701","220","7.964200"
Data,6/29/2022,09:27:29;207,"105702","220","8.069201"
Data,6/29/2022,09:27:29;732,"105703","220","7.952000"
Data,6/29/2022,09:27:30;257,"105704","220","8.057000"
Data,6/29/2022,09:27:30;782,"105705","220","7.939800"
Data,6/29/2022,09:27:31;307,"105706","220","8.044800"
Data,6/29/2022,09:27:31;832,"105707","220","7.927600"
Data,6/29/2022,09:27:32;357,"105708","220","8.032600"
Data,6/29/2022,09:27:32;882,"105709","220","7.915400"
Data,6/29/2022,09:27:33;407,"105710","220","8.020400"
Data,6/29/2022,09:27:33;932,"105711","220","7.903200"
Data,6/29/2022,09:27:34;457,"105712","220","8.008200"
Data,6/29/2022,09:27:34;982,"105713","220","8.113200"
Data,6/29/2022,09:27:35;507,"105714","220","7.996000"
Data,6/29/2022,09:27:36;032,"105715","220","8.101000"
Data,6/29/2022,09:27:36;557,"105716","220","7.983800"
Data,6/29/2022,09:27:37;082,"105717","220","8.088800"
Data,6/29/2022,09:27:37;607,"105718","220","7.971600"
Data,6/29/2022,09:27:38;132,"105719","220","8.076600"
Data,6/29/2022,09:27:38;657,"105720","220","7.959400"
Data,6/29/2022,09:27:39;182,"105721","220","8.064400"
Data,6/29/2022,09:27:39;707,"105722","220","7.947200"
Data,6/29/2022,09:27:40;232,"105723","220","8.052200"
Data,6/29/2022,09:27:40;757,"105724","220","7.935000"
Data,6/29/2022,09:27:41;282,"105725","220","8.040000"
Data,6/29/2022,09:27:41;807,"105726","220","7.922800"
Data,6/29/2022,09:27:42;332,"105727","220","8.027801"
Data,6/29/2022,09:27:42;857,"105728","220","7.910600"
Data,6/29/2022,09:27:43;382,"105729","220","8.015600"
Data,6/29/2022,09:27:43;907,"105730","220","8.120600"
Data,6/29/2022,09:27:44;432,"105731","220","8.003400"
Data,6/29/2022,09:27:44;957,"105732","220","8.108400"
Data,6/29/2022,09:27:45;482,"105733","220","7.991200"
Data,6/29/2022,09:27:46;007,"105734","220","8.096200"
Data,6/29/2022,09:27:46;532,"105735","220","7.979000"
Data,6/29/2022,09:27:47;057,"105736","220","8.084000"
Data,6/29/2022,09:27:47;582,"105737","220","7.966800"
Data,6/29/2022,09:27:48;107,"105738","220","8.071800"
Data,6/29/2022,09:27:48;632,"105739","220","7.954600"
Data,6/29/2022,09:27:49;157,"105740","220","8.059600"
Data,6/29/2022,09:27:49;682,"105741","220","7.942400"
Data,6/29/2022,09:27:50;207,"105742","220","8.047400"
Data,6/29/2022,09:27:50;732,"105743","220","7.930200"
Data,6/29/2022,09:27:51;257,"105744","220","8.035200"
Data,6/29/2022,09:27:51;782,"105745","220","7.918000"
Data,6/29/2022,09:27:52;307,"105746","220","8.023000"
Data,6/29/2022,09:27:52;832,"105747","220","7.905800"
Data,6/29/2022,09:27:53;357,"105748","220","8.010800"
Data,6/29/2022,09:27:53;882,"105749","220","8.115800"
Data,6/29/2022,09:27:54;407,"105750","220","7.998600"
Data,6/29/2022,09:27:54;932,"105751","220","8.103601"
Data,6/29/2022,09:27:55;457,"105752","220","7.986400"
Data,6/29/2022,09:27:55;982,"105753","220","8.091400"
Data,6/29/2022,09:27:56;507,"105754","220","7.974200"
Data,6/29/2022,09:27:57;032,"105755","220","8.079200"
Data,6/29/2022,09:27:57;557,"105756","220","7.962000"
Data,6/29/2022,09:27:58;082,"105757","220","8.067000"
Data,6/29/2022,09:27:58;607,"105758","220","7.949800"
Data,6/29/2022,09:27:59;132,"105759","220","8.054800"
Data,6/29/2022,09:27:59;657,"105760","220","7.937600"
Data,6/29/2022,09:28:00;182,"105761","220","8.042600"
Data,6/29/2022,09:28:00;707,"105762","220","7.925400"
Data,6/29/2022,09:28:01;232,"105763","220","8.030400"
Data,6/29/2022,09:28:01;757,"105764","220","7.913200"
Data,6/29/2022,09:28:02;282,"105765","220","8.018200"
Data,6/29/2022,09:28:02;807,"105766","220","7.901000"
Data,6/29/2022,09:28:03;332,"105767","220","8.006001"
Data,6/29/2022,09:28:03;857,"105768","220","8.111000"
Data,6/29/2022,09:28:04;382,"105769","220","7.993800"
Data,6/29/2022,09:28:04;907,"105770","220","8.098800"
Data,6/29/2022,09:28:05;432,"105771","220","7.981600"
Data,6/29/2022,09:28:05;957,"105772","220","8.086600"
Data,6/29/2022,09:28:06;482,"105773","220","7.969400"
Data,6/29/2022,09:28:07;007,"105774","220","8.074400"
Data,6/29/2022,09:28:07;532,"105775","220","7.957200"
Data,6/29/2022,09:28:08;057,"105776","220","8.062201"
Data,6/29/2022,09:28:08;582,"105777","220","7.945000"
Data,6/29/2022,09:28:09;107,"105778","220","8.050000"
Data,6/29/2022,09:28:09;632,"105779","220","7.932800"
Data,6/29/2022,09:28:10;157,"105780","220","8.037800"
Data,6/29/2022,09:28:10;682,"105781","220","7.920600"
Data,6/29/2022,09:28:11;207,"105782","220","8.025600"
Data,6/29/2022,09:28:11;732,"105783","220","7.908400"
Data,6/29/2022,09:28:12;257,"105784","220","8.013400"
Data,6/29/2022,09:28:12;782,"105785","220","8.118401"
Data,6/29/2022,09:28:13;307,"105786","220","8.001200"
Data,6/29/2022,09:28:13;832,"105787","220","8.106200"
Data,6/29/2022,09:28:14;357,"105788","220","7.989000"
Data,6/29/2022,09:28:14;882,"105789","220","8.094000"
Data,6/29/2022,09:28:15;407,"105790","220","7.976800"
Data,6/29/2022,09:28:15;932,"105791","220","8.081800"
Data,6/29/2022,09:28:16;457,"105792","220","7.964600"
Data,6/29/2022,09:28:16;982,"105793","220","8.069600"
Data,6/29/2022,09:28:17;507,"105794","220","7.952400"
Data,6/29/2022,09:28:18;032,"105795","220","8.057400"
Data,6/29/2022,09:28:18;557,"105796","220","7.940200"
Data,6/29/2022,09:28:19;082,"105797","220","8.045200"
Data,6/29/2022,09:28:19;607,"105798","220","7.928000"
Data,6/29/2022,09:28:20;132,"105799","220","8.033000"
Data,6/29/2022,09:28:20;657,"105800","220","7.915800"
Data,6/29/2022,09:28:21;182,"105801","220","8.020800"
Data,6/29/2022,09:28:21;707,"105802","220","7.903600"
Data,6/29/2022,09:28:22;232,"105803","220","8.008600"
Data,6/29/2022,09:28:22;757,"105804","220","8.113600"
Data,6/29/2022,09:28:23;282,"105805","220","7.996400"
Data,6/29/2022,09:28:23;807,"105806","220","8.101400"
Data,6/29/2022,09:28:24;332,"105807","220","7.984200"
Data,6/29/2022,09:28:24;857,"105808","220","8.089200"
Data,6/29/2022,09:28:25;382,"105809","220","7.972000"
Data,6/29/2022,09:28:25;907,"105810","220","8.077000"
Data,6/29/2022,09:28:26;432,"105811","220","7.959800"
Data,6/29/2022,09:28:26;957,"105812","220","8.064800"
Data,6/29/2022,09:28:27;482,"105813","220","7.947600"
Data,6/29/2022,09:28:28;007,"105814","220","8.052600"
Data,6/29/2022,09:28:28;532,"105815","220","7.935400"
Data,6/29/2022,09:28:29;057,"105816","220","8.040401"
Data,6/29/2022,09:28:29;582,"105817","220","7.923200"
Data,6/29/2022,09:28:30;107,"105818","220","8.028200"
Data,6/29/2022,09:28:30;632,"105819","220","7.911000"
Data,6/29/2022,09:28:31;157,"105820","220","8.016000"
Data,6/29/2022,09:28:31;682,"105821","220","8.121000"
Data,6/29/2022,09:28:32;207,"105822","220","8.003800"
Data,6/29/2022,09:28:32;732,"105823","220","8.108800"
Data,6/29/2022,09:28:33;257,"105824","220","7.991600"
Data,6/29/2022,09:28:33;782,"105825","220","8.096601"
Data,6/29/2022,09:28:34;307,"105826","220","7.979400"
Data,6/29/2022,09:28:34;832,"105827","220","8.084400"
Data,6/29/2022,09:28:35;357,"105828","220","7.967200"
Data,6/29/2022,09:28:35;882,"105829","220","8.072200"
Data,6/29/2022,09:28:36;407,"105830","220","7.955000"
Data,6/29/2022,09:28:36;932,"105831","220","8.060000"
Data,6/29/2022,09:28:37;457,"105832","220","7.942800"
Data,6/29/2022,09:28:37;982,"105833","220","8.047800"
Data,6/29/2022,09:28:38;507,"105834","220","7.930600"
Data,6/29/2022,09:28:39;032,"105835","220","8.035600"
Data,6/29/2022,09:28:39;557,"105836","220","7.918400"
Data,6/29/2022,09:28:40;082,"105837","220","8.023400"
Data,6/29/2022,09:28:40;607,"105838","220","7.906200"
Data,6/29/2022,09:28:41;132,"105839","220","8.011200"
Data,6/29/2022,09:28:41;657,"105840","220","8.116200"
Data,6/29/2022,09:28:42;182,"105841","220","7.999000"
Data,6/29/2022,09:28:42;707,"105842","220","8.104000"
Data,6/29/2022,09:28:43;232,"105843","220","7.986800"
Data,6/29/2022,09:28:43;757,"105844","220","8.091800"
Data,6/29/2022,09:28:44;282,"105845","220","7.974600"
Data,6/29/2022,09:28:44;807,"105846","220","8.079600"
Data,6/29/2022,09:28:45;332,"105847","220","7.962400"
Data,6/29/2022,09:28:45;857,"105848","220","8.067400"
Data,6/29/2022,09:28:46;382,"105849","220","7.950200"
Data,6/29/2022,09:28:46;907,"105850","220","8.055201"
Data,6/29/2022,09:28:47;432,"105851","220","7.938000"
Data,6/29/2022,09:28:47;957,"105852","220","8.043000"
Data,6/29/2022,09:28:48;482,"105853","220","7.925800"
Data,6/29/2022,09:28:49;007,"105854","220","8.030800"
Data,6/29/2022,09:28:49;532,"105855","220","7.913600"
Data,6/29/2022,09:28:50;057,"105856","220","8.018600"
Data,6/29/2022,09:28:50;582,"105857","220","7.901400"
Data,6/29/2022,09:28:51;107,"105858","220","8.006400"
Data,6/29/2022,09:28:51;632,"105859","220","8.111400"
Data,6/29/2022,09:28:52;157,"105860","220","7.994200"
Data,6/29/2022,09:28:52;682,"105861","220","8.099200"
Data,6/29/2022,09:28:53;207,"105862","220","7.982000"
Data,6/29/2022,09:28:53;732,"105863","220","8.087000"
Data,6/29/2022,09:28:54;257,"105864","220","7.969800"
Data,6/29/2022,09:28:54;782,"105865","220","8.074800"
Data,6/29/2022,09:28:55;307,"105866","220","7.957600"
Data,6/29/2022,09:28:55;832,"105867","220","8.062600"
Data,6/29/2022,09:28:56;357,"105868","220","7.945400"
Data,6/29/2022,09:28:56;882,"105869","220","8.050400"
Data,6/29/2022,09:28:57;407,"105870","220","7.933200"
Data,6/29/2022,09:28:57;932,"105871","220","8.038200"
Data,6/29/2022,09:28:58;457,"105872","220","7.921000"
Data,6/29/2022,09:28:58;982,"105873","220","8.026000"
Data,6/29/2022,09:28:59;507,"105874","220","7.908800"
Data,6/29/2022,09:29:00;032,"105875","220","8.013800"
Data,6/29/2022,09:29:00;557,"105876","220","8.118800"
Data,6/29/2022,09:29:01;082,"105877","220","8.001600"
Data,6/29/2022,09:29:01;607,"105878","220","8.106600"
Data,6/29/2022,09:29:02;132,"105879","220","7.989400"
Data,6/29/2022,09:29:02;657,"105880","220","8.094400"
Data,6/29/2022,09:29:03;182,"105881","220","7.977200"
Data,6/29/2022,09:29:03;707,"105882","220","8.082200"
Data,6/29/2022,09:29:04;232,"105883","220","7.965000"
Data,6/29/2022,09:29:04;757,"105884","220","8.070000"
Data,6/29/2022,09:29:05;282,"105885","220","7.952800"
Data,6/29/2022,09:29:05;807,"105886","220","8.057800"
Data,6/29/2022,09:29:06;332,"105887","220","7.940600"
Data,6/29/2022,09:29:06;857,"105888","220","8.045600"
Data,6/29/2022,09:29:07;382,"105889","220","7.928400"
Data,6/29/2022,09:29:07;907,"105890","220","8.033401"
Data,6/29/2022,09:29:08;432,"105891","220","7.916200"
Data,6/29/2022,09:29:08;957,"105892","220","8.021200"
Data,6/29/2022,09:29:09;482,"105893","220","7.904000"
Data,6/29/2022,09:29:10;007,"105894","220","8.009000"
Data,6/29/2022,09:29:10;532,"105895","220","8.114000"
Data,6/29/2022,09:29:11;057,"105896","220","7.996800"
Data,6/29/2022,09:29:11;582,"105897","220","8.101800"
Data,6/29/2022,09:29:12;107,"105898","220","7.984600"
Data,6/29/2022,09:29:12;632,"105899","220","8.089601"
Data,6/29/2022,09:29:13;157,"105900","220","7.972400"
Data,6/29/2022,09:29:13;682,"105901","220","8.077400"
Data,6/29/2022,09:29:14;207,"105902","220","7.960200"
Data,6/29/2022,09:29:14;732,"105903","220","8.065200"
Data,6/29/2022,09:29:15;257,"105904","220","7.948000"
Data,6/29/2022,09:29:15;782,"105905","220","8.053000"
Data,6/29/2022,09:29:16;307,"105906","220","7.935800"
Data,6/29/2022,09:29:16;832,"105907","220","8.040800"
Data,6/29/2022,09:29:17;357,"105908","220","7.923600"
Data,6/29/2022,09:29:17;882,"105909","220","8.028600"
Data,6/29/2022,09:29:18;407,"105910","220","7.911400"
Data,6/29/2022,09:29:18;932,"105911","220","8.016400"
Data,6/29/2022,09:29:19;457,"105912","220","8.121400"
Data,6/29/2022,09:29:19;982,"105913","220","8.004200"
Data,6/29/2022,09:29:20;507,"105914","220","8.109200"
Data,6/29/2022,09:29:21;032,"105915","220","7.992000"
Data,6/29/2022,09:29:21;557,"105916","220","8.097000"
Data,6/29/2022,09:29:22;082,"105917","220","7.979800"
Data,6/29/2022,09:29:22;607,"105918","220","8.084800"
Data,6/29/2022,09:29:23;132,"105919","220","7.967600"
Data,6/29/2022,09:29:23;657,"105920","220","8.072600"
Data,6/29/2022,09:29:24;182,"105921","220","7.955400"
Data,6/29/2022,09:29:24;707,"105922","220","8.060400"
Data,6/29/2022,09:29:25;232,"105923","220","7.943200"
Data,6/29/2022,09:29:25;757,"105924","220","8.048200"
Data,6/29/2022,09:29:26;282,"105925","220","7.931000"
Data,6/29/2022,09:29:26;807,"105926","220","8.036000"
Data,6/29/2022,09:29:27;332,"105927","220","7.918800"
Data,6/29/2022,09:29:27;857,"105928","220","8.023800"
Data,6/29/2022,09:29:28;382,"105929","220","7.906600"
Data,6/29/2022,09:29:28;907,"105930","220","8.011600"
Data,6/29/2022,09:29:29;432,"105931","220","8.116600"
Data,6/29/2022,09:29:29;957,"105932","220","7.999400"
Data,6/29/2022,09:29:30;482,"105933","220","8.104400"
Data,6/29/2022,09:29:31;007,"105934","220","7.987200"
Data,6/29/2022,09:29:31;532,"105935","220","8.092200"
Data,6/29/2022,09:29:32;057,"105936","220","7.975000"
Data,6/29/2022,09:29:32;582,"105937","220","8.080000"
Data,6/29/2022,09:29:33;107,"105938","220","7.962800"
Data,6/29/2022,09:29:33;632,"105939","220","8.067801"
Data,6/29/2022,09:29:34;157,"105940","220","7.950600"
Data,6/29/2022,09:29:34;682,"105941","220","8.055600"
Data,6/29/2022,09:29:35;207,"105942","220","7.938400"
Data,6/29/2022,09:29:35;732,"105943","220","8.043400"
Data,6/29/2022,09:29:36;257,"105944","220","7.926200"
Data,6/29/2022,09:29:36;782,"105945","220","8.031200"
Data,6/29/2022,09:29:37;307,"105946","220","7.914000"
Data,6/29/2022,09:29:37;832,"105947","220","8.019000"
Data,6/29/2022,09:29:38;357,"105948","220","7.901800"
Data,6/29/2022,09:29:38;882,"105949","220","8.006800"
Data,6/29/2022,09:29:39;407,"105950","220","8.111800"
Data,6/29/2022,09:29:39;932,"105951","220","7.994600"
Data,6/29/2022,09:29:40;457,"105952","220","8.099600"
Data,6/29/2022,09:29:40;982,"105953","220","7.982400"
Data,6/29/2022,09:29:41;507,"105954","220","8.087400"
Data,6/29/2022,09:29:42;032,"105955","220","7.970000"
Data,6/29/2022,09:29:42;557,"105956","220","8.075000"
Data,6/29/2022,09:29:43;082,"105957","220","7.957800"
Data,6/29/2022,09:29:43;607,"105958","220","8.062800"
Data,6/29/2022,09:29:44;132,"105959","220","7.945600"
Data,6/29/2022,09:29:44;657,"105960","220","8.050600"
Data,6/29/2022,09:29:45;182,"105961","220","7.933400"
Data,6/29/2022,09:29:45;707,"105962","220","8.038400"
Data,6/29/2022,09:29:46;232,"105963","220","7.921200"
Data,6/29/2022,09:29:46;757,"105964","220","8.026200"
Data,6/29/2022,09:29:47;282,"105965","220","7.909000"
Data,6/29/2022,09:29:47;807,"105966","220","8.014000"
Data,6/29/2022,09:29:48;332,"105967","220","8.119000"
Data,6/29/2022,09:29:48;857,"105968","220","8.001801"
Data,6/29/2022,09:29:49;382,"105969","220","8.106800"
Data,6/29/2022,09:29:49;907,"105970","220","7.989600"
Data,6/29/2022,09:29:50;432,"105971","220","8.094600"
Data,6/29/2022,09:29:50;957,"105972","220","7.977400"
Data,6/29/2022,09:29:51;482,"105973","220","8.082400"
Data,6/29/2022,09:29:52;007,"105974","220","7.965200"
Data,6/29/2022,09:29:52;532,"105975","220","8.070200"
Data,6/29/2022,09:29:53;057,"105976","220","7.953000"
Data,6/29/2022,09:29:53;582,"105977","220","8.058001"
Data,6/29/2022,09:29:54;107,"105978","220","7.940800"
Data,6/29/2022,09:29:54;632,"105979","220","8.045800"
Data,6/29/2022,09:29:55;157,"105980","220","7.928600"
Data,6/29/2022,09:29:55;682,"105981","220","8.033600"
Data,6/29/2022,09:29:56;207,"105982","220","7.916400"
Data,6/29/2022,09:29:56;732,"105983","220","8.021400"
Data,6/29/2022,09:29:57;257,"105984","220","7.904200"
Data,6/29/2022,09:29:57;782,"105985","220","8.009200"
Data,6/29/2022,09:29:58;307,"105986","220","8.114200"
Data,6/29/2022,09:29:58;832,"105987","220","7.997000"
Data,6/29/2022,09:29:59;357,"105988","220","8.102000"
Data,6/29/2022,09:29:59;882,"105989","220","7.984800"
Data,6/29/2022,09:30:00;407,"105990","220","8.089800"
Data,6/29/2022,09:30:00;932,"105991","220","7.972600"
Data,6/29/2022,09:30:01;457,"105992","220","8.077600"
Data,6/29/2022,09:30:01;982,"105993","220","7.960400"
Data,6/29/2022,09:30:02;507,"105994","220","8.065400"
Data,6/29/2022,09:30:03;032,"105995","220","7.948200"
Data,6/29/2022,09:30:03;557,"105996","220","8.053200"
Data,6/29/2022,09:30:04;082,"105997","220","7.936000"
Data,6/29/2022,09:30:04;607,"105998","220","8.041000"
Data,6/29/2022,09:30:05;132,"105999","220","7.923800"
Data,6/29/2022,09:30:05;657,"106000","220","8.028800"
Data,6/29/2022,09:30:06;182,"106001","220","7.911600"
Data,6/29/2022,09:30:06;707,"106002","220","8.016600"
Data,6/29/2022,09:30:07;232,"106003","220","8.121600"
Data,6/29/2022,09:30:07;757,"106004","220","8.004400"
Data,6/29/2022,09:30:08;282,"106005","220","8.109400"
Data,6/29/2022,09:30:08;807,"106006","220","7.992200"
Data,6/29/2022,09:30:09;332,"106007","220","8.097200"
Data,6/29/2022,09:30:09;857,"106008","220","7.980000"
Data,6/29/2022,09:30:10;382,"106009","220","8.085000"
Data,6/29/2022,09:30:10;907,"106010","220","7.967800"
Data,6/29/2022,09:30:11;432,"106011","220","8.072800"
Data,6/29/2022,09:30:11;957,"106012","220","7.955600"
Data,6/29/2022,09:30:12;482,"106013","220","8.060600"
Data,6/29/2022,09:30:13;007,"106014","220","7.943400"
Data,6/29/2022,09:30:13;532,"106015","220","8.048400"
Data,6/29/2022,09:30:14;057,"106016","220","7.931200"
Data,6/29/2022,09:30:14;582,"106017","220","8.036201"
Data,6/29/2022,09:30:15;107,"106018","220","7.919000"
Data,6/29/2022,09:30:15;632,"106019","220","8.024000"
Data,6/29/2022,09:30:16;157,"106020","220","7.906800"
Data,6/29/2022,09:30:16;682,"106021","220","8.011800"
Data,6/29/2022,09:30:17;207,"106022","220","8.116800"
Data,6/29/2022,09:30:17;732,"106023","220","7.999600"
Data,6/29/2022,09:30:18;257,"106024","220","8.104600"
Data,6/29/2022,09:30:18;782,"106025","220","7.987400"
Data,6/29/2022,09:30:19;307,"106026","220","8.092401"
Data,6/29/2022,09:30:19;832,"106027","220","7.975200"
Data,6/29/2022,09:30:20;357,"106028","220","8.080200"
Data,6/29/2022,09:30:20;882,"106029","220","7.963000"
Data,6/29/2022,09:30:21;407,"106030","220","8.068000"
Data,6/29/2022,09:30:21;932,"106031","220","7.950800"
Data,6/29/2022,09:30:22;457,"106032","220","8.055800"
Data,6/29/2022,09:30:22;982,"106033","220","7.938600"
Data,6/29/2022,09:30:23;507,"106034","220","8.043600"
Data,6/29/2022,09:30:24;032,"106035","220","7.926400"
Data,6/29/2022,09:30:24;557,"106036","220","8.031400"
Data,6/29/2022,09:30:25;082,"106037","220","7.914200"
Data,6/29/2022,09:30:25;607,"106038","220","8.019200"
Data,6/29/2022,09:30:26;132,"106039","220","7.902000"
Data,6/29/2022,09:30:26;657,"106040","220","8.007000"
Data,6/29/2022,09:30:27;182,"106041","220","8.112000"
Data,6/29/2022,09:30:27;707,"106042","220","7.994800"
Data,6/29/2022,09:30:28;232,"106043","220","8.099800"
Data,6/29/2022,09:30:28;757,"106044","220","7.982600"
Data,6/29/2022,09:30:29;282,"106045","220","8.087600"
Data,6/29/2022,09:30:29;807,"106046","220","7.970400"
Data,6/29/2022,09:30:30;332,"106047","220","8.075400"
Data,6/29/2022,09:30:30;857,"106048","220","7.958200"
Data,6/29/2022,09:30:31;382,"106049","220","8.063200"
Data,6/29/2022,09:30:31;907,"106050","220","7.946000"
Data,6/29/2022,09:30:32;432,"106051","220","8.051000"
Data,6/29/2022,09:30:32;957,"106052","220","7.933800"
Data,6/29/2022,09:30:33;482,"106053","220","8.038800"
Data,6/29/2022,09:30:34;007,"106054","220","7.921600"
Data,6/29/2022,09:30:34;532,"106055","220","8.026600"
Data,6/29/2022,09:30:35;057,"106056","220","7.909400"
Data,6/29/2022,09:30:35;582,"106057","220","8.014400"
Data,6/29/2022,09:30:36;107,"106058","220","8.119400"
Data,6/29/2022,09:30:36;632,"106059","220","8.002200"
Data,6/29/2022,09:30:37;157,"106060","220","8.107200"
Data,6/29/2022,09:30:37;682,"106061","220","7.990000"
Data,6/29/2022,09:30:38;207,"106062","220","8.095000"
Data,6/29/2022,09:30:38;732,"106063","220","7.977800"
Data,6/29/2022,09:30:39;257,"106064","220","8.082800"
Data,6/29/2022,09:30:39;782,"106065","220","7.965600"
Data,6/29/2022,09:30:40;307,"106066","220","8.070601"
Data,6/29/2022,09:30:40;832,"106067","220","7.953400"
Data,6/29/2022,09:30:41;357,"106068","220","8.058400"
Data,6/29/2022,09:30:41;882,"106069","220","7.941200"
Data,6/29/2022,09:30:42;407,"106070","220","8.046200"
Data,6/29/2022,09:30:42;932,"106071","220","7.929000"
Data,6/29/2022,09:30:43;457,"106072","220","8.034000"
Data,6/29/2022,09:30:43;982,"106073","220","7.916800"
Data,6/29/2022,09:30:44;507,"106074","220","8.021800"
Data,6/29/2022,09:30:45;032,"106075","220","7.904600"
Data,6/29/2022,09:30:45;557,"106076","220","8.009600"
Data,6/29/2022,09:30:46;082,"106077","220","8.114600"
Data,6/29/2022,09:30:46;607,"106078","220","7.997400"
Data,6/29/2022,09:30:47;132,"106079","220","8.102400"
Data,6/29/2022,09:30:47;657,"106080","220","7.985200"
Data,6/29/2022,09:30:48;182,"106081","220","8.090200"
Data,6/29/2022,09:30:48;707,"106082","220","7.973000"
Data,6/29/2022,09:30:49;232,"106083","220","8.078000"
Data,6/29/2022,09:30:49;757,"106084","220","7.960800"
Data,6/29/2022,09:30:50;282,"106085","220","8.065800"
Data,6/29/2022,09:30:50;807,"106086","220","7.948600"
Data,6/29/2022,09:30:51;332,"106087","220","8.053600"
Data,6/29/2022,09:30:51;857,"106088","220","7.936400"
Data,6/29/2022,09:30:52;382,"106089","220","8.041400"
Data,6/29/2022,09:30:52;907,"106090","220","7.924200"
Data,6/29/2022,09:30:53;432,"106091","220","8.029201"
Data,6/29/2022,09:30:53;957,"106092","220","7.912000"
Data,6/29/2022,09:30:54;482,"106093","220","8.017000"
Data,6/29/2022,09:30:55;007,"106094","220","8.122000"
Data,6/29/2022,09:30:55;532,"106095","220","8.004800"
Data,6/29/2022,09:30:56;057,"106096","220","8.109800"
Data,6/29/2022,09:30:56;582,"106097","220","7.992600"
Data,6/29/2022,09:30:57;107,"106098","220","8.097600"
Data,6/29/2022,09:30:57;632,"106099","220","7.980400"
Data,6/29/2022,09:30:58;157,"106100","220","8.085400"
Data,6/29/2022,09:30:58;682,"106101","220","7.968200"
Data,6/29/2022,09:30:59;207,"106102","220","8.073200"
Data,6/29/2022,09:30:59;732,"106103","220","7.956000"
Data,6/29/2022,09:31:00;257,"106104","220","8.061000"
Data,6/29/2022,09:31:00;782,"106105","220","7.943800"
Data,6/29/2022,09:31:01;307,"106106","220","8.048800"
Data,6/29/2022,09:31:01;832,"106107","220","7.931600"
Data,6/29/2022,09:31:02;357,"106108","220","8.036600"
Data,6/29/2022,09:31:02;882,"106109","220","7.919400"
Data,6/29/2022,09:31:03;407,"106110","220","8.024400"
Data,6/29/2022,09:31:03;932,"106111","220","7.907200"
Data,6/29/2022,09:31:04;457,"106112","220","8.012200"
Data,6/29/2022,09:31:04;982,"106113","220","8.117200"
Data,6/29/2022,09:31:05;507,"106114","220","8.000000"
Data,6/29/2022,09:31:06;032,"106115","220","8.105000"
Data,6/29/2022,09:31:06;557,"106116","220","7.987800"
Data,6/29/2022,09:31:07;082,"106117","220","8.092800"
Data,6/29/2022,09:31:07;607,"106118","220","7.975600"
Data,6/29/2022,09:31:08;132,"106119","220","8.080600"
Data,6/29/2022,09:31:08;657,"106120","220","7.963400"
Data,6/29/2022,09:31:09;182,"106121","220","8.068400"
Data,6/29/2022,09:31:09;707,"106122","220","7.951200"
Data,6/29/2022,09:31:10;232,"106123","220","8.056200"
Data,6/29/2022,09:31:10;757,"106124","220","7.939000"
Data,6/29/2022,09:31:11;282,"106125","220","8.044000"
Data,6/29/2022,09:31:11;807,"106126","220","7.926800"
Data,6/29/2022,09:31:12;332,"106127","220","8.031800"
Data,6/29/2022,09:31:12;857,"106128","220","7.914600"
Data,6/29/2022,09:31:13;382,"106129","220","8.019600"
Data,6/29/2022,09:31:13;907,"106130","220","7.902400"
Data,6/29/2022,09:31:14;432,"106131","220","8.007401"
Data,6/29/2022,09:31:14;957,"106132","220","8.112400"
Data,6/29/2022,09:31:15;482,"106133","220","7.995200"
Data,6/29/2022,09:31:16;007,"106134","220","8.100200"
Data,6/29/2022,09:31:16;532,"106135","220","7.983000"
Data,6/29/2022,09:31:17;057,"106136","220","8.088000"
Data,6/29/2022,09:31:17;582,"106137","220","7.970800"
Data,6/29/2022,09:31:18;107,"106138","220","8.075800"
Data,6/29/2022,09:31:18;632,"106139","220","7.958600"
Data,6/29/2022,09:31:19;157,"106140","220","8.063601"
Data,6/29/2022,09:31:19;682,"106141","220","7.946400"
Data,6/29/2022,09:31:20;207,"106142","220","8.051400"
Data,6/29/2022,09:31:20;732,"106143","220","7.934200"
Data,6/29/2022,09:31:21;257,"106144","220","8.039200"
Data,6/29/2022,09:31:21;782,"106145","220","7.922000"
Data,6/29/2022,09:31:22;307,"106146","220","8.027000"
Data,6/29/2022,09:31:22;832,"106147","220","7.909800"
Data,6/29/2022,09:31:23;357,"106148","220","8.014800"
Data,6/29/2022,09:31:23;882,"106149","220","8.119801"
Data,6/29/2022,09:31:24;407,"106150","220","8.002600"
Data,6/29/2022,09:31:24;932,"106151","220","8.107600"
Data,6/29/2022,09:31:25;457,"106152","220","7.990400"
Data,6/29/2022,09:31:25;982,"106153","220","8.095400"
Data,6/29/2022,09:31:26;507,"106154","220","7.978200"
Data,6/29/2022,09:31:27;032,"106155","220","8.083200"
Data,6/29/2022,09:31:27;557,"106156","220","7.966000"
Data,6/29/2022,09:31:28;082,"106157","220","8.071000"
Data,6/29/2022,09:31:28;607,"106158","220","7.953800"
Data,6/29/2022,09:31:29;132,"106159","220","8.058800"
Data,6/29/2022,09:31:29;657,"106160","220","7.941600"
Data,6/29/2022,09:31:30;182,"106161","220","8.046600"
Data,6/29/2022,09:31:30;707,"106162","220","7.929400"
Data,6/29/2022,09:31:31;232,"106163","220","8.034400"
Data,6/29/2022,09:31:31;757,"106164","220","7.917200"
Data,6/29/2022,09:31:32;282,"106165","220","8.022200"
Data,6/29/2022,09:31:32;807,"106166","220","7.905000"
Data,6/29/2022,09:31:33;332,"106167","220","8.010000"
Data,6/29/2022,09:31:33;857,"106168","220","8.115000"
Data,6/29/2022,09:31:34;382,"106169","220","7.997800"
Data,6/29/2022,09:31:34;907,"106170","220","8.102800"
Data,6/29/2022,09:31:35;432,"106171","220","7.985600"
Data,6/29/2022,09:31:35;957,"106172","220","8.090600"
Data,6/29/2022,09:31:36;482,"106173","220","7.973400"
Data,6/29/2022,09:31:37;007,"106174","220","8.078400"
Data,6/29/2022,09:31:37;532,"106175","220","7.961200"
Data,6/29/2022,09:31:38;057,"106176","220","8.066200"
Data,6/29/2022,09:31:38;582,"106177","220","7.949000"
Data,6/29/2022,09:31:39;107,"106178","220","8.054000"
Data,6/29/2022,09:31:39;632,"106179","220","7.936800"
Data,6/29/2022,09:31:40;157,"106180","220","8.041800"
Data,6/29/2022,09:31:40;682,"106181","220","7.924600"
Data,6/29/2022,09:31:41;207,"106182","220","8.029600"
Data,6/29/2022,09:31:41;732,"106183","220","7.912400"
Data,6/29/2022,09:31:42;257,"106184","220","8.017400"
Data,6/29/2022,09:31:42;782,"106185","220","7.900200"
Data,6/29/2022,09:31:43;307,"106186","220","8.005200"
Data,6/29/2022,09:31:43;832,"106187","220","8.110200"
Data,6/29/2022,09:31:44;357,"106188","220","7.993000"
Data,6/29/2022,09:31:44;882,"106189","220","8.098001"
Data,6/29/2022,09:31:45;407,"106190","220","7.980800"
Data,6/29/2022,09:31:45;932,"106191","220","8.085800"
Data,6/29/2022,09:31:46;457,"106192","220","7.968600"
Data,6/29/2022,09:31:46;982,"106193","220","8.073600"
Data,6/29/2022,09:31:47;507,"106194","220","7.956400"
Data,6/29/2022,09:31:48;032,"106195","220","8.061400"
Data,6/29/2022,09:31:48;557,"106196","220","7.944200"
Data,6/29/2022,09:31:49;082,"106197","220","8.049200"
Data,6/29/2022,09:31:49;607,"106198","220","7.932000"
Data,6/29/2022,09:31:50;132,"106199","220","8.037000"
Data,6/29/2022,09:31:50;657,"106200","220","7.919800"
Data,6/29/2022,09:31:51;182,"106201","220","8.024800"
Data,6/29/2022,09:31:51;707,"106202","220","7.907600"
Data,6/29/2022,09:31:52;232,"106203","220","8.012600"
Data,6/29/2022,09:31:52;757,"106204","220","8.117600"
Data,6/29/2022,09:31:53;282,"106205","220","8.000401"
Data,6/29/2022,09:31:53;807,"106206","220","8.105400"
Data,6/29/2022,09:31:54;332,"106207","220","7.988200"
Data,6/29/2022,09:31:54;857,"106208","220","8.093200"
Data,6/29/2022,09:31:55;382,"106209","220","7.976000"
Data,6/29/2022,09:31:55;907,"106210","220","8.081000"
Data,6/29/2022,09:31:56;432,"106211","220","7.963800"
Data,6/29/2022,09:31:56;957,"106212","220","8.068800"
Data,6/29/2022,09:31:57;482,"106213","220","7.951600"
Data,6/29/2022,09:31:58;007,"106214","220","8.056601"
Data,6/29/2022,09:31:58;532,"106215","220","7.939400"
Data,6/29/2022,09:31:59;057,"106216","220","8.044400"
Data,6/29/2022,09:31:59;582,"106217","220","7.927200"
Data,6/29/2022,09:32:00;107,"106218","220","8.032200"
Data,6/29/2022,09:32:00;632,"106219","220","7.915000"
Data,6/29/2022,09:32:01;157,"106220","220","8.020000"
Data,6/29/2022,09:32:01;682,"106221","220","7.902800"
Data,6/29/2022,09:32:02;207,"106222","220","8.007800"
Data,6/29/2022,09:32:02;732,"106223","220","8.112800"
Data,6/29/2022,09:32:03;257,"106224","220","7.995600"
Data,6/29/2022,09:32:03;782,"106225","220","8.100600"
Data,6/29/2022,09:32:04;307,"106226","220","7.983400"
Data,6/29/2022,09:32:04;832,"106227","220","8.088400"
Data,6/29/2022,09:32:05;357,"106228","220","7.971200"
Data,6/29/2022,09:32:05;882,"106229","220","8.076200"
Data,6/29/2022,09:32:06;407,"106230","220","7.959000"
Data,6/29/2022,09:32:06;932,"106231","220","8.064000"
Data,6/29/2022,09:32:07;457,"106232","220","7.946800"
Data,6/29/2022,09:32:07;982,"106233","220","8.051800"
Data,6/29/2022,09:32:08;507,"106234","220","7.934600"
Data,6/29/2022,09:32:09;032,"106235","220","8.039600"
Data,6/29/2022,09:32:09;557,"106236","220","7.922400"
Data,6/29/2022,09:32:10;082,"106237","220","8.027400"
Data,6/29/2022,09:32:10;607,"106238","220","7.910200"
Data,6/29/2022,09:32:11;132,"106239","220","8.015200"
Data,6/29/2022,09:32:11;657,"106240","220","8.120200"
Data,6/29/2022,09:32:12;182,"106241","220","8.003000"
Data,6/29/2022,09:32:12;707,"106242","220","8.108000"
Data,6/29/2022,09:32:13;232,"106243","220","7.990800"
Data,6/29/2022,09:32:13;757,"106244","220","8.095800"
Data,6/29/2022,09:32:14;282,"106245","220","7.978600"
Data,6/29/2022,09:32:14;807,"106246","220","8.083600"
Data,6/29/2022,09:32:15;332,"106247","220","7.966400"
Data,6/29/2022,09:32:15;857,"106248","220","8.071400"
Data,6/29/2022,09:32:16;382,"106249","220","7.954200"
Data,6/29/2022,09:32:16;907,"106250","220","8.059200"
Data,6/29/2022,09:32:17;432,"106251","220","7.942000"
Data,6/29/2022,09:32:17;957,"106252","220","8.047000"
Data,6/29/2022,09:32:18;482,"106253","220","7.929800"
Data,6/29/2022,09:32:19;007,"106254","220","8.034801"
Data,6/29/2022,09:32:19;532,"106255","220","7.917600"
Data,6/29/2022,09:32:20;057,"106256","220","8.022600"
Data,6/29/2022,09:32:20;582,"106257","220","7.905400"
Data,6/29/2022,09:32:21;107,"106258","220","8.010400"
Data,6/29/2022,09:32:21;632,"106259","220","8.115400"
Data,6/29/2022,09:32:22;157,"106260","220","7.998200"
Data,6/29/2022,09:32:22;682,"106261","220","8.103200"
Data,6/29/2022,09:32:23;207,"106262","220","7.986000"
Data,6/29/2022,09:32:23;732,"106263","220","8.091001"
Data,6/29/2022,09:32:24;257,"106264","220","7.973800"
Data,6/29/2022,09:32:24;782,"106265","220","8.078800"
Data,6/29/2022,09:32:25;307,"106266","220","7.961600"
Data,6/29/2022,09:32:25;832,"106267","220","8.066600"
Data,6/29/2022,09:32:26;357,"106268","220","7.949400"
Data,6/29/2022,09:32:26;882,"106269","220","8.054400"

