Header:,Date,Time,Program:MainProgram\BagID,Program:MainProgram\ProductCode,Program:MainProgram\MaterialWeight
Data,6/29/2022,09:53:33;113,107622,280,15.9864
Data,6/29/2022,09:53:34;325,107623,280,16.006599
Data,6/29/2022,09:53:35;537,107624,280,16.0268
Data,6/29/2022,09:53:36;749,107625,280,16.046999
Data,6/29/2022,09:53:37;961,107626,280,16.0672
Data,6/29/2022,09:53:39;173,107627,280,16.0874
Data,6/29/2022,09:53:40;385,107628,280,16.107599
Data,6/29/2022,09:53:41;597,107629,280,15.9056
Data,6/29/2022,09:53:42;809,107630,280,15.925799
Data,6/29/2022,09:53:44;021,107631,280,15.945999
Data,6/29/2022,09:53:45;233,107632,280,15.9662
Data,6/29/2022,09:53:46;445,107633,280,15.9864
Data,6/29/2022,09:53:47;657,107634,280,16.006599
Data,6/29/2022,09:53:48;869,107635,280,16.0268
Data,6/29/2022,09:53:50;081,107636,280,16.046999
Data,6/29/2022,09:53:51;293,107637,280,16.0672
Data,6/29/2022,09:53:52;505,107638,280,16.0874
Data,6/29/2022,09:53:53;717,107639,280,16.107599
Data,6/29/2022,09:53:54;929,107640,280,15.9056
Data,6/29/2022,09:53:56;141,107641,280,15.925799
Data,6/29/2022,09:53:57;353,107642,280,15.945999
Data,6/29/2022,09:53:58;565,107643,280,15.9662
Data,6/29/2022,09:53:59;777,107644,280,15.9864
Data,6/29/2022,09:54:00;989,107645,280,16.006599
Data,6/29/2022,09:54:02;201,107646,280,16.0268
Data,6/29/2022,09:54:03;413,107647,280,16.046999
Data,6/29/2022,09:54:04;625,107648,280,16.0672
Data,6/29/2022,09:54:05;837,107649,280,16.0874
Data,6/29/2022,09:54:07;049,107650,280,16.107599
Data,6/29/2022,09:54:08;261,107651,280,15.9056
Data,6/29/2022,09:54:09;473,107652,280,15.925799
Data,6/29/2022,09:54:10;685,107653,280,15.945999
Data,6/29/2022,09:54:11;897,107654,280,15.9662
Data,6/29/2022,09:54:13;109,107655,280,15.9864
Data,6/29/2022,09:54:14;321,107656,280,16.006599
Data,6/29/2022,09:54:15;533,107657,280,16.0268
Data,6/29/2022,09:54:16;745,107658,280,16.046999
Data,6/29/2022,09:54:17;957,107659,280,16.0672
Data,6/29/2022,09:54:19;169,107660,280,16.0874
Data,6/29/2022,09:54:20;381,107661,280,16.107599
Data,6/29/2022,09:54:21;593,107662,280,15.9056
Data,6/29/2022,09:54:22;805,107663,280,15.925799
Data,6/29/2022,09:54:24;017,107664,280,15.945999
Data,6/29/2022,09:54:25;229,107665,280,15.9662
Data,6/29/2022,09:54:26;441,107666,280,15.9864
Data,6/29/2022,09:54:27;653,107667,280,16.006599
Data,6/29/2022,09:54:28;865,107668,280,16.0268
Data,6/29/2022,09:54:30;077,107669,280,16.046999
Data,6/29/2022,09:54:31;289,107670,280,16.0672
Data,6/29/2022,09:54:32;501,107671,280,16.0874
Data,6/29/2022,09:54:33;713,107672,280,16.107599
Data,6/29/2022,09:54:34;925,107673,280,15.9056
Data,6/29/2022,09:54:36;137,107674,280,15.925799
Data,6/29/2022,09:54:37;349,107675,280,15.945999
Data,6/29/2022,09:54:38;561,107676,280,15.9662
Data,6/29/2022,09:54:39;773,107677,280,15.9864
Data,6/29/2022,09:54:40;985,107678,280,16.006599
Data,6/29/2022,09:54:42;197,107679,280,16.0268
Data,6/29/2022,09:54:43;409,107680,280,16.046999
Data,6/29/2022,09:54:44;621,107681,280,16.0672
Data,6/29/2022,09:54:45;833,107682,280,16.0874
Data,6/29/2022,09:54:47;045,107683,280,16.107599
Data,6/29/2022,09:54:48;257,107684,280,15.9056
Data,6/29/2022,09:54:49;469,107685,280,15.925799
Data,6/29/2022,09:54:50;681,107686,280,15.945999
Data,6/29/2022,09:54:51;893,107687,280,15.9662
Data,6/29/2022,09:54:53;105,107688,280,15.9864
Data,6/29/2022,09:54:54;317,107689,280,16.006599
Data,6/29/2022,09:54:55;529,107690,280,16.0268
Data,6/29/2022,09:54:56;741,107691,280,16.046999
Data,6/29/2022,09:54:57;953,107692,280,16.0672
Data,6/29/2022,09:54:59;165,107693,280,16.0874
Data,6/29/2022,09:55:00;377,107694,280,16.107599
Data,6/29/2022,09:55:01;589,107695,280,15.9056
Data,6/29/2022,09:55:02;801,107696,280,15.925799
Data,6/29/2022,09:55:04;013,107697,280,15.945999
Data,6/29/2022,09:55:05;225,107698,280,15.9662
Data,6/29/2022,09:55:06;437,107699,280,15.9864
Data,6/29/2022,09:55:07;649,107700,280,16.006599
Data,6/29/2022,09:55:08;861,107701,280,16.0268
Data,6/29/2022,09:55:10;073,107702,280,16.046999
Data,6/29/2022,09:55:11;285,107703,280,16.0672
Data,6/29/2022,09:55:12;497,107704,280,16.0874
Data,6/29/2022,09:55:13;709,107705,280,16.107599
Data,6/29/2022,09:55:14;921,107706,280,15.9056
Data,6/29/2022,09:55:16;133,107707,280,15.925799
Data,6/29/2022,09:55:17;345,107708,280,15.945999
Data,6/29/2022,09:55:18;557,107709,280,15.9662
Data,6/29/2022,09:55:19;769,107710,280,15.9864
Data,6/29/2022,09:55:20;981,107711,280,16.006599
Data,6/29/2022,09:55:22;193,107712,280,16.0268
Data,6/29/2022,09:55:23;405,107713,280,16.046999
Data,6/29/2022,09:55:24;617,107714,280,16.0672
Data,6/29/2022,09:55:25;829,107715,280,16.0874
Data,6/29/2022,09:55:27;041,107716,280,16.107599
Data,6/29/2022,09:55:28;253,107717,280,15.9056
Data,6/29/2022,09:55:29;465,107718,280,15.925799
Data,6/29/2022,09:55:30;677,107719,280,15.945999
Data,6/29/2022,09:55:31;889,107720,280,15.9662
Data,6/29/2022,09:55:33;101,107721,280,15.9864
Data,6/29/2022,09:55:34;313,107722,280,16.006599
Data,6/29/2022,09:55:35;525,107723,280,16.0268
Data,6/29/2022,09:55:36;737,107724,280,16.046999
Data,6/29/2022,09:55:37;949,107725,280,16.0672
Data,6/29/2022,09:55:39;161,107726,280,16.0874
Data,6/29/2022,09:55:40;373,107727,280,16.107599
Data,6/29/2022,09:55:41;585,107728,280,15.905399
Data,6/29/2022,09:55:42;797,107729,280,15.9256
Data,6/29/2022,09:55:44;009,107730,280,15.9458
Data,6/29/2022,09:55:45;221,107731,280,15.966
Data,6/29/2022,09:55:46;433,107732,280,15.986199
Data,6/29/2022,09:55:47;645,107733,280,16.006399
Data,6/29/2022,09:55:48;857,107734,280,16.0266
Data,6/29/2022,09:55:50;069,107735,280,16.046799
Data,6/29/2022,09:55:51;281,107736,280,16.066999
Data,6/29/2022,09:55:52;493,107737,280,16.0872
Data,6/29/2022,09:55:53;705,107738,280,16.107399
Data,6/29/2022,09:55:54;917,107739,280,15.905399
Data,6/29/2022,09:55:56;129,107740,280,15.9256
Data,6/29/2022,09:55:57;341,107741,280,15.9458
Data,6/29/2022,09:55:58;553,107742,280,15.966
Data,6/29/2022,09:55:59;765,107743,280,15.986199
Data,6/29/2022,09:56:00;977,107744,280,16.006399
Data,6/29/2022,09:56:02;189,107745,280,16.0266
Data,6/29/2022,09:56:03;401,107746,280,16.046799
Data,6/29/2022,09:56:04;613,107747,280,16.066999
Data,6/29/2022,09:56:05;825,107748,280,16.0872
Data,6/29/2022,09:56:07;037,107749,280,16.107399
Data,6/29/2022,09:56:08;249,107750,280,15.905399
Data,6/29/2022,09:56:09;461,107751,280,15.9256
Data,6/29/2022,09:56:10;673,107752,280,15.9458
Data,6/29/2022,09:56:11;885,107753,280,15.966
Data,6/29/2022,09:56:13;097,107754,280,15.986199
Data,6/29/2022,09:56:14;309,107755,280,16.006399
Data,6/29/2022,09:56:15;521,107756,280,16.0266
Data,6/29/2022,09:56:16;733,107757,280,16.046799
Data,6/29/2022,09:56:17;945,107758,280,16.066999
Data,6/29/2022,09:56:19;157,107759,280,16.0872
Data,6/29/2022,09:56:20;369,107760,280,16.107399
Data,6/29/2022,09:56:21;581,107761,280,15.905399
Data,6/29/2022,09:56:22;793,107762,280,15.9256
Data,6/29/2022,09:56:24;005,107763,280,15.9458
Data,6/29/2022,09:56:25;217,107764,280,15.966
Data,6/29/2022,09:56:26;429,107765,280,15.986199
Data,6/29/2022,09:56:27;641,107766,280,16.006399
Data,6/29/2022,09:56:28;853,107767,280,16.0266
Data,6/29/2022,09:56:30;065,107768,280,16.046799
Data,6/29/2022,09:56:31;277,107769,280,16.066999
Data,6/29/2022,09:56:32;489,107770,280,16.0872
Data,6/29/2022,09:56:33;701,107771,280,16.107399
Data,6/29/2022,09:56:34;913,107772,280,15.905399
Data,6/29/2022,09:56:36;125,107773,280,15.9256
Data,6/29/2022,09:56:37;337,107774,280,15.9458
Data,6/29/2022,09:56:38;549,107775,280,15.966
Data,6/29/2022,09:56:39;761,107776,280,15.986199
Data,6/29/2022,09:56:40;973,107777,280,16.006399
Data,6/29/2022,09:56:42;185,107778,280,16.0266
Data,6/29/2022,09:56:43;397,107779,280,16.046799
Data,6/29/2022,09:56:44;609,107780,280,16.066999
Data,6/29/2022,09:56:45;821,107781,280,16.0872
Data,6/29/2022,09:56:47;033,107782,280,16.107399
Data,6/29/2022,09:56:48;245,107783,280,15.905399
Data,6/29/2022,09:56:49;457,107784,280,15.9256
Data,6/29/2022,09:56:50;669,107785,280,15.9458
Data,6/29/2022,09:56:51;881,107786,280,15.966
Data,6/29/2022,09:56:53;093,107787,280,15.986199
Data,6/29/2022,09:56:54;305,107788,280,16.006399
Data,6/29/2022,09:56:55;517,107789,280,16.0266
Data,6/29/2022,09:56:56;729,107790,280,16.046799
Data,6/29/2022,09:56:57;941,107791,280,16.066999
Data,6/29/2022,09:56:59;153,107792,280,16.0872
Data,6/29/2022,09:57:00;365,107793,280,16.107399
Data,6/29/2022,09:57:01;577,107794,280,15.905399
Data,6/29/2022,09:57:02;789,107795,280,15.9256
Data,6/29/2022,09:57:04;001,107796,280,15.9458
Data,6/29/2022,09:57:05;213,107797,280,15.966
Data,6/29/2022,09:57:06;425,107798,280,15.986199
Data,6/29/2022,09:57:07;637,107799,280,16.006399
Data,6/29/2022,09:57:08;849,107800,280,16.0266
Data,6/29/2022,09:57:10;061,107801,280,16.046799
Data,6/29/2022,09:57:11;273,107802,280,16.066999
Data,6/29/2022,09:57:12;485,107803,280,16.0872
Data,6/29/2022,09:57:13;697,107804,280,16.107399
Data,6/29/2022,09:57:14;909,107805,280,15.905399
Data,6/29/2022,09:57:16;121,107806,280,15.9256
Data,6/29/2022,09:57:17;333,107807,280,15.9458
Data,6/29/2022,09:57:18;545,107808,280,15.966
Data,6/29/2022,09:57:19;757,107809,280,15.986199
Data,6/29/2022,09:57:20;969,107810,280,16.006399
Data,6/29/2022,09:57:22;181,107811,280,16.0266
Data,6/29/2022,09:57:23;393,107812,280,16.046799
Data,6/29/2022,09:57:24;605,107813,280,16.066999
Data,6/29/2022,09:57:25;817,107814,280,16.0872
Data,6/29/2022,09:57:27;029,107815,280,16.107399
Data,6/29/2022,09:57:28;241,107816,280,15.905399
Data,6/29/2022,09:57:29;453,107817,280,15.9256
Data,6/29/2022,09:57:30;665,107818,280,15.9458
Data,6/29/2022,09:57:31;877,107819,280,15.966
Data,6/29/2022,09:57:33;089,107820,280,15.986199
Data,6/29/2022,09:57:34;301,107821,280,16.006399
Data,6/29/2022,09:57:35;513,107822,280,16.0266
Data,6/29/2022,09:57:36;725,107823,280,16.046799
Data,6/29/2022,09:57:37;937,107824,280,16.066999
Data,6/29/2022,09:57:39;149,107825,280,16.0872
Data,6/29/2022,09:57:40;361,107826,280,16.107399
Data,6/29/2022,09:57:41;573,107827,280,15.905399
Data,6/29/2022,09:57:42;785,107828,280,15.9256
Data,6/29/2022,09:57:43;997,107829,280,15.9458
Data,6/29/2022,09:57:45;209,107830,280,15.966
Data,6/29/2022,09:57:46;421,107831,280,15.986199
Data,6/29/2022,09:57:47;633,107832,280,16.006399
Data,6/29/2022,09:57:48;845,107833,280,16.0266
Data,6/29/2022,09:57:50;057,107834,280,16.046799
Data,6/29/2022,09:57:51;269,107835,280,16.066999
Data,6/29/2022,09:57:52;481,107836,280,16.0872
Data,6/29/2022,09:57:53;693,107837,280,16.107399
Data,6/29/2022,09:57:54;905,107838,280,15.905399
Data,6/29/2022,09:57:56;117,107839,280,15.9256
Data,6/29/2022,09:57:57;329,107840,280,15.9458
Data,6/29/2022,09:57:58;541,107841,280,15.966
Data,6/29/2022,09:57:59;753,107842,280,15.986199
Data,6/29/2022,09:58:00;965,107843,280,16.006399
Data,6/29/2022,09:58:02;177,107844,280,16.0266
Data,6/29/2022,09:58:03;389,107845,280,16.046799
Data,6/29/2022,09:58:04;601,107846,280,16.066999
Data,6/29/2022,09:58:05;813,107847,280,16.0872
Data,6/29/2022,09:58:07;025,107848,280,16.107399
Data,6/29/2022,09:58:08;237,107849,280,15.905399
Data,6/29/2022,09:58:09;449,107850,280,15.9256
Data,6/29/2022,09:58:10;661,107851,280,15.9458
Data,6/29/2022,09:58:11;873,107852,280,15.966
Data,6/29/2022,09:58:13;085,107853,280,15.986199
Data,6/29/2022,09:58:14;297,107854,280,16.006399
Data,6/29/2022,09:58:15;509,107855,280,16.0266
Data,6/29/2022,09:58:16;721,107856,280,16.046799
Data,6/29/2022,09:58:17;933,107857,280,16.066999
Data,6/29/2022,09:58:19;145,107858,280,16.0872
Data,6/29/2022,09:58:20;357,107859,280,16.107399
Data,6/29/2022,09:58:21;569,107860,280,15.905399
Data,6/29/2022,09:58:22;781,107861,280,15.9256
Data,6/29/2022,09:58:23;993,107862,280,15.9458
Data,6/29/2022,09:58:25;205,107863,280,15.966
Data,6/29/2022,09:58:26;417,107864,280,15.986199
Data,6/29/2022,09:58:27;629,107865,280,16.006399
Data,6/29/2022,09:58:28;841,107866,280,16.0266
Data,6/29/2022,09:58:30;053,107867,280,16.046799
Data,6/29/2022,09:58:31;265,107868,280,16.066999
Data,6/29/2022,09:58:32;477,107869,280,16.0872
Data,6/29/2022,09:58:33;689,107870,280,16.107399
Data,6/29/2022,09:58:34;901,107871,280,15.905399
Data,6/29/2022,09:58:36;113,107872,280,15.9256
Data,6/29/2022,09:58:37;325,107873,280,15.9458
Data,6/29/2022,09:58:38;537,107874,280,15.966
Data,6/29/2022,09:58:39;749,107875,280,15.986199
Data,6/29/2022,09:58:40;961,107876,280,16.006399
Data,6/29/2022,09:58:42;173,107877,280,16.0266
Data,6/29/2022,09:58:43;385,107878,280,16.046799
Data,6/29/2022,09:58:44;597,107879,280,16.066999
Data,6/29/2022,09:58:45;809,107880,280,16.0872
Data,6/29/2022,09:58:47;021,107881,280,16.107399
Data,6/29/2022,09:58:48;233,107882,280,15.905399
Data,6/29/2022,09:58:49;445,107883,280,15.9256
Data,6/29/2022,09:58:50;657,107884,280,15.9458
Data,6/29/2022,09:58:51;869,107885,280,15.966
Data,6/29/2022,09:58:53;081,107886,280,15.986199
Data,6/29/2022,09:58:54;293,107887,280,16.006399
Data,6/29/2022,09:58:55;505,107888,280,16.0266
Data,6/29/2022,09:58:56;717,107889,280,16.046799
Data,6/29/2022,09:58:57;929,107890,280,16.066999
Data,6/29/2022,09:58:59;141,107891,280,16.0872
Data,6/29/2022,09:59:00;353,107892,280,16.107399
Data,6/29/2022,09:59:01;565,107893,280,15.905399
Data,6/29/2022,09:59:02;777,107894,280,15.9256
Data,6/29/2022,09:59:03;989,107895,280,15.9456
Data,6/29/2022,09:59:05;201,107896,280,15.966
Data,6/29/2022,09:59:06;413,107897,280,15.986199
Data,6/29/2022,09:59:07;625,107898,280,16.006399
Data,6/29/2022,09:59:08;837,107899,280,16.0266
Data,6/29/2022,09:59:10;049,107900,280,16.046799
Data,6/29/2022,09:59:11;261,107901,280,16.066999
Data,6/29/2022,09:59:12;473,107902,280,16.0872
Data,6/29/2022,09:59:13;685,107903,280,16.107199
Data,6/29/2022,09:59:14;897,107904,280,15.9052
Data,6/29/2022,09:59:16;109,107905,280,15.9254
Data,6/29/2022,09:59:17;321,107906,280,15.9456
Data,6/29/2022,09:59:18;533,107907,280,15.965799
Data,6/29/2022,09:59:19;745,107908,280,15.986
Data,6/29/2022,09:59:20;957,107909,280,16.006199
Data,6/29/2022,09:59:22;169,107910,280,16.0264
Data,6/29/2022,09:59:23;381,107911,280,16.0466
Data,6/29/2022,09:59:24;593,107912,280,16.066799
Data,6/29/2022,09:59:25;805,107913,280,16.087
Data,6/29/2022,09:59:27;017,107914,280,16.107199
Data,6/29/2022,09:59:28;229,107915,280,15.9052
Data,6/29/2022,09:59:29;441,107916,280,15.9254
Data,6/29/2022,09:59:30;653,107917,280,15.9456
Data,6/29/2022,09:59:31;865,107918,280,15.965799
Data,6/29/2022,09:59:33;077,107919,280,15.986
Data,6/29/2022,09:59:34;289,107920,280,16.006199
Data,6/29/2022,09:59:35;501,107921,280,16.0264
Data,6/29/2022,09:59:36;713,107922,280,16.0466
Data,6/29/2022,09:59:37;925,107923,280,16.066799
Data,6/29/2022,09:59:39;137,107924,280,16.087
Data,6/29/2022,09:59:40;349,107925,280,16.107199
Data,6/29/2022,09:59:41;561,107926,280,15.9052
Data,6/29/2022,09:59:42;773,107927,280,15.9254
Data,6/29/2022,09:59:43;985,107928,280,15.9456
Data,6/29/2022,09:59:45;197,107929,280,15.965799
Data,6/29/2022,09:59:46;409,107930,280,15.986
Data,6/29/2022,09:59:47;621,107931,280,16.006199
Data,6/29/2022,09:59:48;833,107932,280,16.0264
Data,6/29/2022,09:59:50;045,107933,280,16.0466
Data,6/29/2022,09:59:51;257,107934,280,16.066799
Data,6/29/2022,09:59:52;469,107935,280,16.087
Data,6/29/2022,09:59:53;681,107936,280,16.107199
Data,6/29/2022,09:59:54;893,107937,280,15.9052
Data,6/29/2022,09:59:56;105,107938,280,15.9254
Data,6/29/2022,09:59:57;317,107939,280,15.9456
Data,6/29/2022,09:59:58;529,107940,280,15.965799
Data,6/29/2022,09:59:59;741,107941,280,15.986
Data,6/29/2022,10:00:00;953,107942,280,16.006199
Data,6/29/2022,10:00:02;165,107943,280,16.0264
Data,6/29/2022,10:00:03;377,107944,280,16.0466
Data,6/29/2022,10:00:04;589,107945,280,16.066799
Data,6/29/2022,10:00:05;801,107946,280,16.087
Data,6/29/2022,10:00:07;013,107947,280,16.107199
Data,6/29/2022,10:00:08;225,107948,280,15.9052
Data,6/29/2022,10:00:09;437,107949,280,15.9254
Data,6/29/2022,10:00:10;649,107950,280,15.9456
Data,6/29/2022,10:00:11;861,107951,280,15.965799
Data,6/29/2022,10:00:13;073,107952,280,15.986
Data,6/29/2022,10:00:14;285,107953,280,16.006199
Data,6/29/2022,10:00:15;497,107954,280,16.0264
Data,6/29/2022,10:00:16;709,107955,280,16.0466
Data,6/29/2022,10:00:17;921,107956,280,16.066799
Data,6/29/2022,10:00:19;133,107957,280,16.087
Data,6/29/2022,10:00:20;345,107958,280,16.107199
Data,6/29/2022,10:00:21;557,107959,280,15.9052
Data,6/29/2022,10:00:22;769,107960,280,15.9254
Data,6/29/2022,10:00:23;981,107961,280,15.9456
Data,6/29/2022,10:00:25;193,107962,280,15.965799
Data,6/29/2022,10:00:26;405,107963,280,15.986
Data,6/29/2022,10:00:27;617,107964,280,16.006199
Data,6/29/2022,10:00:28;829,107965,280,16.0264
Data,6/29/2022,10:00:30;041,107966,280,16.0466
Data,6/29/2022,10:00:31;253,107967,280,16.066799
Data,6/29/2022,10:00:32;465,107968,280,16.087
Data,6/29/2022,10:00:33;677,107969,280,16.107199
Data,6/29/2022,10:00:34;889,107970,280,15.9052
Data,6/29/2022,10:00:36;101,107971,280,15.9254
Data,6/29/2022,10:00:37;313,107972,280,15.9456
Data,6/29/2022,10:00:38;525,107973,280,15.965799
Data,6/29/2022,10:00:39;737,107974,280,15.986
Data,6/29/2022,10:00:40;949,107975,280,16.006199
Data,6/29/2022,10:00:42;161,107976,280,16.0264
Data,6/29/2022,10:00:43;373,107977,280,16.0466
Data,6/29/2022,10:00:44;585,107978,280,16.066799
Data,6/29/2022,10:00:45;797,107979,280,16.087
Data,6/29/2022,10:00:47;009,107980,280,16.107199
Data,6/29/2022,10:00:48;221,107981,280,15.9052
Data,6/29/2022,10:00:49;433,107982,280,15.9254
Data,6/29/2022,10:00:50;645,107983,280,15.9456
Data,6/29/2022,10:00:51;857,107984,280,15.965799
Data,6/29/2022,10:00:53;069,107985,280,15.986
Data,6/29/2022,10:00:54;281,107986,280,16.006199
Data,6/29/2022,10:00:55;493,107987,280,16.0264
Data,6/29/2022,10:00:56;705,107988,280,16.0466
Data,6/29/2022,10:00:57;917,107989,280,16.066799
Data,6/29/2022,10:00:59;129,107990,280,16.087
Data,6/29/2022,10:01:00;341,107991,280,16.107199
Data,6/29/2022,10:01:01;553,107992,280,15.9052
Data,6/29/2022,10:01:02;765,107993,280,15.9254
Data,6/29/2022,10:01:03;977,107994,280,15.9456
Data,6/29/2022,10:01:05;189,107995,280,15.965799
Data,6/29/2022,10:01:06;401,107996,280,15.986
Data,6/29/2022,10:01:07;613,107997,280,16.006199
Data,6/29/2022,10:01:08;825,107998,280,16.0264
Data,6/29/2022,10:01:10;037,107999,280,16.0466
Data,6/29/2022,10:01:11;249,108000,280,16.066799
Data,6/29/2022,10:01:12;461,108001,280,16.087
Data,6/29/2022,10:01:13;673,108002,280,16.107199
Data,6/29/2022,10:01:14;885,108003,280,15.9052
Data,6/29/2022,10:01:16;097,108004,280,15.9254
Data,6/29/2022,10:01:17;309,108005,280,15.9456
Data,6/29/2022,10:01:18;521,108006,280,15.965799
Data,6/29/2022,10:01:19;733,108007,280,15.986
Data,6/29/2022,10:01:20;945,108008,280,16.006199
Data,6/29/2022,10:01:22;157,108009,280,16.0264
Data,6/29/2022,10:01:23;369,108010,280,16.0466
Data,6/29/2022,10:01:24;581,108011,280,16.066799
Data,6/29/2022,10:01:25;793,108012,280,16.087
Data,6/29/2022,10:01:27;005,108013,280,16.107199
Data,6/29/2022,10:01:28;217,108014,280,15.9052
Data,6/29/2022,10:01:29;429,108015,280,15.9254
Data,6/29/2022,10:01:30;641,108016,280,15.9456
Data,6/29/2022,10:01:31;853,108017,280,15.965799
Data,6/29/2022,10:01:33;065,108018,280,15.986
Data,6/29/2022,10:01:34;277,108019,280,16.006199
Data,6/29/2022,10:01:35;489,108020,280,16.0264
Data,6/29/2022,10:01:36;701,108021,280,16.0466
Data,6/29/2022,10:01:37;913,108022,280,16.066799
Data,6/29/2022,10:01:39;125,108023,280,16.087
Data,6/29/2022,10:01:40;337,108024,280,16.107199
Data,6/29/2022,10:01:41;549,108025,280,15.9052
Data,6/29/2022,10:01:42;761,108026,280,15.9254
Data,6/29/2022,10:01:43;973,108027,280,15.9456
Data,6/29/2022,10:01:45;185,108028,280,15.965799
Data,6/29/2022,10:01:46;397,108029,280,15.986
Data,6/29/2022,10:01:47;609,108030,280,16.006199
Data,6/29/2022,10:01:48;821,108031,280,16.0264
Data,6/29/2022,10:01:50;033,108032,280,16.0466
Data,6/29/2022,10:01:51;245,108033,280,16.066799
Data,6/29/2022,10:01:52;457,108034,280,16.087
Data,6/29/2022,10:01:53;669,108035,280,16.107199
Data,6/29/2022,10:01:54;881,108036,280,15.9052
Data,6/29/2022,10:01:56;093,108037,280,15.9254
Data,6/29/2022,10:01:57;305,108038,280,15.9456
Data,6/29/2022,10:01:58;517,108039,280,15.965799
Data,6/29/2022,10:01:59;729,108040,280,15.986
Data,6/29/2022,10:02:00;941,108041,280,16.006199
Data,6/29/2022,10:02:02;153,108042,280,16.0264
Data,6/29/2022,10:02:03;365,108043,280,16.0466
Data,6/29/2022,10:02:04;577,108044,280,16.066799
Data,6/29/2022,10:02:05;789,108045,280,16.087
Data,6/29/2022,10:02:07;001,108046,280,16.107199
Data,6/29/2022,10:02:08;213,108047,280,15.9052
Data,6/29/2022,10:02:09;425,108048,280,15.9254
Data,6/29/2022,10:02:10;637,108049,280,15.9456
Data,6/29/2022,10:02:11;849,108050,280,15.965799
Data,6/29/2022,10:02:13;061,108051,280,15.986
Data,6/29/2022,10:02:14;273,108052,280,16.006199
Data,6/29/2022,10:02:15;485,108053,280,16.0264
Data,6/29/2022,10:02:16;697,108054,280,16.0466
Data,6/29/2022,10:02:17;909,108055,280,16.066799
Data,6/29/2022,10:02:19;121,108056,280,16.087
Data,6/29/2022,10:02:20;333,108057,280,16.107199
Data,6/29/2022,10:02:21;545,108058,280,15.9052
Data,6/29/2022,10:02:22;757,108059,280,15.9254
Data,6/29/2022,10:02:23;969,108060,280,15.9456
Data,6/29/2022,10:02:25;181,108061,280,15.965799
Data,6/29/2022,10:02:26;393,108062,280,15.986
Data,6/29/2022,10:02:27;605,108063,280,16.006199
Data,6/29/2022,10:02:28;817,108064,280,16.0264
Data,6/29/2022,10:02:30;029,108065,280,16.0466
Data,6/29/2022,10:02:31;241,108066,280,16.066799
Data,6/29/2022,10:02:32;453,108067,280,16.087
Data,6/29/2022,10:02:33;665,108068,280,16.107199
Data,6/29/2022,10:02:34;877,108069,280,15.9052
Data,6/29/2022,10:02:36;089,108070,280,15.9254
Data,6/29/2022,10:02:37;301,108071,280,15.9456
Data,6/29/2022,10:02:38;513,108072,280,15.965799
Data,6/29/2022,10:02:39;725,108073,280,15.986
Data,6/29/2022,10:02:40;937,108074,280,16.006199
Data,6/29/2022,10:02:42;149,108075,280,16.0264
Data,6/29/2022,10:02:43;361,108076,280,16.0466
Data,6/29/2022,10:02:44;573,108077,280,16.066799
Data,6/29/2022,10:02:45;785,108078,280,16.087
Data,6/29/2022,10:02:46;997,108079,280,16.107199
Data,6/29/2022,10:02:48;209,108080,280,15.9052
Data,6/29/2022,10:02:49;421,108081,280,15.9254
Data,6/29/2022,10:02:50;633,108082,280,15.9456
Data,6/29/2022,10:02:51;845,108083,280,15.965799
Data,6/29/2022,10:02:53;057,108084,280,15.986
Data,6/29/2022,10:02:54;269,108085,280,16.006199
Data,6/29/2022,10:02:55;481,108086,280,16.0264
Data,6/29/2022,10:02:56;693,108087,280,16.0466
Data,6/29/2022,10:02:57;905,108088,280,16.066799
Data,6/29/2022,10:02:59;117,108089,280,16.087
Data,6/29/2022,10:03:00;329,108090,280,16.107199
Data,6/29/2022,10:03:01;541,108091,280,15.9052
Data,6/29/2022,10:03:02;753,108092,280,15.9254
Data,6/29/2022,10:03:03;965,108093,280,15.9456
Data,6/29/2022,10:03:05;177,108094,280,15.965799
Data,6/29/2022,10:03:06;389,108095,280,15.986
Data,6/29/2022,10:03:07;601,108096,280,16.006199
Data,6/29/2022,10:03:08;813,108097,280,16.0264
Data,6/29/2022,10:03:10;025,108098,280,16.0466
Data,6/29/2022,10:03:11;237,108099,280,16.066799
Data,6/29/2022,10:03:12;449,108100,280,16.087
Data,6/29/2022,10:03:13;661,108101,280,16.107199
Data,6/29/2022,10:03:14;873,108102,280,15.9052
Data,6/29/2022,10:03:16;085,108103,280,15.9254
Data,6/29/2022,10:03:17;297,108104,280,15.9456
Data,6/29/2022,10:03:18;509,108105,280,15.965799
Data,6/29/2022,10:03:19;721,108106,280,15.986
Data,6/29/2022,10:03:20;933,108107,280,16.006199
Data,6/29/2022,10:03:22;145,108108,280,16.0264
Data,6/29/2022,10:03:23;357,108109,280,16.0466
Data,6/29/2022,10:03:24;569,108110,280,16.066799
Data,6/29/2022,10:03:25;781,108111,280,16.087
Data,6/29/2022,10:03:26;993,108112,280,16.107199
Data,6/29/2022,10:03:28;205,108113,280,15.9052
Data,6/29/2022,10:03:29;417,108114,280,15.9254
Data,6/29/2022,10:03:30;629,108115,280,15.9456
Data,6/29/2022,10:03:31;841,108116,280,15.965799
Data,6/29/2022,10:03:33;053,108117,280,15.986
Data,6/29/2022,10:03:34;265,108118,280,16.006199
Data,6/29/2022,10:03:35;477,108119,280,16.0264
Data,6/29/2022,10:03:36;689,108120,280,16.0466
Data,6/29/2022,10:03:37;901,108121,280,16.066799
Data,6/29/2022,10:03:39;113,108122,280,16.087
Data,6/29/2022,10:03:40;325,108123,280,16.107199
Data,6/29/2022,10:03:41;537,108124,280,15.9052
Data,6/29/2022,10:03:42;749,108125,280,15.9254
Data,6/29/2022,10:03:43;961,108126,280,15.9456
Data,6/29/2022,10:03:45;173,108127,280,15.965799
Data,6/29/2022,10:03:46;385,108128,280,15.986
Data,6/29/2022,10:03:47;597,108129,280,16.006199
Data,6/29/2022,10:03:48;809,108130,280,16.0264
Data,6/29/2022,10:03:50;021,108131,280,16.0466
Data,6/29/2022,10:03:51;233,108132,280,16.066799
Data,6/29/2022,10:03:52;445,108133,280,16.087
Data,6/29/2022,10:03:53;657,108134,280,16.107199
Data,6/29/2022,10:03:54;869,108135,280,15.9052
Data,6/29/2022,10:03:56;081,108136,280,15.9254
Data,6/29/2022,10:03:57;293,108137,280,15.9456
Data,6/29/2022,10:03:58;505,108138,280,15.965799
Data,6/29/2022,10:03:59;717,108139,280,15.986
Data,6/29/2022,10:04:00;929,108140,280,16.006199
Data,6/29/2022,10:04:02;141,108141,280,16.0264
Data,6/29/2022,10:04:03;353,108142,280,16.0466
Data,6/29/2022,10:04:04;565,108143,280,16.066799
Data,6/29/2022,10:04:05;777,108144,280,16.087
Data,6/29/2022,10:04:06;989,108145,280,16.107199
Data,6/29/2022,10:04:08;201,108146,280,15.9052
Data,6/29/2022,10:04:09;413,108147,280,15.9254
Data,6/29/2022,10:04:10;625,108148,280,15.9456
Data,6/29/2022,10:04:11;837,108149,280,15.965799
Data,6/29/2022,10:04:13;049,108150,280,15.986
Data,6/29/2022,10:04:14;261,108151,280,16.006199
Data,6/29/2022,10:04:15;473,108152,280,16.0264
Data,6/29/2022,10:04:16;685,108153,280,16.0466
Data,6/29/2022,10:04:17;897,108154,280,16.066799
Data,6/29/2022,10:04:19;109,108155,280,16.087
Data,6/29/2022,10:04:20;321,108156,280,16.107199
Data,6/29/2022,10:04:21;533,108157,280,15.9052
Data,6/29/2022,10:04:22;745,108158,280,15.9254
Data,6/29/2022,10:04:23;957,108159,280,15.9456
Data,6/29/2022,10:04:25;169,108160,280,15.965799
Data,6/29/2022,10:04:26;381,108161,280,15.986
Data,6/29/2022,10:04:27;593,108162,280,16.006199
Data,6/29/2022,10:04:28;805,108163,280,16.0264
Data,6/29/2022,10:04:30;017,108164,280,16.0466
Data,6/29/2022,10:04:31;229,108165,280,16.066799
Data,6/29/2022,10:04:32;441,108166,280,16.087
Data,6/29/2022,10:04:33;653,108167,280,16.107199
Data,6/29/2022,10:04:34;865,108168,280,15.9052
Data,6/29/2022,10:04:36;077,108169,280,15.9254
Data,6/29/2022,10:04:37;289,108170,280,15.9456
Data,6/29/2022,10:04:38;501,108171,280,15.965799
Data,6/29/2022,10:04:39;713,108172,280,15.986
Data,6/29/2022,10:04:40;925,108173,280,16.006199
Data,6/29/2022,10:04:42;137,108174,280,16.0264
Data,6/29/2022,10:04:43;349,108175,280,16.0466
Data,6/29/2022,10:04:44;561,108176,280,16.066799
Data,6/29/2022,10:04:45;773,108177,280,16.087
Data,6/29/2022,10:04:46;985,108178,280,16.107199
Data,6/29/2022,10:04:48;197,108179,280,15.9052
Data,6/29/2022,10:04:49;409,108180,280,15.9254
Data,6/29/2022,10:04:50;621,108181,280,15.9456
Data,6/29/2022,10:04:51;833,108182,280,15.965799
Data,6/29/2022,10:04:53;045,108183,280,15.986
Data,6/29/2022,10:04:54;257,108184,280,16.006199
Data,6/29/2022,10:04:55;469,108185,280,16.0264
Data,6/29/2022,10:04:56;681,108186,280,16.0466
Data,6/29/2022,10:04:57;893,108187,280,16.066799
Data,6/29/2022,10:04:59;105,108188,280,16.087
Data,6/29/2022,10:05:00;317,108189,280,16.107199
Data,6/29/2022,10:05:01;529,108190,280,15.9052
Data,6/29/2022,10:05:02;741,108191,280,15.9254
Data,6/29/2022,10:05:03;953,108192,280,15.9456
Data,6/29/2022,10:05:05;165,108193,280,15.965799
Data,6/29/2022,10:05:06;377,108194,280,15.986
Data,6/29/2022,10:05:07;589,108195,280,16.006199
Data,6/29/2022,10:05:08;801,108196,280,16.0264
Data,6/29/2022,10:05:10;013,108197,280,16.0466
Data,6/29/2022,10:05:11;225,108198,280,16.066799
Data,6/29/2022,10:05:12;437,108199,280,16.087
Data,6/29/2022,10:05:13;649,108200,280,16.107199
Data,6/29/2022,10:05:14;861,108201,280,15.9052
Data,6/29/2022,10:05:16;073,108202,280,15.9254
Data,6/29/2022,10:05:17;285,108203,280,15.9456
Data,6/29/2022,10:05:18;497,108204,280,15.965799
Data,6/29/2022,10:05:19;709,108205,280,15.986
Data,6/29/2022,10:05:20;921,108206,280,16.006199
Data,6/29/2022,10:05:22;133,108207,280,16.0264
Data,6/29/2022,10:05:23;345,108208,280,16.0466
Data,6/29/2022,10:05:24;557,108209,280,16.066799
Data,6/29/2022,10:05:25;769,108210,280,16.087
Data,6/29/2022,10:05:26;981,108211,280,16.107199
Data,6/29/2022,10:05:28;193,108212,280,15.9052
Data,6/29/2022,10:05:29;405,108213,280,15.9254
Data,6/29/2022,10:05:30;617,108214,280,15.9456
Data,6/29/2022,10:05:31;829,108215,280,15.965799
Data,6/29/2022,10:05:33;041,108216,280,15.986
Data,6/29/2022,10:05:34;253,108217,280,16.006199
Data,6/29/2022,10:05:35;465,108218,280,16.0264
Data,6/29/2022,10:05:36;677,108219,280,16.0466
Data,6/29/2022,10:05:37;889,108220,280,16.066799
Data,6/29/2022,10:05:39;101,108221,280,16.087
Data,6/29/2022,10:05:40;313,108222,280,16.107199
Data,6/29/2022,10:05:41;525,108223,280,15.9052
Data,6/29/2022,10:05:42;737,108224,280,15.9254
Data,6/29/2022,10:05:43;949,108225,280,15.9456
Data,6/29/2022,10:05:45;161,108226,280,15.965799
Data,6/29/2022,10:05:46;373,108227,280,15.986
Data,6/29/2022,10:05:47;585,108228,280,16.006199
Data,6/29/2022,10:05:48;797,108229,280,16.0264
Data,6/29/2022,10:05:50;009,108230,280,16.0466
Data,6/29/2022,10:05:51;221,108231,280,16.066799
Data,6/29/2022,10:05:52;433,108232,280,16.087
Data,6/29/2022,10:05:53;645,108233,280,16.107199
Data,6/29/2022,10:05:54;857,108234,280,15.9052
Data,6/29/2022,10:05:56;069,108235,280,15.9254
Data,6/29/2022,10:05:57;281,108236,280,15.9456
Data,6/29/2022,10:05:58;493,108237,280,15.965799
Data,6/29/2022,10:05:59;705,108238,280,15.986
Data,6/29/2022,10:06:00;917,108239,280,16.006199
Data,6/29/2022,10:06:02;129,108240,280,16.0264
Data,6/29/2022,10:06:03;341,108241,280,16.0466
Data,6/29/2022,10:06:04;553,108242,280,16.066799
Data,6/29/2022,10:06:05;765,108243,280,16.087
Data,6/29/2022,10:06:06;977,108244,280,16.107199
Data,6/29/2022,10:06:08;189,108245,280,15.9052
Data,6/29/2022,10:06:09;401,108246,280,15.9254
Data,6/29/2022,10:06:10;613,108247,280,15.9456
Data,6/29/2022,10:06:11;825,108248,280,15.965799
Data,6/29/2022,10:06:13;037,108249,280,15.986
Data,6/29/2022,10:06:14;249,108250,280,16.006199
Data,6/29/2022,10:06:15;461,108251,280,16.0264
Data,6/29/2022,10:06:16;673,108252,280,16.0466
Data,6/29/2022,10:06:17;885,108253,280,16.066799
Data,6/29/2022,10:06:19;097,108254,280,16.087
Data,6/29/2022,10:06:20;309,108255,280,16.107199
Data,6/29/2022,10:06:21;521,108256,280,15.9052
Data,6/29/2022,10:06:22;733,108257,280,15.9254
Data,6/29/2022,10:06:23;945,108258,280,15.9456
Data,6/29/2022,10:06:25;157,108259,280,15.965799
Data,6/29/2022,10:06:26;369,108260,280,15.986
Data,6/29/2022,10:06:27;581,108261,280,16.006199
Data,6/29/2022,10:06:28;793,108262,280,16.0264
Data,6/29/2022,10:06:30;005,108263,280,16.0466
Data,6/29/2022,10:06:31;217,108264,280,16.066799
Data,6/29/2022,10:06:32;429,108265,280,16.087
Data,6/29/2022,10:06:33;641,108266,280,16.107199
Data,6/29/2022,10:06:34;853,108267,280,15.9052
Data,6/29/2022,10:06:36;065,108268,280,15.9254
Data,6/29/2022,10:06:37;277,108269,280,15.9456
Data,6/29/2022,10:06:38;489,108270,280,15.965799
Data,6/29/2022,10:06:39;701,108271,280,15.986
Data,6/29/2022,10:06:40;913,108272,280,16.006199
Data,6/29/2022,10:06:42;125,108273,280,16.0264
Data,6/29/2022,10:06:43;337,108274,280,16.0466
Data,6/29/2022,10:06:44;549,108275,280,16.066799
Data,6/29/2022,10:06:45;761,108276,280,16.087
Data,6/29/2022,10:06:46;973,108277,280,16.107199
Data,6/29/2022,10:06:48;185,108278,280,15.9052
Data,6/29/2022,10:06:49;397,108279,280,15.9254
Data,6/29/2022,10:06:50;609,108280,280,15.9456
Data,6/29/2022,10:06:51;821,108281,280,15.965799
Data,6/29/2022,10:06:53;033,108282,280,15.986
Data,6/29/2022,10:06:54;245,108283,280,16.006199
Data,6/29/2022,10:06:55;457,108284,280,16.0264
Data,6/29/2022,10:06:56;669,108285,280,16.0466
Data,6/29/2022,10:06:57;881,108286,280,16.066799
Data,6/29/2022,10:06:59;093,108287,280,16.087
Data,6/29/2022,10:07:00;305,108288,280,16.107199
Data,6/29/2022,10:07:01;517,108289,280,15.9052
Data,6/29/2022,10:07:02;729,108290,280,15.9254
Data,6/29/2022,10:07:03;941,108291,280,15.9456
Data,6/29/2022,10:07:05;153,108292,280,15.965799
Data,6/29/2022,10:07:06;365,108293,280,15.986
Data,6/29/2022,10:07:07;577,108294,280,16.006199
Data,6/29/2022,10:07:08;789,108295,280,16.0264
Data,6/29/2022,10:07:10;001,108296,280,16.0466
Data,6/29/2022,10:07:11;213,108297,280,16.066799
Data,6/29/2022,10:07:12;425,108298,280,16.087
Data,6/29/2022,10:07:13;637,108299,280,16.107199
Data,6/29/2022,10:07:14;849,108300,280,15.9052
Data,6/29/2022,10:07:16;061,108301,280,15.9254
Data,6/29/2022,10:07:17;273,108302,280,15.9456
Data,6/29/2022,10:07:18;485,108303,280,15.965799
Data,6/29/2022,10:07:19;697,108304,280,15.986
Data,6/29/2022,10:07:20;909,108305,280,16.006199
Data,6/29/2022,10:07:22;121,108306,280,16.0264
Data,6/29/2022,10:07:23;333,108307,280,16.0466
Data,6/29/2022,10:07:24;545,108308,280,16.066799
Data,6/29/2022,10:07:25;757,108309,280,16.087
Data,6/29/2022,10:07:26;969,108310,280,16.107199
Data,6/29/2022,10:07:28;181,108311,280,15.9052
Data,6/29/2022,10:07:29;393,108312,280,15.9254
Data,6/29/2022,10:07:30;605,108313,280,15.9456
Data,6/29/2022,10:07:31;817,108314,280,15.965799
Data,6/29/2022,10:07:33;029,108315,280,15.986
Data,6/29/2022,10:07:34;241,108316,280,16.006199
Data,6/29/2022,10:07:35;453,108317,280,16.0264
Data,6/29/2022,10:07:36;665,108318,280,16.0466
Data,6/29/2022,10:07:37;877,108319,280,16.066799
Data,6/29/2022,10:07:39;089,108320,280,16.087
Data,6/29/2022,10:07:40;301,108321,280,16.107199
Data,6/29/2022,10:07:41;513,108322,280,15.9052
Data,6/29/2022,10:07:42;725,108323,280,15.9254
Data,6/29/2022,10:07:43;937,108324,280,15.9456
Data,6/29/2022,10:07:45;149,108325,280,15.965799
Data,6/29/2022,10:07:46;361,108326,280,15.986
Data,6/29/2022,10:07:47;573,108327,280,16.006199
Data,6/29/2022,10:07:48;785,108328,280,16.0264
Data,6/29/2022,10:07:49;997,108329,280,16.0466
Data,6/29/2022,10:07:51;209,108330,280,16.066799
Data,6/29/2022,10:07:52;421,108331,280,16.087
Data,6/29/2022,10:07:53;633,108332,280,16.107199
Data,6/29/2022,10:07:54;845,108333,280,15.9052
Data,6/29/2022,10:07:56;057,108334,280,15.9252
Data,6/29/2022,10:07:57;269,108335,280,15.945399
Data,6/29/2022,10:07:58;481,108336,280,15.9654
Data,6/29/2022,10:07:59;693,108337,280,15.9858
Data,6/29/2022,10:08:00;905,108338,280,16.006001
Data,6/29/2022,10:08:02;117,108339,280,16.026199
Data,6/29/2022,10:08:03;329,108340,280,16.0464
Data,6/29/2022,10:08:04;541,108341,280,16.066599
Data,6/29/2022,10:08:05;753,108342,280,16.0868
Data,6/29/2022,10:08:06;965,108343,280,16.107
Data,6/29/2022,10:08:08;177,108344,280,15.905
Data,6/29/2022,10:08:09;389,108345,280,15.9252
Data,6/29/2022,10:08:10;601,108346,280,15.945399
Data,6/29/2022,10:08:11;813,108347,280,15.9656
Data,6/29/2022,10:08:13;025,108348,280,15.9858
Data,6/29/2022,10:08:14;237,108349,280,16.006001
Data,6/29/2022,10:08:15;449,108350,280,16.026199
Data,6/29/2022,10:08:16;661,108351,280,16.0464
Data,6/29/2022,10:08:17;873,108352,280,16.066599
Data,6/29/2022,10:08:19;085,108353,280,16.0868
Data,6/29/2022,10:08:20;297,108354,280,16.107
Data,6/29/2022,10:08:21;509,108355,280,15.905
Data,6/29/2022,10:08:22;721,108356,280,15.9252
Data,6/29/2022,10:08:23;933,108357,280,15.945399
Data,6/29/2022,10:08:25;145,108358,280,15.9656
Data,6/29/2022,10:08:26;357,108359,280,15.9858
Data,6/29/2022,10:08:27;569,108360,280,16.006001
Data,6/29/2022,10:08:28;781,108361,280,16.026199
Data,6/29/2022,10:08:29;993,108362,280,16.0464
Data,6/29/2022,10:08:31;205,108363,280,16.066599
Data,6/29/2022,10:08:32;417,108364,280,16.0868
Data,6/29/2022,10:08:33;629,108365,280,16.107
Data,6/29/2022,10:08:34;841,108366,280,15.905
Data,6/29/2022,10:08:36;053,108367,280,15.9252
Data,6/29/2022,10:08:37;265,108368,280,15.945399
Data,6/29/2022,10:08:38;477,108369,280,15.9656
Data,6/29/2022,10:08:39;689,108370,280,15.9858
Data,6/29/2022,10:08:40;901,108371,280,16.006001
Data,6/29/2022,10:08:42;113,108372,280,16.026199
Data,6/29/2022,10:08:43;325,108373,280,16.0464
Data,6/29/2022,10:08:44;537,108374,280,16.066599
Data,6/29/2022,10:08:45;749,108375,280,16.0868
Data,6/29/2022,10:08:46;961,108376,280,16.107
Data,6/29/2022,10:08:48;173,108377,280,15.905
Data,6/29/2022,10:08:49;385,108378,280,15.9252
Data,6/29/2022,10:08:50;597,108379,280,15.945399
Data,6/29/2022,10:08:51;809,108380,280,15.9656
Data,6/29/2022,10:08:53;021,108381,280,15.9858
Data,6/29/2022,10:08:54;233,108382,280,16.006001
Data,6/29/2022,10:08:55;445,108383,280,16.026199
Data,6/29/2022,10:08:56;657,108384,280,16.0464
Data,6/29/2022,10:08:57;869,108385,280,16.066599
Data,6/29/2022,10:08:59;081,108386,280,16.0868
Data,6/29/2022,10:09:00;293,108387,280,16.107
Data,6/29/2022,10:09:01;505,108388,280,15.905
Data,6/29/2022,10:09:02;717,108389,280,15.9252
Data,6/29/2022,10:09:03;929,108390,280,15.945399
Data,6/29/2022,10:09:05;141,108391,280,15.9656
Data,6/29/2022,10:09:06;353,108392,280,15.9858
Data,6/29/2022,10:09:07;565,108393,280,16.006001
Data,6/29/2022,10:09:08;777,108394,280,16.026199
Data,6/29/2022,10:09:09;989,108395,280,16.0464
Data,6/29/2022,10:09:11;201,108396,280,16.066599
Data,6/29/2022,10:09:12;413,108397,280,16.0868
Data,6/29/2022,10:09:13;625,108398,280,16.107
Data,6/29/2022,10:09:14;837,108399,280,15.905
Data,6/29/2022,10:09:16;049,108400,280,15.9252
Data,6/29/2022,10:09:17;261,108401,280,15.945399
Data,6/29/2022,10:09:18;473,108402,280,15.9656
Data,6/29/2022,10:09:19;685,108403,280,15.9858
Data,6/29/2022,10:09:20;897,108404,280,16.006001
Data,6/29/2022,10:09:22;109,108405,280,16.026199
Data,6/29/2022,10:09:23;321,108406,280,16.0464
Data,6/29/2022,10:09:24;533,108407,280,16.066599
Data,6/29/2022,10:09:25;745,108408,280,16.0868
Data,6/29/2022,10:09:26;957,108409,280,16.107
Data,6/29/2022,10:09:28;169,108410,280,15.905
Data,6/29/2022,10:09:29;381,108411,280,15.9252
Data,6/29/2022,10:09:30;593,108412,280,15.945399
Data,6/29/2022,10:09:31;805,108413,280,15.9656
Data,6/29/2022,10:09:33;017,108414,280,15.9858
Data,6/29/2022,10:09:34;229,108415,280,16.006001
Data,6/29/2022,10:09:35;441,108416,280,16.026199
Data,6/29/2022,10:09:36;653,108417,280,16.0464
Data,6/29/2022,10:09:37;865,108418,280,16.066599
Data,6/29/2022,10:09:39;077,108419,280,16.0868
Data,6/29/2022,10:09:40;289,108420,280,16.107
Data,6/29/2022,10:09:41;501,108421,280,15.905
Data,6/29/2022,10:09:42;713,108422,280,15.9252
Data,6/29/2022,10:09:43;925,108423,280,15.945399
Data,6/29/2022,10:09:45;137,108424,280,15.9656
Data,6/29/2022,10:09:46;349,108425,280,15.9858
Data,6/29/2022,10:09:47;561,108426,280,16.006001
Data,6/29/2022,10:09:48;773,108427,280,16.026199
Data,6/29/2022,10:09:49;985,108428,280,16.0464
Data,6/29/2022,10:09:51;197,108429,280,16.066599
Data,6/29/2022,10:09:52;409,108430,280,16.0868
Data,6/29/2022,10:09:53;621,108431,280,16.107
Data,6/29/2022,10:09:54;833,108432,280,15.905
Data,6/29/2022,10:09:56;045,108433,280,15.9252
Data,6/29/2022,10:09:57;257,108434,280,15.945399
Data,6/29/2022,10:09:58;469,108435,280,15.9656
Data,6/29/2022,10:09:59;681,108436,280,15.9858
Data,6/29/2022,10:10:00;893,108437,280,16.006001
Data,6/29/2022,10:10:02;105,108438,280,16.026199
Data,6/29/2022,10:10:03;317,108439,280,16.0464
Data,6/29/2022,10:10:04;529,108440,280,16.066599
Data,6/29/2022,10:10:05;741,108441,280,16.0868
Data,6/29/2022,10:10:06;953,108442,280,16.107
Data,6/29/2022,10:10:08;165,108443,280,15.905
Data,6/29/2022,10:10:09;377,108444,280,15.9252
Data,6/29/2022,10:10:10;589,108445,280,15.945399
Data,6/29/2022,10:10:11;801,108446,280,15.9656
Data,6/29/2022,10:10:13;013,108447,280,15.9858
Data,6/29/2022,10:10:14;225,108448,280,16.006001
Data,6/29/2022,10:10:15;437,108449,280,16.026199
Data,6/29/2022,10:10:16;649,108450,280,16.0464
Data,6/29/2022,10:10:17;861,108451,280,16.066599
Data,6/29/2022,10:10:19;073,108452,280,16.0868
Data,6/29/2022,10:10:20;285,108453,280,16.107
Data,6/29/2022,10:10:21;497,108454,280,15.905
Data,6/29/2022,10:10:22;709,108455,280,15.9252
Data,6/29/2022,10:10:23;921,108456,280,15.945399
Data,6/29/2022,10:10:25;133,108457,280,15.9656
Data,6/29/2022,10:10:26;345,108458,280,15.9858
Data,6/29/2022,10:10:27;557,108459,280,16.006001
Data,6/29/2022,10:10:28;769,108460,280,16.026199
Data,6/29/2022,10:10:29;981,108461,280,16.0464
Data,6/29/2022,10:10:31;193,108462,280,16.066599
Data,6/29/2022,10:10:32;405,108463,280,16.0868
Data,6/29/2022,10:10:33;617,108464,280,16.107
Data,6/29/2022,10:10:34;829,108465,280,15.905
Data,6/29/2022,10:10:36;041,108466,280,15.9252
Data,6/29/2022,10:10:37;253,108467,280,15.945399
Data,6/29/2022,10:10:38;465,108468,280,15.9656
Data,6/29/2022,10:10:39;677,108469,280,15.9858
Data,6/29/2022,10:10:40;889,108470,280,16.0058
Data,6/29/2022,10:10:42;101,108471,280,16.025999
Data,6/29/2022,10:10:43;313,108472,280,16.0462
Data,6/29/2022,10:10:44;525,108473,280,16.066401
Data,6/29/2022,10:10:45;737,108474,280,16.086599
Data,6/29/2022,10:10:46;949,108475,280,16.1068
Data,6/29/2022,10:10:48;161,108476,280,15.904799
Data,6/29/2022,10:10:49;373,108477,280,15.924999
Data,6/29/2022,10:10:50;585,108478,280,15.9452
Data,6/29/2022,10:10:51;797,108479,280,15.9654
Data,6/29/2022,10:10:53;009,108480,280,15.9856
Data,6/29/2022,10:10:54;221,108481,280,16.0058
Data,6/29/2022,10:10:55;433,108482,280,16.025999
Data,6/29/2022,10:10:56;645,108483,280,16.0462
Data,6/29/2022,10:10:57;857,108484,280,16.066401
Data,6/29/2022,10:10:59;069,108485,280,16.086599
Data,6/29/2022,10:11:00;281,108486,280,16.1068
Data,6/29/2022,10:11:01;493,108487,280,15.904799
Data,6/29/2022,10:11:02;705,108488,280,15.924999
Data,6/29/2022,10:11:03;917,108489,280,15.9452
Data,6/29/2022,10:11:05;129,108490,280,15.9654
Data,6/29/2022,10:11:06;341,108491,280,15.9856
Data,6/29/2022,10:11:07;553,108492,280,16.0058
Data,6/29/2022,10:11:08;765,108493,280,16.025999
Data,6/29/2022,10:11:09;977,108494,280,16.0462
Data,6/29/2022,10:11:11;189,108495,280,16.066401
Data,6/29/2022,10:11:12;401,108496,280,16.086599
Data,6/29/2022,10:11:13;613,108497,280,16.1068
Data,6/29/2022,10:11:14;825,108498,280,15.904799
Data,6/29/2022,10:11:16;037,108499,280,15.924999
Data,6/29/2022,10:11:17;249,108500,280,15.9452
Data,6/29/2022,10:11:18;461,108501,280,15.9654
Data,6/29/2022,10:11:19;673,108502,280,15.9856
Data,6/29/2022,10:11:20;885,108503,280,16.0058
Data,6/29/2022,10:11:22;097,108504,280,16.025999
Data,6/29/2022,10:11:23;309,108505,280,16.0462
Data,6/29/2022,10:11:24;521,108506,280,16.066401
Data,6/29/2022,10:11:25;733,108507,280,16.086599
Data,6/29/2022,10:11:26;945,108508,280,16.1068
Data,6/29/2022,10:11:28;157,108509,280,15.904799
Data,6/29/2022,10:11:29;369,108510,280,15.924999
Data,6/29/2022,10:11:30;581,108511,280,15.9452
Data,6/29/2022,10:11:31;793,108512,280,15.9654
Data,6/29/2022,10:11:33;005,108513,280,15.9856
Data,6/29/2022,10:11:34;217,108514,280,16.0058
Data,6/29/2022,10:11:35;429,108515,280,16.025999
Data,6/29/2022,10:11:36;641,108516,280,16.0462
Data,6/29/2022,10:11:37;853,108517,280,16.066401
Data,6/29/2022,10:11:39;065,108518,280,16.086599
Data,6/29/2022,10:11:40;277,108519,280,16.1068
Data,6/29/2022,10:11:41;489,108520,280,15.904799
Data,6/29/2022,10:11:42;701,108521,280,15.924999
Data,6/29/2022,10:11:43;913,108522,280,15.9452
Data,6/29/2022,10:11:45;125,108523,280,15.9654
Data,6/29/2022,10:11:46;337,108524,280,15.9856
Data,6/29/2022,10:11:47;549,108525,280,16.0058
Data,6/29/2022,10:11:48;761,108526,280,16.025999
Data,6/29/2022,10:11:49;973,108527,280,16.0462
Data,6/29/2022,10:11:51;185,108528,280,16.066401
Data,6/29/2022,10:11:52;397,108529,280,16.086599
Data,6/29/2022,10:11:53;609,108530,280,16.1068
Data,6/29/2022,10:11:54;821,108531,280,15.904799
Data,6/29/2022,10:11:56;033,108532,280,15.924999
Data,6/29/2022,10:11:57;245,108533,280,15.9452
Data,6/29/2022,10:11:58;457,108534,280,15.9654
Data,6/29/2022,10:11:59;669,108535,280,15.9856
Data,6/29/2022,10:12:00;881,108536,280,16.0058
Data,6/29/2022,10:12:02;093,108537,280,16.025999
Data,6/29/2022,10:12:03;305,108538,280,16.0462
Data,6/29/2022,10:12:04;517,108539,280,16.066401
Data,6/29/2022,10:12:05;729,108540,280,16.086599
Data,6/29/2022,10:12:06;941,108541,280,16.1068
Data,6/29/2022,10:12:08;153,108542,280,15.904799
Data,6/29/2022,10:12:09;365,108543,280,15.924999
Data,6/29/2022,10:12:10;577,108544,280,15.9452
Data,6/29/2022,10:12:11;789,108545,280,15.9654
Data,6/29/2022,10:12:13;001,108546,280,15.9856
Data,6/29/2022,10:12:14;213,108547,280,16.0058
Data,6/29/2022,10:12:15;425,108548,280,16.025999
Data,6/29/2022,10:12:16;637,108549,280,16.0462
Data,6/29/2022,10:12:17;849,108550,280,16.066401
Data,6/29/2022,10:12:19;061,108551,280,16.086599
Data,6/29/2022,10:12:20;273,108552,280,16.1068
Data,6/29/2022,10:12:21;485,108553,280,15.904799
Data,6/29/2022,10:12:22;697,108554,280,15.924999
Data,6/29/2022,10:12:23;909,108555,280,15.9452
Data,6/29/2022,10:12:25;121,108556,280,15.9654
Data,6/29/2022,10:12:26;333,108557,280,15.9856
Data,6/29/2022,10:12:27;545,108558,280,16.0058
Data,6/29/2022,10:12:28;757,108559,280,16.025999
Data,6/29/2022,10:12:29;969,108560,280,16.0462
Data,6/29/2022,10:12:31;181,108561,280,16.066401
Data,6/29/2022,10:12:32;393,108562,280,16.086599
Data,6/29/2022,10:12:33;605,108563,280,16.1068
Data,6/29/2022,10:12:34;817,108564,280,15.904799
Data,6/29/2022,10:12:36;029,108565,280,15.924999
Data,6/29/2022,10:12:37;241,108566,280,15.9452
Data,6/29/2022,10:12:38;453,108567,280,15.9654
Data,6/29/2022,10:12:39;665,108568,280,15.9856
Data,6/29/2022,10:12:40;877,108569,280,16.0058
Data,6/29/2022,10:12:42;089,108570,280,16.025999
Data,6/29/2022,10:12:43;301,108571,280,16.0462
Data,6/29/2022,10:12:44;513,108572,280,16.066401
Data,6/29/2022,10:12:45;725,108573,280,16.086599
Data,6/29/2022,10:12:46;937,108574,280,16.1068
Data,6/29/2022,10:12:48;149,108575,280,15.904799
Data,6/29/2022,10:12:49;361,108576,280,15.924999
Data,6/29/2022,10:12:50;573,108577,280,15.9452
Data,6/29/2022,10:12:51;785,108578,280,15.9654
Data,6/29/2022,10:12:52;997,108579,280,15.9856
Data,6/29/2022,10:12:54;209,108580,280,16.0058
Data,6/29/2022,10:12:55;421,108581,280,16.025999
Data,6/29/2022,10:12:56;633,108582,280,16.0462
Data,6/29/2022,10:12:57;845,108583,280,16.066401
Data,6/29/2022,10:12:59;057,108584,280,16.086599
Data,6/29/2022,10:13:00;269,108585,280,16.1068
Data,6/29/2022,10:13:01;481,108586,280,15.904799
Data,6/29/2022,10:13:02;693,108587,280,15.924999
Data,6/29/2022,10:13:03;905,108588,280,15.9452
Data,6/29/2022,10:13:05;117,108589,280,15.9654
Data,6/29/2022,10:13:06;329,108590,280,15.9856
Data,6/29/2022,10:13:07;541,108591,280,16.0058
Data,6/29/2022,10:13:08;753,108592,280,16.025999
Data,6/29/2022,10:13:09;965,108593,280,16.0462
Data,6/29/2022,10:13:11;177,108594,280,16.066401
Data,6/29/2022,10:13:12;389,108595,280,16.086599
Data,6/29/2022,10:13:13;601,108596,280,16.1068
Data,6/29/2022,10:13:14;813,108597,280,15.904799
Data,6/29/2022,10:13:16;025,108598,280,15.924999
Data,6/29/2022,10:13:17;237,108599,280,15.9452
Data,6/29/2022,10:13:18;449,108600,280,15.9654
Data,6/29/2022,10:13:19;661,108601,280,15.9856
Data,6/29/2022,10:13:20;873,108602,280,16.0058
Data,6/29/2022,10:13:22;085,108603,280,16.025999
Data,6/29/2022,10:13:23;297,108604,280,16.0462
Data,6/29/2022,10:13:24;509,108605,280,16.066401
Data,6/29/2022,10:13:25;721,108606,280,16.086599
Data,6/29/2022,10:13:26;933,108607,280,16.1068
Data,6/29/2022,10:13:28;145,108608,280,15.904799
Data,6/29/2022,10:13:29;357,108609,280,15.924999
Data,6/29/2022,10:13:30;569,108610,280,15.9452
Data,6/29/2022,10:13:31;781,108611,280,15.9654
Data,6/29/2022,10:13:32;993,108612,280,15.9856
Data,6/29/2022,10:13:34;205,108613,280,16.0058
Data,6/29/2022,10:13:35;417,108614,280,16.025999
Data,6/29/2022,10:13:36;629,108615,280,16.0462
Data,6/29/2022,10:13:37;841,108616,280,16.066401
Data,6/29/2022,10:13:39;053,108617,280,16.086599
Data,6/29/2022,10:13:40;265,108618,280,16.1068
Data,6/29/2022,10:13:41;477,108619,280,15.904799
Data,6/29/2022,10:13:42;689,108620,280,15.924999
Data,6/29/2022,10:13:43;901,108621,280,15.9452
Data,6/29/2022,10:13:45;113,108622,280,15.9654
Data,6/29/2022,10:13:46;325,108623,280,15.9856
Data,6/29/2022,10:13:47;537,108624,280,16.0058
Data,6/29/2022,10:13:48;749,108625,280,16.025999
Data,6/29/2022,10:13:49;961,108626,280,16.0462
Data,6/29/2022,10:13:51;173,108627,280,16.066401
Data,6/29/2022,10:13:52;385,108628,280,16.086599
Data,6/29/2022,10:13:53;597,108629,280,16.1068
Data,6/29/2022,10:13:54;809,108630,280,15.904799
Data,6/29/2022,10:13:56;021,108631,280,15.924999
Data,6/29/2022,10:13:57;233,108632,280,15.9452
Data,6/29/2022,10:13:58;445,108633,280,15.9654
Data,6/29/2022,10:13:59;657,108634,280,15.9856
Data,6/29/2022,10:14:00;869,108635,280,16.0058
Data,6/29/2022,10:14:02;081,108636,280,16.025999
Data,6/29/2022,10:14:03;293,108637,280,16.0462
Data,6/29/2022,10:14:04;505,108638,280,16.066401
Data,6/29/2022,10:14:05;717,108639,280,16.086599
Data,6/29/2022,10:14:06;929,108640,280,16.1068
Data,6/29/2022,10:14:08;141,108641,280,15.904799
Data,6/29/2022,10:14:09;353,108642,280,15.924999
Data,6/29/2022,10:14:10;565,108643,280,15.9452
Data,6/29/2022,10:14:11;777,108644,280,15.9654
Data,6/29/2022,10:14:12;989,108645,280,15.9856
Data,6/29/2022,10:14:14;201,108646,280,16.0058
Data,6/29/2022,10:14:15;413,108647,280,16.025999
Data,6/29/2022,10:14:16;625,108648,280,16.0462
Data,6/29/2022,10:14:17;837,108649,280,16.066401
Data,6/29/2022,10:14:19;049,108650,280,16.086599
Data,6/29/2022,10:14:20;261,108651,280,16.1068
Data,6/29/2022,10:14:21;473,108652,280,15.904799
Data,6/29/2022,10:14:22;685,108653,280,15.924999
Data,6/29/2022,10:14:23;897,108654,280,15.9452
Data,6/29/2022,10:14:25;109,108655,280,15.9654
Data,6/29/2022,10:14:26;321,108656,280,15.9856
Data,6/29/2022,10:14:27;533,108657,280,16.0058
Data,6/29/2022,10:14:28;745,108658,280,16.025999
Data,6/29/2022,10:14:29;957,108659,280,16.0462
Data,6/29/2022,10:14:31;169,108660,280,16.066401
Data,6/29/2022,10:14:32;381,108661,280,16.086599
Data,6/29/2022,10:14:33;593,108662,280,16.1068
Data,6/29/2022,10:14:34;805,108663,280,15.904799
Data,6/29/2022,10:14:36;017,108664,280,15.924999
Data,6/29/2022,10:14:37;229,108665,280,15.9452
Data,6/29/2022,10:14:38;441,108666,280,15.9654
Data,6/29/2022,10:14:39;653,108667,280,15.9856
Data,6/29/2022,10:14:40;865,108668,280,16.0058
Data,6/29/2022,10:14:42;077,108669,280,16.025999
Data,6/29/2022,10:14:43;289,108670,280,16.0462
Data,6/29/2022,10:14:44;501,108671,280,16.066401
Data,6/29/2022,10:14:45;713,108672,280,16.086599
Data,6/29/2022,10:14:46;925,108673,280,16.1068
Data,6/29/2022,10:14:48;137,108674,280,15.904799
Data,6/29/2022,10:14:49;349,108675,280,15.924999
Data,6/29/2022,10:14:50;561,108676,280,15.9452
Data,6/29/2022,10:14:51;773,108677,280,15.9654
Data,6/29/2022,10:14:52;985,108678,280,15.9856
Data,6/29/2022,10:14:54;197,108679,280,16.0058
Data,6/29/2022,10:14:55;409,108680,280,16.025999
Data,6/29/2022,10:14:56;621,108681,280,16.0462
Data,6/29/2022,10:14:57;833,108682,280,16.066401
Data,6/29/2022,10:14:59;045,108683,280,16.086599
Data,6/29/2022,10:15:00;257,108684,280,16.1068
Data,6/29/2022,10:15:01;469,108685,280,15.904799
Data,6/29/2022,10:15:02;681,108686,280,15.924999
Data,6/29/2022,10:15:03;893,108687,280,15.9452
Data,6/29/2022,10:15:05;105,108688,280,15.9654
Data,6/29/2022,10:15:06;317,108689,280,15.9856
Data,6/29/2022,10:15:07;529,108690,280,16.0058
Data,6/29/2022,10:15:08;741,108691,280,16.025999
Data,6/29/2022,10:15:09;953,108692,280,16.0462
Data,6/29/2022,10:15:11;165,108693,280,16.066401
Data,6/29/2022,10:15:12;377,108694,280,16.086599
Data,6/29/2022,10:15:13;589,108695,280,16.1068
Data,6/29/2022,10:15:14;801,108696,280,15.904799
Data,6/29/2022,10:15:16;013,108697,280,15.924999
Data,6/29/2022,10:15:17;225,108698,280,15.9452
Data,6/29/2022,10:15:18;437,108699,280,15.9654
Data,6/29/2022,10:15:19;649,108700,280,15.9856
Data,6/29/2022,10:15:20;861,108701,280,16.0058
Data,6/29/2022,10:15:22;073,108702,280,16.025999
Data,6/29/2022,10:15:23;285,108703,280,16.0462
Data,6/29/2022,10:15:24;497,108704,280,16.066401
Data,6/29/2022,10:15:25;709,108705,280,16.086599
Data,6/29/2022,10:15:26;921,108706,280,16.1068
Data,6/29/2022,10:15:28;133,108707,280,15.904799
Data,6/29/2022,10:15:29;345,108708,280,15.924999
Data,6/29/2022,10:15:30;557,108709,280,15.9452
Data,6/29/2022,10:15:31;769,108710,280,15.9654
Data,6/29/2022,10:15:32;981,108711,280,15.9856
Data,6/29/2022,10:15:34;193,108712,280,16.0058
Data,6/29/2022,10:15:35;405,108713,280,16.025999
Data,6/29/2022,10:15:36;617,108714,280,16.0462
Data,6/29/2022,10:15:37;829,108715,280,16.066401
Data,6/29/2022,10:15:39;041,108716,280,16.086599
Data,6/29/2022,10:15:40;253,108717,280,16.1068
Data,6/29/2022,10:15:41;465,108718,280,15.904799
Data,6/29/2022,10:15:42;677,108719,280,15.924999
Data,6/29/2022,10:15:43;889,108720,280,15.9452
