Controller Name:,"GernBlensten883381352"
Trend Name:,"Packaging"
Trend Tags:,"3"
Sample Period:,"940" ms
Description:,""
Start Trigger:,No Trigger

Stop Trigger:,No Trigger

Start Time:,6/29/2022,09:33:59;710
Stop Time:,6/29/2022,09:50:26;710
Pre-Samples:,"0"
Post-Samples:,"0"
Header:,Date,Time,"Program:MainProgram\BagID","Program:MainProgram\ProductCode","Program:MainProgram\MaterialWeight"
Data,6/29/2022,09:33:59;710,"106402","230","11.951799"
Data,6/29/2022,09:34:00;650,"106403","230","11.917600"
Data,6/29/2022,09:34:01;590,"106404","230","12.105599"
Data,6/29/2022,09:34:02;530,"106405","230","12.071400"
Data,6/29/2022,09:34:03;470,"106406","230","12.037200"
Data,6/29/2022,09:34:04;410,"106407","230","12.002999"
Data,6/29/2022,09:34:05;350,"106408","230","11.968800"
Data,6/29/2022,09:34:06;290,"106409","230","11.934600"
Data,6/29/2022,09:34:07;230,"106410","230","11.900399"
Data,6/29/2022,09:34:08;170,"106411","230","12.088400"
Data,6/29/2022,09:34:09;110,"106412","230","12.054199"
Data,6/29/2022,09:34:10;050,"106413","230","12.020000"
Data,6/29/2022,09:34:10;990,"106414","230","11.985800"
Data,6/29/2022,09:34:11;930,"106415","230","11.951600"
Data,6/29/2022,09:34:12;870,"106416","230","11.917399"
Data,6/29/2022,09:34:13;810,"106417","230","12.105400"
Data,6/29/2022,09:34:14;750,"106418","230","12.071199"
Data,6/29/2022,09:34:15;690,"106419","230","12.037000"
Data,6/29/2022,09:34:16;630,"106420","230","12.002800"
Data,6/29/2022,09:34:17;570,"106421","230","11.968599"
Data,6/29/2022,09:34:18;510,"106422","230","11.934400"
Data,6/29/2022,09:34:19;450,"106423","230","11.900200"
Data,6/29/2022,09:34:20;390,"106424","230","12.088200"
Data,6/29/2022,09:34:21;330,"106425","230","12.054000"
Data,6/29/2022,09:34:22;270,"106426","230","12.019799"
Data,6/29/2022,09:34:23;210,"106427","230","11.985600"
Data,6/29/2022,09:34:24;150,"106428","230","11.951400"
Data,6/29/2022,09:34:25;090,"106429","230","11.917200"
Data,6/29/2022,09:34:26;030,"106430","230","12.105200"
Data,6/29/2022,09:34:26;970,"106431","230","12.070999"
Data,6/29/2022,09:34:27;910,"106432","230","12.036799"
Data,6/29/2022,09:34:28;850,"106433","230","12.002600"
Data,6/29/2022,09:34:29;790,"106434","230","11.968400"
Data,6/29/2022,09:34:30;730,"106435","230","11.934199"
Data,6/29/2022,09:34:31;670,"106436","230","11.900000"
Data,6/29/2022,09:34:32;610,"106437","230","12.087999"
Data,6/29/2022,09:34:33;550,"106438","230","12.053800"
Data,6/29/2022,09:34:34;490,"106439","230","12.019600"
Data,6/29/2022,09:34:35;430,"106440","230","11.985399"
Data,6/29/2022,09:34:36;370,"106441","230","11.951200"
Data,6/29/2022,09:34:37;310,"106442","230","11.917000"
Data,6/29/2022,09:34:38;250,"106443","230","12.105000"
Data,6/29/2022,09:34:39;190,"106444","230","12.070800"
Data,6/29/2022,09:34:40;130,"106445","230","12.036599"
Data,6/29/2022,09:34:41;070,"106446","230","12.002399"
Data,6/29/2022,09:34:42;010,"106447","230","11.968200"
Data,6/29/2022,09:34:42;950,"106448","230","11.934000"
Data,6/29/2022,09:34:43;890,"106449","230","12.122000"
Data,6/29/2022,09:34:44;830,"106450","230","12.087800"
Data,6/29/2022,09:34:45;770,"106451","230","12.053599"
Data,6/29/2022,09:34:46;710,"106452","230","12.019400"
Data,6/29/2022,09:34:47;650,"106453","230","11.985200"
Data,6/29/2022,09:34:48;590,"106454","230","11.950999"
Data,6/29/2022,09:34:49;530,"106455","230","11.916800"
Data,6/29/2022,09:34:50;470,"106456","230","12.104799"
Data,6/29/2022,09:34:51;410,"106457","230","12.070600"
Data,6/29/2022,09:34:52;350,"106458","230","12.036400"
Data,6/29/2022,09:34:53;290,"106459","230","12.002199"
Data,6/29/2022,09:34:54;230,"106460","230","11.967999"
Data,6/29/2022,09:34:55;170,"106461","230","11.933800"
Data,6/29/2022,09:34:56;110,"106462","230","12.121799"
Data,6/29/2022,09:34:57;050,"106463","230","12.087600"
Data,6/29/2022,09:34:57;990,"106464","230","12.053400"
Data,6/29/2022,09:34:58;930,"106465","230","12.019199"
Data,6/29/2022,09:34:59;870,"106466","230","11.985000"
Data,6/29/2022,09:35:00;810,"106467","230","11.950800"
Data,6/29/2022,09:35:01;750,"106468","230","11.916599"
Data,6/29/2022,09:35:02;690,"106469","230","12.104600"
Data,6/29/2022,09:35:03;630,"106470","230","12.070399"
Data,6/29/2022,09:35:04;570,"106471","230","12.036200"
Data,6/29/2022,09:35:05;510,"106472","230","12.002000"
Data,6/29/2022,09:35:06;450,"106473","230","11.967799"
Data,6/29/2022,09:35:07;390,"106474","230","11.933599"
Data,6/29/2022,09:35:08;330,"106475","230","12.121599"
Data,6/29/2022,09:35:09;270,"106476","230","12.087399"
Data,6/29/2022,09:35:10;210,"106477","230","12.053200"
Data,6/29/2022,09:35:11;150,"106478","230","12.019000"
Data,6/29/2022,09:35:12;090,"106479","230","11.984799"
Data,6/29/2022,09:35:13;030,"106480","230","11.950600"
Data,6/29/2022,09:35:13;970,"106481","230","11.916400"
Data,6/29/2022,09:35:14;910,"106482","230","12.104400"
Data,6/29/2022,09:35:15;850,"106483","230","12.070200"
Data,6/29/2022,09:35:16;790,"106484","230","12.035999"
Data,6/29/2022,09:35:17;730,"106485","230","12.001800"
Data,6/29/2022,09:35:18;670,"106486","230","11.967600"
Data,6/29/2022,09:35:19;610,"106487","230","11.933399"
Data,6/29/2022,09:35:20;550,"106488","230","12.121400"
Data,6/29/2022,09:35:21;490,"106489","230","12.087199"
Data,6/29/2022,09:35:22;430,"106490","230","12.052999"
Data,6/29/2022,09:35:23;370,"106491","230","12.018800"
Data,6/29/2022,09:35:24;310,"106492","230","11.984600"
Data,6/29/2022,09:35:25;250,"106493","230","11.950399"
Data,6/29/2022,09:35:26;190,"106494","230","11.916200"
Data,6/29/2022,09:35:27;130,"106495","230","12.104199"
Data,6/29/2022,09:35:28;070,"106496","230","12.070000"
Data,6/29/2022,09:35:29;010,"106497","230","12.035800"
Data,6/29/2022,09:35:29;950,"106498","230","12.001599"
Data,6/29/2022,09:35:30;890,"106499","230","11.967400"
Data,6/29/2022,09:35:31;830,"106500","230","11.933200"
Data,6/29/2022,09:35:32;770,"106501","230","12.121200"
Data,6/29/2022,09:35:33;710,"106502","230","12.087000"
Data,6/29/2022,09:35:34;650,"106503","230","12.052799"
Data,6/29/2022,09:35:35;590,"106504","230","12.018600"
Data,6/29/2022,09:35:36;530,"106505","230","11.984400"
Data,6/29/2022,09:35:37;470,"106506","230","11.950200"
Data,6/29/2022,09:35:38;410,"106507","230","11.915999"
Data,6/29/2022,09:35:39;350,"106508","230","12.104000"
Data,6/29/2022,09:35:40;290,"106509","230","12.069799"
Data,6/29/2022,09:35:41;230,"106510","230","12.035600"
Data,6/29/2022,09:35:42;170,"106511","230","12.001400"
Data,6/29/2022,09:35:43;110,"106512","230","11.967199"
Data,6/29/2022,09:35:44;050,"106513","230","11.933000"
Data,6/29/2022,09:35:44;990,"106514","230","12.120999"
Data,6/29/2022,09:35:45;930,"106515","230","12.086800"
Data,6/29/2022,09:35:46;870,"106516","230","12.052600"
Data,6/29/2022,09:35:47;810,"106517","230","12.018399"
Data,6/29/2022,09:35:48;750,"106518","230","11.984200"
Data,6/29/2022,09:35:49;690,"106519","230","11.950000"
Data,6/29/2022,09:35:50;630,"106520","230","11.915800"
Data,6/29/2022,09:35:51;570,"106521","230","12.103800"
Data,6/29/2022,09:35:52;510,"106522","230","12.069599"
Data,6/29/2022,09:35:53;450,"106523","230","12.035399"
Data,6/29/2022,09:35:54;390,"106524","230","12.001200"
Data,6/29/2022,09:35:55;330,"106525","230","11.967000"
Data,6/29/2022,09:35:56;270,"106526","230","11.932799"
Data,6/29/2022,09:35:57;210,"106527","230","12.120800"
Data,6/29/2022,09:35:58;150,"106528","230","12.086599"
Data,6/29/2022,09:35:59;090,"106529","230","12.052400"
Data,6/29/2022,09:36:00;030,"106530","230","12.018200"
Data,6/29/2022,09:36:00;970,"106531","230","11.983999"
Data,6/29/2022,09:36:01;910,"106532","230","11.949800"
Data,6/29/2022,09:36:02;850,"106533","230","11.915600"
Data,6/29/2022,09:36:03;790,"106534","230","12.103600"
Data,6/29/2022,09:36:04;730,"106535","230","12.069400"
Data,6/29/2022,09:36:05;670,"106536","230","12.035199"
Data,6/29/2022,09:36:06;610,"106537","230","12.000999"
Data,6/29/2022,09:36:07;550,"106538","230","11.966800"
Data,6/29/2022,09:36:08;490,"106539","230","11.932600"
Data,6/29/2022,09:36:09;430,"106540","230","12.120600"
Data,6/29/2022,09:36:10;370,"106541","230","12.086400"
Data,6/29/2022,09:36:11;310,"106542","230","12.052199"
Data,6/29/2022,09:36:12;250,"106543","230","12.018000"
Data,6/29/2022,09:36:13;190,"106544","230","11.983800"
Data,6/29/2022,09:36:14;130,"106545","230","11.949599"
Data,6/29/2022,09:36:15;070,"106546","230","11.915400"
Data,6/29/2022,09:36:16;010,"106547","230","12.103399"
Data,6/29/2022,09:36:16;950,"106548","230","12.069200"
Data,6/29/2022,09:36:17;890,"106549","230","12.035000"
Data,6/29/2022,09:36:18;830,"106550","230","12.000799"
Data,6/29/2022,09:36:19;770,"106551","230","11.966599"
Data,6/29/2022,09:36:20;710,"106552","230","11.932400"
Data,6/29/2022,09:36:21;650,"106553","230","12.120399"
Data,6/29/2022,09:36:22;590,"106554","230","12.086200"
Data,6/29/2022,09:36:23;530,"106555","230","12.052000"
Data,6/29/2022,09:36:24;470,"106556","230","12.017799"
Data,6/29/2022,09:36:25;410,"106557","230","11.983600"
Data,6/29/2022,09:36:26;350,"106558","230","11.949400"
Data,6/29/2022,09:36:27;290,"106559","230","11.915199"
Data,6/29/2022,09:36:28;230,"106560","230","12.103200"
Data,6/29/2022,09:36:29;170,"106561","230","12.068999"
Data,6/29/2022,09:36:30;110,"106562","230","12.034800"
Data,6/29/2022,09:36:31;050,"106563","230","12.000600"
Data,6/29/2022,09:36:31;990,"106564","230","11.966399"
Data,6/29/2022,09:36:32;930,"106565","230","11.932199"
Data,6/29/2022,09:36:33;870,"106566","230","12.120199"
Data,6/29/2022,09:36:34;810,"106567","230","12.085999"
Data,6/29/2022,09:36:35;750,"106568","230","12.051800"
Data,6/29/2022,09:36:36;690,"106569","230","12.017600"
Data,6/29/2022,09:36:37;630,"106570","230","11.983399"
Data,6/29/2022,09:36:38;570,"106571","230","11.949200"
Data,6/29/2022,09:36:39;510,"106572","230","11.915000"
Data,6/29/2022,09:36:40;450,"106573","230","12.103000"
Data,6/29/2022,09:36:41;390,"106574","230","12.068800"
Data,6/29/2022,09:36:42;330,"106575","230","12.034599"
Data,6/29/2022,09:36:43;270,"106576","230","12.000400"
Data,6/29/2022,09:36:44;210,"106577","230","11.966200"
Data,6/29/2022,09:36:45;150,"106578","230","11.931999"
Data,6/29/2022,09:36:46;090,"106579","230","12.120000"
Data,6/29/2022,09:36:47;030,"106580","230","12.085799"
Data,6/29/2022,09:36:47;970,"106581","230","12.051600"
Data,6/29/2022,09:36:48;910,"106582","230","12.017400"
Data,6/29/2022,09:36:49;850,"106583","230","11.983200"
Data,6/29/2022,09:36:50;790,"106584","230","11.948999"
Data,6/29/2022,09:36:51;730,"106585","230","11.914800"
Data,6/29/2022,09:36:52;670,"106586","230","12.102799"
Data,6/29/2022,09:36:53;610,"106587","230","12.068600"
Data,6/29/2022,09:36:54;550,"106588","230","12.034400"
Data,6/29/2022,09:36:55;490,"106589","230","12.000199"
Data,6/29/2022,09:36:56;430,"106590","230","11.966000"
Data,6/29/2022,09:36:57;370,"106591","230","11.931800"
Data,6/29/2022,09:36:58;310,"106592","230","12.119800"
Data,6/29/2022,09:36:59;250,"106593","230","12.085600"
Data,6/29/2022,09:37:00;190,"106594","230","12.051399"
Data,6/29/2022,09:37:01;130,"106595","230","12.017200"
Data,6/29/2022,09:37:02;070,"106596","230","11.983000"
Data,6/29/2022,09:37:03;010,"106597","230","11.948800"
Data,6/29/2022,09:37:03;950,"106598","230","11.914599"
Data,6/29/2022,09:37:04;890,"106599","230","12.102600"
Data,6/29/2022,09:37:05;830,"106600","230","12.068399"
Data,6/29/2022,09:37:06;770,"106601","230","12.034200"
Data,6/29/2022,09:37:07;710,"106602","230","12.000000"
Data,6/29/2022,09:37:08;650,"106603","230","11.965799"
Data,6/29/2022,09:37:09;590,"106604","230","11.931600"
Data,6/29/2022,09:37:10;530,"106605","230","12.119599"
Data,6/29/2022,09:37:11;470,"106606","230","12.085400"
Data,6/29/2022,09:37:12;410,"106607","230","12.051200"
Data,6/29/2022,09:37:13;350,"106608","230","12.016999"
Data,6/29/2022,09:37:14;290,"106609","230","11.982800"
Data,6/29/2022,09:37:15;230,"106610","230","11.948600"
Data,6/29/2022,09:37:16;170,"106611","230","11.914399"
Data,6/29/2022,09:37:17;110,"106612","230","12.102400"
Data,6/29/2022,09:37:18;050,"106613","230","12.068199"
Data,6/29/2022,09:37:18;990,"106614","230","12.033999"
Data,6/29/2022,09:37:19;930,"106615","230","11.999800"
Data,6/29/2022,09:37:20;870,"106616","230","11.965600"
Data,6/29/2022,09:37:21;810,"106617","230","11.931399"
Data,6/29/2022,09:37:22;750,"106618","230","12.119400"
Data,6/29/2022,09:37:23;690,"106619","230","12.085199"
Data,6/29/2022,09:37:24;630,"106620","230","12.051000"
Data,6/29/2022,09:37:25;570,"106621","230","12.016800"
Data,6/29/2022,09:37:26;510,"106622","230","11.982599"
Data,6/29/2022,09:37:27;450,"106623","230","11.948400"
Data,6/29/2022,09:37:28;390,"106624","230","11.914200"
Data,6/29/2022,09:37:29;330,"106625","230","12.102200"
Data,6/29/2022,09:37:30;270,"106626","230","12.068000"
Data,6/29/2022,09:37:31;210,"106627","230","12.033799"
Data,6/29/2022,09:37:32;150,"106628","230","11.999599"
Data,6/29/2022,09:37:33;090,"106629","230","11.965400"
Data,6/29/2022,09:37:34;030,"106630","230","11.931200"
Data,6/29/2022,09:37:34;970,"106631","230","12.119200"
Data,6/29/2022,09:37:35;910,"106632","230","12.085000"
Data,6/29/2022,09:37:36;850,"106633","230","12.050799"
Data,6/29/2022,09:37:37;790,"106634","230","12.016600"
Data,6/29/2022,09:37:38;730,"106635","230","11.982400"
Data,6/29/2022,09:37:39;670,"106636","230","11.948199"
Data,6/29/2022,09:37:40;610,"106637","230","11.914000"
Data,6/29/2022,09:37:41;550,"106638","230","12.101999"
Data,6/29/2022,09:37:42;490,"106639","230","12.067800"
Data,6/29/2022,09:37:43;430,"106640","230","12.033600"
Data,6/29/2022,09:37:44;370,"106641","230","11.999399"
Data,6/29/2022,09:37:45;310,"106642","230","11.965199"
Data,6/29/2022,09:37:46;250,"106643","230","11.931000"
Data,6/29/2022,09:37:47;190,"106644","230","12.118999"
Data,6/29/2022,09:37:48;130,"106645","230","12.084800"
Data,6/29/2022,09:37:49;070,"106646","230","12.050600"
Data,6/29/2022,09:37:50;010,"106647","230","12.016399"
Data,6/29/2022,09:37:50;950,"106648","230","11.982200"
Data,6/29/2022,09:37:51;890,"106649","230","11.948000"
Data,6/29/2022,09:37:52;830,"106650","230","11.913799"
Data,6/29/2022,09:37:53;770,"106651","230","12.101800"
Data,6/29/2022,09:37:54;710,"106652","230","12.067599"
Data,6/29/2022,09:37:55;650,"106653","230","12.033400"
Data,6/29/2022,09:37:56;590,"106654","230","11.999200"
Data,6/29/2022,09:37:57;530,"106655","230","11.964999"
Data,6/29/2022,09:37:58;470,"106656","230","11.930799"
Data,6/29/2022,09:37:59;410,"106657","230","12.118799"
Data,6/29/2022,09:38:00;350,"106658","230","12.084599"
Data,6/29/2022,09:38:01;290,"106659","230","12.050400"
Data,6/29/2022,09:38:02;230,"106660","230","12.016200"
Data,6/29/2022,09:38:03;170,"106661","230","11.981999"
Data,6/29/2022,09:38:04;110,"106662","230","11.947800"
Data,6/29/2022,09:38:05;050,"106663","230","11.913600"
Data,6/29/2022,09:38:05;990,"106664","230","12.101600"
Data,6/29/2022,09:38:06;930,"106665","230","12.067400"
Data,6/29/2022,09:38:07;870,"106666","230","12.033199"
Data,6/29/2022,09:38:08;810,"106667","230","11.999000"
Data,6/29/2022,09:38:09;750,"106668","230","11.964800"
Data,6/29/2022,09:38:10;690,"106669","230","11.930599"
Data,6/29/2022,09:38:11;630,"106670","230","12.118600"
Data,6/29/2022,09:38:12;570,"106671","230","12.084399"
Data,6/29/2022,09:38:13;510,"106672","230","12.050200"
Data,6/29/2022,09:38:14;450,"106673","230","12.016000"
Data,6/29/2022,09:38:15;390,"106674","230","11.981800"
Data,6/29/2022,09:38:16;330,"106675","230","11.947599"
Data,6/29/2022,09:38:17;270,"106676","230","11.913400"
Data,6/29/2022,09:38:18;210,"106677","230","12.101399"
Data,6/29/2022,09:38:19;150,"106678","230","12.067200"
Data,6/29/2022,09:38:20;090,"106679","230","12.033000"
Data,6/29/2022,09:38:21;030,"106680","230","11.998799"
Data,6/29/2022,09:38:21;970,"106681","230","11.964600"
Data,6/29/2022,09:38:22;910,"106682","230","11.930400"
Data,6/29/2022,09:38:23;850,"106683","230","12.118400"
Data,6/29/2022,09:38:24;790,"106684","230","12.084200"
Data,6/29/2022,09:38:25;730,"106685","230","12.049999"
Data,6/29/2022,09:38:26;670,"106686","230","12.015800"
Data,6/29/2022,09:38:27;610,"106687","230","11.981600"
Data,6/29/2022,09:38:28;550,"106688","230","11.947400"
Data,6/29/2022,09:38:29;490,"106689","230","11.913199"
Data,6/29/2022,09:38:30;430,"106690","230","12.101200"
Data,6/29/2022,09:38:31;370,"106691","230","12.066999"
Data,6/29/2022,09:38:32;310,"106692","230","12.032800"
Data,6/29/2022,09:38:33;250,"106693","230","11.998600"
Data,6/29/2022,09:38:34;190,"106694","230","11.964399"
Data,6/29/2022,09:38:35;130,"106695","230","11.930200"
Data,6/29/2022,09:38:36;070,"106696","230","12.118199"
Data,6/29/2022,09:38:37;010,"106697","230","12.083799"
Data,6/29/2022,09:38:37;950,"106698","230","12.049600"
Data,6/29/2022,09:38:38;890,"106699","230","12.015400"
Data,6/29/2022,09:38:39;830,"106700","230","11.981199"
Data,6/29/2022,09:38:40;770,"106701","230","11.947000"
Data,6/29/2022,09:38:41;710,"106702","230","11.912800"
Data,6/29/2022,09:38:42;650,"106703","230","12.100800"
Data,6/29/2022,09:38:43;590,"106704","230","12.066600"
Data,6/29/2022,09:38:44;530,"106705","230","12.032399"
Data,6/29/2022,09:38:45;470,"106706","230","11.998199"
Data,6/29/2022,09:38:46;410,"106707","230","11.964000"
Data,6/29/2022,09:38:47;350,"106708","230","11.929800"
Data,6/29/2022,09:38:48;290,"106709","230","12.117800"
Data,6/29/2022,09:38:49;230,"106710","230","12.083600"
Data,6/29/2022,09:38:50;170,"106711","230","12.049399"
Data,6/29/2022,09:38:51;110,"106712","230","12.015200"
Data,6/29/2022,09:38:52;050,"106713","230","11.981000"
Data,6/29/2022,09:38:52;990,"106714","230","11.946799"
Data,6/29/2022,09:38:53;930,"106715","230","11.912600"
Data,6/29/2022,09:38:54;870,"106716","230","12.100599"
Data,6/29/2022,09:38:55;810,"106717","230","12.066400"
Data,6/29/2022,09:38:56;750,"106718","230","12.032200"
Data,6/29/2022,09:38:57;690,"106719","230","11.997999"
Data,6/29/2022,09:38:58;630,"106720","230","11.963799"
Data,6/29/2022,09:38:59;570,"106721","230","11.929600"
Data,6/29/2022,09:39:00;510,"106722","230","12.117599"
Data,6/29/2022,09:39:01;450,"106723","230","12.083400"
Data,6/29/2022,09:39:02;390,"106724","230","12.049200"
Data,6/29/2022,09:39:03;330,"106725","230","12.014999"
Data,6/29/2022,09:39:04;270,"106726","230","11.980800"
Data,6/29/2022,09:39:05;210,"106727","230","11.946600"
Data,6/29/2022,09:39:06;150,"106728","230","11.912399"
Data,6/29/2022,09:39:07;090,"106729","230","12.100400"
Data,6/29/2022,09:39:08;030,"106730","230","12.066199"
Data,6/29/2022,09:39:08;970,"106731","230","12.032000"
Data,6/29/2022,09:39:09;910,"106732","230","11.997800"
Data,6/29/2022,09:39:10;850,"106733","230","11.963599"
Data,6/29/2022,09:39:11;790,"106734","230","11.929399"
Data,6/29/2022,09:39:12;730,"106735","230","12.117399"
Data,6/29/2022,09:39:13;670,"106736","230","12.083200"
Data,6/29/2022,09:39:14;610,"106737","230","12.049000"
Data,6/29/2022,09:39:15;550,"106738","230","12.014800"
Data,6/29/2022,09:39:16;490,"106739","230","11.980599"
Data,6/29/2022,09:39:17;430,"106740","230","11.946400"
Data,6/29/2022,09:39:18;370,"106741","230","11.912200"
Data,6/29/2022,09:39:19;310,"106742","230","12.100200"
Data,6/29/2022,09:39:20;250,"106743","230","12.066000"
Data,6/29/2022,09:39:21;190,"106744","230","12.031799"
Data,6/29/2022,09:39:22;130,"106745","230","11.997600"
Data,6/29/2022,09:39:23;070,"106746","230","11.963400"
Data,6/29/2022,09:39:24;010,"106747","230","11.929199"
Data,6/29/2022,09:39:24;950,"106748","230","12.117200"
Data,6/29/2022,09:39:25;890,"106749","230","12.082999"
Data,6/29/2022,09:39:26;830,"106750","230","12.048800"
Data,6/29/2022,09:39:27;770,"106751","230","12.014600"
Data,6/29/2022,09:39:28;710,"106752","230","11.980400"
Data,6/29/2022,09:39:29;650,"106753","230","11.946199"
Data,6/29/2022,09:39:30;590,"106754","230","11.912000"
Data,6/29/2022,09:39:31;530,"106755","230","12.099999"
Data,6/29/2022,09:39:32;470,"106756","230","12.065800"
Data,6/29/2022,09:39:33;410,"106757","230","12.031600"
Data,6/29/2022,09:39:34;350,"106758","230","11.997399"
Data,6/29/2022,09:39:35;290,"106759","230","11.963200"
Data,6/29/2022,09:39:36;230,"106760","230","11.929000"
Data,6/29/2022,09:39:37;170,"106761","230","12.117000"
Data,6/29/2022,09:39:38;110,"106762","230","12.082800"
Data,6/29/2022,09:39:39;050,"106763","230","12.048599"
Data,6/29/2022,09:39:39;990,"106764","230","12.014400"
Data,6/29/2022,09:39:40;930,"106765","230","11.980200"
Data,6/29/2022,09:39:41;870,"106766","230","11.945999"
Data,6/29/2022,09:39:42;810,"106767","230","11.911799"
Data,6/29/2022,09:39:43;750,"106768","230","12.099799"
Data,6/29/2022,09:39:44;690,"106769","230","12.065599"
Data,6/29/2022,09:39:45;630,"106770","230","12.031400"
Data,6/29/2022,09:39:46;570,"106771","230","11.997200"
Data,6/29/2022,09:39:47;510,"106772","230","11.962999"
Data,6/29/2022,09:39:48;450,"106773","230","11.928800"
Data,6/29/2022,09:39:49;390,"106774","230","12.116799"
Data,6/29/2022,09:39:50;330,"106775","230","12.082600"
Data,6/29/2022,09:39:51;270,"106776","230","12.048400"
Data,6/29/2022,09:39:52;210,"106777","230","12.014199"
Data,6/29/2022,09:39:53;150,"106778","230","11.980000"
Data,6/29/2022,09:39:54;090,"106779","230","11.945800"
Data,6/29/2022,09:39:55;030,"106780","230","11.911599"
Data,6/29/2022,09:39:55;970,"106781","230","12.099600"
Data,6/29/2022,09:39:56;910,"106782","230","12.065399"
Data,6/29/2022,09:39:57;850,"106783","230","12.031199"
Data,6/29/2022,09:39:58;790,"106784","230","11.997000"
Data,6/29/2022,09:39:59;730,"106785","230","11.962800"
Data,6/29/2022,09:40:00;670,"106786","230","11.928599"
Data,6/29/2022,09:40:01;610,"106787","230","12.116600"
Data,6/29/2022,09:40:02;550,"106788","230","12.082399"
Data,6/29/2022,09:40:03;490,"106789","230","12.048200"
Data,6/29/2022,09:40:04;430,"106790","230","12.014000"
Data,6/29/2022,09:40:05;370,"106791","230","11.979799"
Data,6/29/2022,09:40:06;310,"106792","230","11.945600"
Data,6/29/2022,09:40:07;250,"106793","230","11.911400"
Data,6/29/2022,09:40:08;190,"106794","230","12.099400"
Data,6/29/2022,09:40:09;130,"106795","230","12.065200"
Data,6/29/2022,09:40:10;070,"106796","230","12.030999"
Data,6/29/2022,09:40:11;010,"106797","230","11.996799"
Data,6/29/2022,09:40:11;950,"106798","230","11.962600"
Data,6/29/2022,09:40:12;890,"106799","230","11.928400"
Data,6/29/2022,09:40:13;830,"106800","230","12.116400"
Data,6/29/2022,09:40:14;770,"106801","230","12.082200"
Data,6/29/2022,09:40:15;710,"106802","230","12.047999"
Data,6/29/2022,09:40:16;650,"106803","230","12.013800"
Data,6/29/2022,09:40:17;590,"106804","230","11.979600"
Data,6/29/2022,09:40:18;530,"106805","230","11.945399"
Data,6/29/2022,09:40:19;470,"106806","230","11.911200"
Data,6/29/2022,09:40:20;410,"106807","230","12.099199"
Data,6/29/2022,09:40:21;350,"106808","230","12.065000"
Data,6/29/2022,09:40:22;290,"106809","230","12.030800"
Data,6/29/2022,09:40:23;230,"106810","230","11.996599"
Data,6/29/2022,09:40:24;170,"106811","230","11.962399"
Data,6/29/2022,09:40:25;110,"106812","230","11.928200"
Data,6/29/2022,09:40:26;050,"106813","230","12.116199"
Data,6/29/2022,09:40:26;990,"106814","230","12.082000"
Data,6/29/2022,09:40:27;930,"106815","230","12.047800"
Data,6/29/2022,09:40:28;870,"106816","230","12.013599"
Data,6/29/2022,09:40:29;810,"106817","230","11.979400"
Data,6/29/2022,09:40:30;750,"106818","230","11.945200"
Data,6/29/2022,09:40:31;690,"106819","230","11.910999"
Data,6/29/2022,09:40:32;630,"106820","230","12.099000"
Data,6/29/2022,09:40:33;570,"106821","230","12.064799"
Data,6/29/2022,09:40:34;510,"106822","230","12.030600"
Data,6/29/2022,09:40:35;450,"106823","230","11.996400"
Data,6/29/2022,09:40:36;390,"106824","230","11.962199"
Data,6/29/2022,09:40:37;330,"106825","230","11.927999"
Data,6/29/2022,09:40:38;270,"106826","230","12.115999"
Data,6/29/2022,09:40:39;210,"106827","230","12.081800"
Data,6/29/2022,09:40:40;150,"106828","230","12.047600"
Data,6/29/2022,09:40:41;090,"106829","230","12.013400"
Data,6/29/2022,09:40:42;030,"106830","230","11.979199"
Data,6/29/2022,09:40:42;970,"106831","230","11.945000"
Data,6/29/2022,09:40:43;910,"106832","230","11.910800"
Data,6/29/2022,09:40:44;850,"106833","230","12.098800"
Data,6/29/2022,09:40:45;790,"106834","230","12.064600"
Data,6/29/2022,09:40:46;730,"106835","230","12.030399"
Data,6/29/2022,09:40:47;670,"106836","230","11.996200"
Data,6/29/2022,09:40:48;610,"106837","230","11.962000"
Data,6/29/2022,09:40:49;550,"106838","230","11.927799"
Data,6/29/2022,09:40:50;490,"106839","230","12.115800"
Data,6/29/2022,09:40:51;430,"106840","230","12.081599"
Data,6/29/2022,09:40:52;370,"106841","230","12.047400"
Data,6/29/2022,09:40:53;310,"106842","230","12.013200"
Data,6/29/2022,09:40:54;250,"106843","230","11.979000"
Data,6/29/2022,09:40:55;190,"106844","230","11.944799"
Data,6/29/2022,09:40:56;130,"106845","230","11.910600"
Data,6/29/2022,09:40:57;070,"106846","230","12.098599"
Data,6/29/2022,09:40:58;010,"106847","230","12.064400"
Data,6/29/2022,09:40:58;950,"106848","230","12.030200"
Data,6/29/2022,09:40:59;890,"106849","230","11.995999"
Data,6/29/2022,09:41:00;830,"106850","230","11.961800"
Data,6/29/2022,09:41:01;770,"106851","230","11.927600"
Data,6/29/2022,09:41:02;710,"106852","230","12.115600"
Data,6/29/2022,09:41:03;650,"106853","230","12.081400"
Data,6/29/2022,09:41:04;590,"106854","230","12.047199"
Data,6/29/2022,09:41:05;530,"106855","230","12.013000"
Data,6/29/2022,09:41:06;470,"106856","230","11.978800"
Data,6/29/2022,09:41:07;410,"106857","230","11.944599"
Data,6/29/2022,09:41:08;350,"106858","230","11.910399"
Data,6/29/2022,09:41:09;290,"106859","230","12.098399"
Data,6/29/2022,09:41:10;230,"106860","230","12.064199"
Data,6/29/2022,09:41:11;170,"106861","230","12.030000"
Data,6/29/2022,09:41:12;110,"106862","230","11.995800"
Data,6/29/2022,09:41:13;050,"106863","230","11.961599"
Data,6/29/2022,09:41:13;990,"106864","230","11.927400"
Data,6/29/2022,09:41:14;930,"106865","230","12.115399"
Data,6/29/2022,09:41:15;870,"106866","230","12.081200"
Data,6/29/2022,09:41:16;810,"106867","230","12.047000"
Data,6/29/2022,09:41:17;750,"106868","230","12.012799"
Data,6/29/2022,09:41:18;690,"106869","230","11.978600"
Data,6/29/2022,09:41:19;630,"106870","230","11.944400"
Data,6/29/2022,09:41:20;570,"106871","230","11.910199"
Data,6/29/2022,09:41:21;510,"106872","230","12.098200"
Data,6/29/2022,09:41:22;450,"106873","230","12.063999"
Data,6/29/2022,09:41:23;390,"106874","230","12.029799"
Data,6/29/2022,09:41:24;330,"106875","230","11.995600"
Data,6/29/2022,09:41:25;270,"106876","230","11.961400"
Data,6/29/2022,09:41:26;210,"106877","230","11.927199"
Data,6/29/2022,09:41:27;150,"106878","230","12.115200"
Data,6/29/2022,09:41:28;090,"106879","230","12.080999"
Data,6/29/2022,09:41:29;030,"106880","230","12.046800"
Data,6/29/2022,09:41:29;970,"106881","230","12.012600"
Data,6/29/2022,09:41:30;910,"106882","230","11.978399"
Data,6/29/2022,09:41:31;850,"106883","230","11.944200"
Data,6/29/2022,09:41:32;790,"106884","230","11.910000"
Data,6/29/2022,09:41:33;730,"106885","230","12.098000"
Data,6/29/2022,09:41:34;670,"106886","230","12.063800"
Data,6/29/2022,09:41:35;610,"106887","230","12.029599"
Data,6/29/2022,09:41:36;550,"106888","230","11.995399"
Data,6/29/2022,09:41:37;490,"106889","230","11.961200"
Data,6/29/2022,09:41:38;430,"106890","230","11.927000"
Data,6/29/2022,09:41:39;370,"106891","230","12.115000"
Data,6/29/2022,09:41:40;310,"106892","230","12.080800"
Data,6/29/2022,09:41:41;250,"106893","230","12.046599"
Data,6/29/2022,09:41:42;190,"106894","230","12.012400"
Data,6/29/2022,09:41:43;130,"106895","230","11.978200"
Data,6/29/2022,09:41:44;070,"106896","230","11.943999"
Data,6/29/2022,09:41:45;010,"106897","230","11.909800"
Data,6/29/2022,09:41:45;950,"106898","230","12.097799"
Data,6/29/2022,09:41:46;890,"106899","230","12.063600"
Data,6/29/2022,09:41:47;830,"106900","230","12.029400"
Data,6/29/2022,09:41:48;770,"106901","230","11.995199"
Data,6/29/2022,09:41:49;710,"106902","230","11.960999"
Data,6/29/2022,09:41:50;650,"106903","230","11.926800"
Data,6/29/2022,09:41:51;590,"106904","230","12.114799"
Data,6/29/2022,09:41:52;530,"106905","230","12.080600"
Data,6/29/2022,09:41:53;470,"106906","230","12.046400"
Data,6/29/2022,09:41:54;410,"106907","230","12.012199"
Data,6/29/2022,09:41:55;350,"106908","230","11.978000"
Data,6/29/2022,09:41:56;290,"106909","230","11.943800"
Data,6/29/2022,09:41:57;230,"106910","230","11.909599"
Data,6/29/2022,09:41:58;170,"106911","230","12.097600"
Data,6/29/2022,09:41:59;110,"106912","230","12.063399"
Data,6/29/2022,09:42:00;050,"106913","230","12.029200"
Data,6/29/2022,09:42:00;990,"106914","230","11.995000"
Data,6/29/2022,09:42:01;930,"106915","230","11.960799"
Data,6/29/2022,09:42:02;870,"106916","230","11.926600"
Data,6/29/2022,09:42:03;810,"106917","230","12.114599"
Data,6/29/2022,09:42:04;750,"106918","230","12.080400"
Data,6/29/2022,09:42:05;690,"106919","230","12.046200"
Data,6/29/2022,09:42:06;630,"106920","230","12.012000"
Data,6/29/2022,09:42:07;570,"106921","230","11.977799"
Data,6/29/2022,09:42:08;510,"106922","230","11.943600"
Data,6/29/2022,09:42:09;450,"106923","230","11.909400"
Data,6/29/2022,09:42:10;390,"106924","230","12.097400"
Data,6/29/2022,09:42:11;330,"106925","230","12.063200"
Data,6/29/2022,09:42:12;270,"106926","230","12.028999"
Data,6/29/2022,09:42:13;210,"106927","230","11.994800"
Data,6/29/2022,09:42:14;150,"106928","230","11.960600"
Data,6/29/2022,09:42:15;090,"106929","230","11.926399"
Data,6/29/2022,09:42:16;030,"106930","230","12.114400"
Data,6/29/2022,09:42:16;970,"106931","230","12.080199"
Data,6/29/2022,09:42:17;910,"106932","230","12.046000"
Data,6/29/2022,09:42:18;850,"106933","230","12.011800"
Data,6/29/2022,09:42:19;790,"106934","230","11.977600"
Data,6/29/2022,09:42:20;730,"106935","230","11.943399"
Data,6/29/2022,09:42:21;670,"106936","230","11.909200"
Data,6/29/2022,09:42:22;610,"106937","230","12.097199"
Data,6/29/2022,09:42:23;550,"106938","230","12.063000"
Data,6/29/2022,09:42:24;490,"106939","230","12.028800"
Data,6/29/2022,09:42:25;430,"106940","230","11.994599"
Data,6/29/2022,09:42:26;370,"106941","230","11.960400"
Data,6/29/2022,09:42:27;310,"106942","230","11.926200"
Data,6/29/2022,09:42:28;250,"106943","230","12.114200"
Data,6/29/2022,09:42:29;190,"106944","230","12.080000"
Data,6/29/2022,09:42:30;130,"106945","230","12.045799"
Data,6/29/2022,09:42:31;070,"106946","230","12.011600"
Data,6/29/2022,09:42:32;010,"106947","230","11.977400"
Data,6/29/2022,09:42:32;950,"106948","230","11.943199"
Data,6/29/2022,09:42:33;890,"106949","230","11.908999"
Data,6/29/2022,09:42:34;830,"106950","230","12.096999"
Data,6/29/2022,09:42:35;770,"106951","230","12.062799"
Data,6/29/2022,09:42:36;710,"106952","230","12.028600"
Data,6/29/2022,09:42:37;650,"106953","230","11.994400"
Data,6/29/2022,09:42:38;590,"106954","230","11.960199"
Data,6/29/2022,09:42:39;530,"106955","230","11.926000"
Data,6/29/2022,09:42:40;470,"106956","230","12.113999"
Data,6/29/2022,09:42:41;410,"106957","230","12.079800"
Data,6/29/2022,09:42:42;350,"106958","230","12.045600"
Data,6/29/2022,09:42:43;290,"106959","230","12.011399"
Data,6/29/2022,09:42:44;230,"106960","230","11.977200"
Data,6/29/2022,09:42:45;170,"106961","230","11.943000"
Data,6/29/2022,09:42:46;110,"106962","230","11.908799"
Data,6/29/2022,09:42:47;050,"106963","230","12.096800"
Data,6/29/2022,09:42:47;990,"106964","230","12.062599"
Data,6/29/2022,09:42:48;930,"106965","230","12.028399"
Data,6/29/2022,09:42:49;870,"106966","230","11.994200"
Data,6/29/2022,09:42:50;810,"106967","230","11.960000"
Data,6/29/2022,09:42:51;750,"106968","230","11.925799"
Data,6/29/2022,09:42:52;690,"106969","230","12.113800"
Data,6/29/2022,09:42:53;630,"106970","230","12.079599"
Data,6/29/2022,09:42:54;570,"106971","230","12.045400"
Data,6/29/2022,09:42:55;510,"106972","230","12.011200"
Data,6/29/2022,09:42:56;450,"106973","230","11.976999"
Data,6/29/2022,09:42:57;390,"106974","230","11.942800"
Data,6/29/2022,09:42:58;330,"106975","230","11.908600"
Data,6/29/2022,09:42:59;270,"106976","230","12.096600"
Data,6/29/2022,09:43:00;210,"106977","230","12.062400"
Data,6/29/2022,09:43:01;150,"106978","230","12.028199"
Data,6/29/2022,09:43:02;090,"106979","230","11.993999"
Data,6/29/2022,09:43:03;030,"106980","230","11.959800"
Data,6/29/2022,09:43:03;970,"106981","230","11.925600"
Data,6/29/2022,09:43:04;910,"106982","230","12.113600"
Data,6/29/2022,09:43:05;850,"106983","230","12.079400"
Data,6/29/2022,09:43:06;790,"106984","230","12.045199"
Data,6/29/2022,09:43:07;730,"106985","230","12.011000"
Data,6/29/2022,09:43:08;670,"106986","230","11.976800"
Data,6/29/2022,09:43:09;610,"106987","230","11.942599"
Data,6/29/2022,09:43:10;550,"106988","230","11.908400"
Data,6/29/2022,09:43:11;490,"106989","230","12.096399"
Data,6/29/2022,09:43:12;430,"106990","230","12.062200"
Data,6/29/2022,09:43:13;370,"106991","230","12.028000"
Data,6/29/2022,09:43:14;310,"106992","230","11.993799"
Data,6/29/2022,09:43:15;250,"106993","230","11.959599"
Data,6/29/2022,09:43:16;190,"106994","230","11.925400"
Data,6/29/2022,09:43:17;130,"106995","230","12.113400"
Data,6/29/2022,09:43:18;070,"106996","230","12.079200"
Data,6/29/2022,09:43:19;010,"106997","230","12.045000"
Data,6/29/2022,09:43:19;950,"106998","230","12.010799"
Data,6/29/2022,09:43:20;890,"106999","230","11.976600"
Data,6/29/2022,09:43:21;830,"107000","230","11.942400"
Data,6/29/2022,09:43:22;770,"107001","230","11.908199"
Data,6/29/2022,09:43:23;710,"107002","230","12.096200"
Data,6/29/2022,09:43:24;650,"107003","230","12.061999"
Data,6/29/2022,09:43:25;590,"107004","230","12.027800"
Data,6/29/2022,09:43:26;530,"107005","230","11.993600"
Data,6/29/2022,09:43:27;470,"107006","230","11.959200"
Data,6/29/2022,09:43:28;410,"107007","230","11.924999"
Data,6/29/2022,09:43:29;350,"107008","230","12.113000"
Data,6/29/2022,09:43:30;290,"107009","230","12.078799"
Data,6/29/2022,09:43:31;230,"107010","230","12.044600"
Data,6/29/2022,09:43:32;170,"107011","230","12.010400"
Data,6/29/2022,09:43:33;110,"107012","230","11.976199"
Data,6/29/2022,09:43:34;050,"107013","230","11.941999"
Data,6/29/2022,09:43:34;990,"107014","230","11.907800"
Data,6/29/2022,09:43:35;930,"107015","230","12.095799"
Data,6/29/2022,09:43:36;870,"107016","230","12.061600"
Data,6/29/2022,09:43:37;810,"107017","230","12.027400"
Data,6/29/2022,09:43:38;750,"107018","230","11.993199"
Data,6/29/2022,09:43:39;690,"107019","230","11.959000"
Data,6/29/2022,09:43:40;630,"107020","230","11.924800"
Data,6/29/2022,09:43:41;570,"107021","230","12.112800"
Data,6/29/2022,09:43:42;510,"107022","230","12.078600"
Data,6/29/2022,09:43:43;450,"107023","230","12.044399"
Data,6/29/2022,09:43:44;390,"107024","230","12.010200"
Data,6/29/2022,09:43:45;330,"107025","230","11.975800"
Data,6/29/2022,09:43:46;270,"107026","230","11.941600"
Data,6/29/2022,09:43:47;210,"107027","230","11.907399"
Data,6/29/2022,09:43:48;150,"107028","230","12.095400"
Data,6/29/2022,09:43:49;090,"107029","230","12.061199"
Data,6/29/2022,09:43:50;030,"107030","230","12.026999"
Data,6/29/2022,09:43:50;970,"107031","230","11.992800"
Data,6/29/2022,09:43:51;910,"107032","230","11.958600"
Data,6/29/2022,09:43:52;850,"107033","230","11.924399"
Data,6/29/2022,09:43:53;790,"107034","230","12.112400"
Data,6/29/2022,09:43:54;730,"107035","230","12.078199"
Data,6/29/2022,09:43:55;670,"107036","230","12.044000"
Data,6/29/2022,09:43:56;610,"107037","230","12.009800"
Data,6/29/2022,09:43:57;550,"107038","230","11.975599"
Data,6/29/2022,09:43:58;490,"107039","230","11.941400"
Data,6/29/2022,09:43:59;430,"107040","230","11.907200"
Data,6/29/2022,09:44:00;370,"107041","230","12.095200"
Data,6/29/2022,09:44:01;310,"107042","230","12.061000"
Data,6/29/2022,09:44:02;250,"107043","230","12.026799"
Data,6/29/2022,09:44:03;190,"107044","230","11.992599"
Data,6/29/2022,09:44:04;130,"107045","230","11.958400"
Data,6/29/2022,09:44:05;070,"107046","230","11.924200"
Data,6/29/2022,09:44:06;010,"107047","230","12.112200"
Data,6/29/2022,09:44:06;950,"107048","230","12.078000"
Data,6/29/2022,09:44:07;890,"107049","230","12.043799"
Data,6/29/2022,09:44:08;830,"107050","230","12.009600"
Data,6/29/2022,09:44:09;770,"107051","230","11.975400"
Data,6/29/2022,09:44:10;710,"107052","230","11.941199"
Data,6/29/2022,09:44:11;650,"107053","230","11.907000"
Data,6/29/2022,09:44:12;590,"107054","230","12.094999"
Data,6/29/2022,09:44:13;530,"107055","230","12.060800"
Data,6/29/2022,09:44:14;470,"107056","230","12.026600"
Data,6/29/2022,09:44:15;410,"107057","230","11.992399"
Data,6/29/2022,09:44:16;350,"107058","230","11.958200"
Data,6/29/2022,09:44:17;290,"107059","230","11.924000"
Data,6/29/2022,09:44:18;230,"107060","230","12.112000"
Data,6/29/2022,09:44:19;170,"107061","230","12.077800"
Data,6/29/2022,09:44:20;110,"107062","230","12.043600"
Data,6/29/2022,09:44:21;050,"107063","230","12.009399"
Data,6/29/2022,09:44:21;990,"107064","230","11.975200"
Data,6/29/2022,09:44:22;930,"107065","230","11.941000"
Data,6/29/2022,09:44:23;870,"107066","230","11.906799"
Data,6/29/2022,09:44:24;810,"107067","230","12.094800"
Data,6/29/2022,09:44:25;750,"107068","230","12.060599"
Data,6/29/2022,09:44:26;690,"107069","230","12.026400"
Data,6/29/2022,09:44:27;630,"107070","230","11.992200"
Data,6/29/2022,09:44:28;570,"107071","230","11.957999"
Data,6/29/2022,09:44:29;510,"107072","230","11.923800"
Data,6/29/2022,09:44:30;450,"107073","230","12.111799"
Data,6/29/2022,09:44:31;390,"107074","230","12.077600"
Data,6/29/2022,09:44:32;330,"107075","230","12.043400"
Data,6/29/2022,09:44:33;270,"107076","230","12.009199"
Data,6/29/2022,09:44:34;210,"107077","230","11.974999"
Data,6/29/2022,09:44:35;150,"107078","230","11.940800"
Data,6/29/2022,09:44:36;090,"107079","230","11.906600"
Data,6/29/2022,09:44:37;030,"107080","230","12.094600"
Data,6/29/2022,09:44:37;970,"107081","230","12.060400"
Data,6/29/2022,09:44:38;910,"107082","230","12.026199"
Data,6/29/2022,09:44:39;850,"107083","230","11.992000"
Data,6/29/2022,09:44:40;790,"107084","230","11.957800"
Data,6/29/2022,09:44:41;730,"107085","230","11.923599"
Data,6/29/2022,09:44:42;670,"107086","230","12.111600"
Data,6/29/2022,09:44:43;610,"107087","230","12.077399"
Data,6/29/2022,09:44:44;550,"107088","230","12.043200"
Data,6/29/2022,09:44:45;490,"107089","230","12.009000"
Data,6/29/2022,09:44:46;430,"107090","230","11.974799"
Data,6/29/2022,09:44:47;370,"107091","230","11.940599"
Data,6/29/2022,09:44:48;310,"107092","230","11.906400"
Data,6/29/2022,09:44:49;250,"107093","230","12.094399"
Data,6/29/2022,09:44:50;190,"107094","230","12.060200"
Data,6/29/2022,09:44:51;130,"107095","230","12.026000"
Data,6/29/2022,09:44:52;070,"107096","230","11.991799"
Data,6/29/2022,09:44:53;010,"107097","230","11.957600"
Data,6/29/2022,09:44:53;950,"107098","230","11.923400"
Data,6/29/2022,09:44:54;890,"107099","230","12.111400"
Data,6/29/2022,09:44:55;830,"107100","230","12.077200"
Data,6/29/2022,09:44:56;770,"107101","230","12.042999"
Data,6/29/2022,09:44:57;710,"107102","230","12.008800"
Data,6/29/2022,09:44:58;650,"107103","230","11.974600"
Data,6/29/2022,09:44:59;590,"107104","230","11.940399"
Data,6/29/2022,09:45:00;530,"107105","230","11.906199"
Data,6/29/2022,09:45:01;470,"107106","230","12.094199"
Data,6/29/2022,09:45:02;410,"107107","230","12.059999"
Data,6/29/2022,09:45:03;350,"107108","230","12.025800"
Data,6/29/2022,09:45:04;290,"107109","230","11.991600"
Data,6/29/2022,09:45:05;230,"107110","230","11.957399"
Data,6/29/2022,09:45:06;170,"107111","230","11.923200"
Data,6/29/2022,09:45:07;110,"107112","230","12.111199"
Data,6/29/2022,09:45:08;050,"107113","230","12.077000"
Data,6/29/2022,09:45:08;990,"107114","230","12.042800"
Data,6/29/2022,09:45:09;930,"107115","230","12.008599"
Data,6/29/2022,09:45:10;870,"107116","230","11.974400"
Data,6/29/2022,09:45:11;810,"107117","230","11.940200"
Data,6/29/2022,09:45:12;750,"107118","230","11.905999"
Data,6/29/2022,09:45:13;690,"107119","230","12.094000"
Data,6/29/2022,09:45:14;630,"107120","230","12.059799"
Data,6/29/2022,09:45:15;570,"107121","230","12.025599"
Data,6/29/2022,09:45:16;510,"107122","230","11.991400"
Data,6/29/2022,09:45:17;450,"107123","230","11.957200"
Data,6/29/2022,09:45:18;390,"107124","230","11.922999"
Data,6/29/2022,09:45:19;330,"107125","230","12.111000"
Data,6/29/2022,09:45:20;270,"107126","230","12.076799"
Data,6/29/2022,09:45:21;210,"107127","230","12.042600"
Data,6/29/2022,09:45:22;150,"107128","230","12.008400"
Data,6/29/2022,09:45:23;090,"107129","230","11.974199"
Data,6/29/2022,09:45:24;030,"107130","230","11.940000"
Data,6/29/2022,09:45:24;970,"107131","230","11.905800"
Data,6/29/2022,09:45:25;910,"107132","230","12.093800"
Data,6/29/2022,09:45:26;850,"107133","230","12.059600"
Data,6/29/2022,09:45:27;790,"107134","230","12.025399"
Data,6/29/2022,09:45:28;730,"107135","230","11.991199"
Data,6/29/2022,09:45:29;670,"107136","230","11.957000"
Data,6/29/2022,09:45:30;610,"107137","230","11.922800"
Data,6/29/2022,09:45:31;550,"107138","230","12.110800"
Data,6/29/2022,09:45:32;490,"107139","230","12.076600"
Data,6/29/2022,09:45:33;430,"107140","230","12.042399"
Data,6/29/2022,09:45:34;370,"107141","230","12.008200"
Data,6/29/2022,09:45:35;310,"107142","230","11.974000"
Data,6/29/2022,09:45:36;250,"107143","230","11.939799"
Data,6/29/2022,09:45:37;190,"107144","230","11.905600"
Data,6/29/2022,09:45:38;130,"107145","230","12.093599"
Data,6/29/2022,09:45:39;070,"107146","230","12.059400"
Data,6/29/2022,09:45:40;010,"107147","230","12.025200"
Data,6/29/2022,09:45:40;950,"107148","230","11.990999"
Data,6/29/2022,09:45:41;890,"107149","230","11.956800"
Data,6/29/2022,09:45:42;830,"107150","230","11.922600"
Data,6/29/2022,09:45:43;770,"107151","230","12.110600"
Data,6/29/2022,09:45:44;710,"107152","230","12.076400"
Data,6/29/2022,09:45:45;650,"107153","230","12.042200"
Data,6/29/2022,09:45:46;590,"107154","230","12.007999"
Data,6/29/2022,09:45:47;530,"107155","230","11.973800"
Data,6/29/2022,09:45:48;470,"107156","230","11.939600"
Data,6/29/2022,09:45:49;410,"107157","230","11.905399"
Data,6/29/2022,09:45:50;350,"107158","230","12.093400"
Data,6/29/2022,09:45:51;290,"107159","230","12.059199"
Data,6/29/2022,09:45:52;230,"107160","230","12.025000"
Data,6/29/2022,09:45:53;170,"107161","230","11.990800"
Data,6/29/2022,09:45:54;110,"107162","230","11.956599"
Data,6/29/2022,09:45:55;050,"107163","230","11.922400"
Data,6/29/2022,09:45:55;990,"107164","230","12.110399"
Data,6/29/2022,09:45:56;930,"107165","230","12.076200"
Data,6/29/2022,09:45:57;870,"107166","230","12.042000"
Data,6/29/2022,09:45:58;810,"107167","230","12.007799"
Data,6/29/2022,09:45:59;750,"107168","230","11.973599"
Data,6/29/2022,09:46:00;690,"107169","230","11.939400"
Data,6/29/2022,09:46:01;630,"107170","230","11.905200"
Data,6/29/2022,09:46:02;570,"107171","230","12.093200"
Data,6/29/2022,09:46:03;510,"107172","230","12.059000"
Data,6/29/2022,09:46:04;450,"107173","230","12.024799"
Data,6/29/2022,09:46:05;390,"107174","230","11.990600"
Data,6/29/2022,09:46:06;330,"107175","230","11.956400"
Data,6/29/2022,09:46:07;270,"107176","230","11.922199"
Data,6/29/2022,09:46:08;210,"107177","230","12.110200"
Data,6/29/2022,09:46:09;150,"107178","230","12.075999"
Data,6/29/2022,09:46:10;090,"107179","230","12.041800"
Data,6/29/2022,09:46:11;030,"107180","230","12.007600"
Data,6/29/2022,09:46:11;970,"107181","230","11.973399"
Data,6/29/2022,09:46:12;910,"107182","230","11.939199"
Data,6/29/2022,09:46:13;850,"107183","230","11.905000"
Data,6/29/2022,09:46:14;790,"107184","230","12.092999"
Data,6/29/2022,09:46:15;730,"107185","230","12.058800"
Data,6/29/2022,09:46:16;670,"107186","230","12.024600"
Data,6/29/2022,09:46:17;610,"107187","230","11.990399"
Data,6/29/2022,09:46:18;550,"107188","230","11.956200"
Data,6/29/2022,09:46:19;490,"107189","230","11.922000"
Data,6/29/2022,09:46:20;430,"107190","230","12.110000"
Data,6/29/2022,09:46:21;370,"107191","230","12.075800"
Data,6/29/2022,09:46:22;310,"107192","230","12.041599"
Data,6/29/2022,09:46:23;250,"107193","230","12.007400"
Data,6/29/2022,09:46:24;190,"107194","230","11.973200"
Data,6/29/2022,09:46:25;130,"107195","230","11.938999"
Data,6/29/2022,09:46:26;070,"107196","230","11.904799"
Data,6/29/2022,09:46:27;010,"107197","230","12.092799"
Data,6/29/2022,09:46:27;950,"107198","230","12.058599"
Data,6/29/2022,09:46:28;890,"107199","230","12.024400"
Data,6/29/2022,09:46:29;830,"107200","230","11.990200"
Data,6/29/2022,09:46:30;770,"107201","230","11.955999"
Data,6/29/2022,09:46:31;710,"107202","230","11.921800"
Data,6/29/2022,09:46:32;650,"107203","230","12.109799"
Data,6/29/2022,09:46:33;590,"107204","230","12.075600"
Data,6/29/2022,09:46:34;530,"107205","230","12.041400"
Data,6/29/2022,09:46:35;470,"107206","230","12.007199"
Data,6/29/2022,09:46:36;410,"107207","230","11.973000"
Data,6/29/2022,09:46:37;350,"107208","230","11.938800"
Data,6/29/2022,09:46:38;290,"107209","230","11.904599"
Data,6/29/2022,09:46:39;230,"107210","230","12.092600"
Data,6/29/2022,09:46:40;170,"107211","230","12.058399"
Data,6/29/2022,09:46:41;110,"107212","230","12.024199"
Data,6/29/2022,09:46:42;050,"107213","230","11.990000"
Data,6/29/2022,09:46:42;990,"107214","230","11.955800"
Data,6/29/2022,09:46:43;930,"107215","230","11.921599"
Data,6/29/2022,09:46:44;870,"107216","230","12.109600"
Data,6/29/2022,09:46:45;810,"107217","230","12.075399"
Data,6/29/2022,09:46:46;750,"107218","230","12.041200"
Data,6/29/2022,09:46:47;690,"107219","230","12.007000"
Data,6/29/2022,09:46:48;630,"107220","230","11.972799"
Data,6/29/2022,09:46:49;570,"107221","230","11.938600"
Data,6/29/2022,09:46:50;510,"107222","230","11.904400"
Data,6/29/2022,09:46:51;450,"107223","230","12.092400"
Data,6/29/2022,09:46:52;390,"107224","230","12.058200"
Data,6/29/2022,09:46:53;330,"107225","230","12.023999"
Data,6/29/2022,09:46:54;270,"107226","230","11.989799"
Data,6/29/2022,09:46:55;210,"107227","230","11.955600"
Data,6/29/2022,09:46:56;150,"107228","230","11.921400"
Data,6/29/2022,09:46:57;090,"107229","230","12.109400"
Data,6/29/2022,09:46:58;030,"107230","230","12.075200"
Data,6/29/2022,09:46:58;970,"107231","230","12.040999"
Data,6/29/2022,09:46:59;910,"107232","230","12.006800"
Data,6/29/2022,09:47:00;850,"107233","230","11.972600"
Data,6/29/2022,09:47:01;790,"107234","230","11.938399"
Data,6/29/2022,09:47:02;730,"107235","230","11.904200"
Data,6/29/2022,09:47:03;670,"107236","230","12.092199"
Data,6/29/2022,09:47:04;610,"107237","230","12.058000"
Data,6/29/2022,09:47:05;550,"107238","230","12.023800"
Data,6/29/2022,09:47:06;490,"107239","230","11.989599"
Data,6/29/2022,09:47:07;430,"107240","230","11.955400"
Data,6/29/2022,09:47:08;370,"107241","230","11.921200"
Data,6/29/2022,09:47:09;310,"107242","230","12.109200"
Data,6/29/2022,09:47:10;250,"107243","230","12.075000"
Data,6/29/2022,09:47:11;190,"107244","230","12.040800"
Data,6/29/2022,09:47:12;130,"107245","230","12.006599"
Data,6/29/2022,09:47:13;070,"107246","230","11.972400"
Data,6/29/2022,09:47:14;010,"107247","230","11.938200"
Data,6/29/2022,09:47:14;950,"107248","230","11.903999"
Data,6/29/2022,09:47:15;890,"107249","230","12.092000"
Data,6/29/2022,09:47:16;830,"107250","230","12.057799"
Data,6/29/2022,09:47:17;770,"107251","230","12.023600"
Data,6/29/2022,09:47:18;710,"107252","230","11.989400"
Data,6/29/2022,09:47:19;650,"107253","230","11.955199"
Data,6/29/2022,09:47:20;590,"107254","230","11.921000"
Data,6/29/2022,09:47:21;530,"107255","230","12.108999"
Data,6/29/2022,09:47:22;470,"107256","230","12.074800"
Data,6/29/2022,09:47:23;410,"107257","230","12.040600"
Data,6/29/2022,09:47:24;350,"107258","230","12.006399"
Data,6/29/2022,09:47:25;290,"107259","230","11.972199"
Data,6/29/2022,09:47:26;230,"107260","230","11.938000"
Data,6/29/2022,09:47:27;170,"107261","230","11.903800"
Data,6/29/2022,09:47:28;110,"107262","230","12.091800"
Data,6/29/2022,09:47:29;050,"107263","230","12.057600"
Data,6/29/2022,09:47:29;990,"107264","230","12.023399"
Data,6/29/2022,09:47:30;930,"107265","230","11.989200"
Data,6/29/2022,09:47:31;870,"107266","230","11.955000"
Data,6/29/2022,09:47:32;810,"107267","230","11.920799"
Data,6/29/2022,09:47:33;750,"107268","230","12.108800"
Data,6/29/2022,09:47:34;690,"107269","230","12.074599"
Data,6/29/2022,09:47:35;630,"107270","230","12.040400"
Data,6/29/2022,09:47:36;570,"107271","230","12.006200"
Data,6/29/2022,09:47:37;510,"107272","230","11.971999"
Data,6/29/2022,09:47:38;450,"107273","230","11.937799"
Data,6/29/2022,09:47:39;390,"107274","230","11.903600"
Data,6/29/2022,09:47:40;330,"107275","230","12.091599"
Data,6/29/2022,09:47:41;270,"107276","230","12.057400"
Data,6/29/2022,09:47:42;210,"107277","230","12.023200"
Data,6/29/2022,09:47:43;150,"107278","230","11.988999"
Data,6/29/2022,09:47:44;090,"107279","230","11.954800"
Data,6/29/2022,09:47:45;030,"107280","230","11.920600"
Data,6/29/2022,09:47:45;970,"107281","230","12.108600"
Data,6/29/2022,09:47:46;910,"107282","230","12.074400"
Data,6/29/2022,09:47:47;850,"107283","230","12.040199"
Data,6/29/2022,09:47:48;790,"107284","230","12.006000"
Data,6/29/2022,09:47:49;730,"107285","230","11.971800"
Data,6/29/2022,09:47:50;670,"107286","230","11.937599"
Data,6/29/2022,09:47:51;610,"107287","230","11.903399"
Data,6/29/2022,09:47:52;550,"107288","230","12.091399"
Data,6/29/2022,09:47:53;490,"107289","230","12.057199"
Data,6/29/2022,09:47:54;430,"107290","230","12.023000"
Data,6/29/2022,09:47:55;370,"107291","230","11.988800"
Data,6/29/2022,09:47:56;310,"107292","230","11.954599"
Data,6/29/2022,09:47:57;250,"107293","230","11.920400"
Data,6/29/2022,09:47:58;190,"107294","230","12.108399"
Data,6/29/2022,09:47:59;130,"107295","230","12.074200"
Data,6/29/2022,09:48:00;070,"107296","230","12.040000"
Data,6/29/2022,09:48:01;010,"107297","230","12.005799"
Data,6/29/2022,09:48:01;950,"107298","230","11.971600"
Data,6/29/2022,09:48:02;890,"107299","230","11.937400"
Data,6/29/2022,09:48:03;830,"107300","230","11.903199"
Data,6/29/2022,09:48:04;770,"107301","230","12.091200"
Data,6/29/2022,09:48:05;710,"107302","230","12.056999"
Data,6/29/2022,09:48:06;650,"107303","230","12.022799"
Data,6/29/2022,09:48:07;590,"107304","230","11.988600"
Data,6/29/2022,09:48:08;530,"107305","230","11.954400"
Data,6/29/2022,09:48:09;470,"107306","230","11.920199"
Data,6/29/2022,09:48:10;410,"107307","230","12.108200"
Data,6/29/2022,09:48:11;350,"107308","230","12.073999"
Data,6/29/2022,09:48:12;290,"107309","230","12.039800"
Data,6/29/2022,09:48:13;230,"107310","230","12.005600"
Data,6/29/2022,09:48:14;170,"107311","230","11.971399"
Data,6/29/2022,09:48:15;110,"107312","230","11.937200"
Data,6/29/2022,09:48:16;050,"107313","230","11.903000"
Data,6/29/2022,09:48:16;990,"107314","230","12.091000"
Data,6/29/2022,09:48:17;930,"107315","230","12.056800"
Data,6/29/2022,09:48:18;870,"107316","230","12.022599"
Data,6/29/2022,09:48:19;810,"107317","230","11.988400"
Data,6/29/2022,09:48:20;750,"107318","230","11.954200"
Data,6/29/2022,09:48:21;690,"107319","230","11.920000"
Data,6/29/2022,09:48:22;630,"107320","230","12.108000"
Data,6/29/2022,09:48:23;570,"107321","230","12.073800"
Data,6/29/2022,09:48:24;510,"107322","230","12.039599"
Data,6/29/2022,09:48:25;450,"107323","230","12.005400"
Data,6/29/2022,09:48:26;390,"107324","230","11.971200"
Data,6/29/2022,09:48:27;330,"107325","230","11.936999"
Data,6/29/2022,09:48:28;270,"107326","230","11.902800"
Data,6/29/2022,09:48:29;210,"107327","230","12.090799"
Data,6/29/2022,09:48:30;150,"107328","230","12.056600"
Data,6/29/2022,09:48:31;090,"107329","230","12.022400"
Data,6/29/2022,09:48:32;030,"107330","230","11.988199"
Data,6/29/2022,09:48:32;970,"107331","230","11.954000"
Data,6/29/2022,09:48:33;910,"107332","230","11.919800"
Data,6/29/2022,09:48:34;850,"107333","230","12.107800"
Data,6/29/2022,09:48:35;790,"107334","230","12.073600"
Data,6/29/2022,09:48:36;730,"107335","230","12.039400"
Data,6/29/2022,09:48:37;670,"107336","230","12.005199"
Data,6/29/2022,09:48:38;610,"107337","230","11.971000"
Data,6/29/2022,09:48:39;550,"107338","230","11.936800"
Data,6/29/2022,09:48:40;490,"107339","230","11.902599"
Data,6/29/2022,09:48:41;430,"107340","230","12.090600"
Data,6/29/2022,09:48:42;370,"107341","230","12.056399"
Data,6/29/2022,09:48:43;310,"107342","230","12.022200"
Data,6/29/2022,09:48:44;250,"107343","230","11.988000"
Data,6/29/2022,09:48:45;190,"107344","230","11.953799"
Data,6/29/2022,09:48:46;130,"107345","230","11.919600"
Data,6/29/2022,09:48:47;070,"107346","230","12.107599"
Data,6/29/2022,09:48:48;010,"107347","230","12.073400"
Data,6/29/2022,09:48:48;950,"107348","230","12.039200"
Data,6/29/2022,09:48:49;890,"107349","230","12.004999"
Data,6/29/2022,09:48:50;830,"107350","230","11.970799"
Data,6/29/2022,09:48:51;770,"107351","230","11.936600"
Data,6/29/2022,09:48:52;710,"107352","230","11.902400"
Data,6/29/2022,09:48:53;650,"107353","230","12.090400"
Data,6/29/2022,09:48:54;590,"107354","230","12.056200"
Data,6/29/2022,09:48:55;530,"107355","230","12.021999"
Data,6/29/2022,09:48:56;470,"107356","230","11.987800"
Data,6/29/2022,09:48:57;410,"107357","230","11.953600"
Data,6/29/2022,09:48:58;350,"107358","230","11.919399"
Data,6/29/2022,09:48:59;290,"107359","230","12.107400"
Data,6/29/2022,09:49:00;230,"107360","230","12.073199"
Data,6/29/2022,09:49:01;170,"107361","230","12.039000"
Data,6/29/2022,09:49:02;110,"107362","230","12.004800"
Data,6/29/2022,09:49:03;050,"107363","230","11.970599"
Data,6/29/2022,09:49:03;990,"107364","230","11.936399"
Data,6/29/2022,09:49:04;930,"107365","230","11.902200"
Data,6/29/2022,09:49:05;870,"107366","230","12.090199"
Data,6/29/2022,09:49:06;810,"107367","230","12.056000"
Data,6/29/2022,09:49:07;750,"107368","230","12.021800"
Data,6/29/2022,09:49:08;690,"107369","230","11.987599"
Data,6/29/2022,09:49:09;630,"107370","230","11.953400"
Data,6/29/2022,09:49:10;570,"107371","230","11.919200"
Data,6/29/2022,09:49:11;510,"107372","230","12.107200"
Data,6/29/2022,09:49:12;450,"107373","230","12.073000"
Data,6/29/2022,09:49:13;390,"107374","230","12.038799"
Data,6/29/2022,09:49:14;330,"107375","230","12.004600"
Data,6/29/2022,09:49:15;270,"107376","230","11.970400"
Data,6/29/2022,09:49:16;210,"107377","230","11.936199"
Data,6/29/2022,09:49:17;150,"107378","230","11.901999"
Data,6/29/2022,09:49:18;090,"107379","230","12.089999"
Data,6/29/2022,09:49:19;030,"107380","230","12.055799"
Data,6/29/2022,09:49:19;970,"107381","230","12.021600"
Data,6/29/2022,09:49:20;910,"107382","230","11.987400"
Data,6/29/2022,09:49:21;850,"107383","230","11.953199"
Data,6/29/2022,09:49:22;790,"107384","230","11.919000"
Data,6/29/2022,09:49:23;730,"107385","230","12.106999"
Data,6/29/2022,09:49:24;670,"107386","230","12.072800"
Data,6/29/2022,09:49:25;610,"107387","230","12.038600"
Data,6/29/2022,09:49:26;550,"107388","230","12.004399"
Data,6/29/2022,09:49:27;490,"107389","230","11.970200"
Data,6/29/2022,09:49:28;430,"107390","230","11.936000"
Data,6/29/2022,09:49:29;370,"107391","230","11.901799"
Data,6/29/2022,09:49:30;310,"107392","230","12.089800"
Data,6/29/2022,09:49:31;250,"107393","230","12.055599"
Data,6/29/2022,09:49:32;190,"107394","230","12.021399"
Data,6/29/2022,09:49:33;130,"107395","230","11.987200"
Data,6/29/2022,09:49:34;070,"107396","230","11.953000"
Data,6/29/2022,09:49:35;010,"107397","230","11.918799"
Data,6/29/2022,09:49:35;950,"107398","230","12.106800"
Data,6/29/2022,09:49:36;890,"107399","230","12.072599"
Data,6/29/2022,09:49:37;830,"107400","230","12.038400"
Data,6/29/2022,09:49:38;770,"107401","230","12.004200"
Data,6/29/2022,09:49:39;710,"107402","230","11.969999"
Data,6/29/2022,09:49:40;650,"107403","230","11.935800"
Data,6/29/2022,09:49:41;590,"107404","230","11.901600"
Data,6/29/2022,09:49:42;530,"107405","230","12.089600"
Data,6/29/2022,09:49:43;470,"107406","230","12.055400"
Data,6/29/2022,09:49:44;410,"107407","230","12.021199"
Data,6/29/2022,09:49:45;350,"107408","230","11.987000"
Data,6/29/2022,09:49:46;290,"107409","230","11.952800"
Data,6/29/2022,09:49:47;230,"107410","230","11.918600"
Data,6/29/2022,09:49:48;170,"107411","230","12.106600"
Data,6/29/2022,09:49:49;110,"107412","230","12.072399"
Data,6/29/2022,09:49:50;050,"107413","230","12.038199"
Data,6/29/2022,09:49:50;990,"107414","230","12.004000"
Data,6/29/2022,09:49:51;930,"107415","230","11.969800"
Data,6/29/2022,09:49:52;870,"107416","230","11.935599"
Data,6/29/2022,09:49:53;810,"107417","230","11.901400"
Data,6/29/2022,09:49:54;750,"107418","230","12.089399"
Data,6/29/2022,09:49:55;690,"107419","230","12.055200"
Data,6/29/2022,09:49:56;630,"107420","230","12.021000"
Data,6/29/2022,09:49:57;570,"107421","230","11.986799"
Data,6/29/2022,09:49:58;510,"107422","230","11.952600"
Data,6/29/2022,09:49:59;450,"107423","230","11.918400"
Data,6/29/2022,09:50:00;390,"107424","230","12.106400"
Data,6/29/2022,09:50:01;330,"107425","230","12.072200"
Data,6/29/2022,09:50:02;270,"107426","230","12.037999"
Data,6/29/2022,09:50:03;210,"107427","230","12.003799"
Data,6/29/2022,09:50:04;150,"107428","230","11.969600"
Data,6/29/2022,09:50:05;090,"107429","230","11.935400"
Data,6/29/2022,09:50:06;030,"107430","230","11.901199"
Data,6/29/2022,09:50:06;970,"107431","230","12.089200"
Data,6/29/2022,09:50:07;910,"107432","230","12.054999"
Data,6/29/2022,09:50:08;850,"107433","230","12.020800"
Data,6/29/2022,09:50:09;790,"107434","230","11.986600"
Data,6/29/2022,09:50:10;730,"107435","230","11.952399"
Data,6/29/2022,09:50:11;670,"107436","230","11.918200"
Data,6/29/2022,09:50:12;610,"107437","230","12.106199"
Data,6/29/2022,09:50:13;550,"107438","230","12.072000"
Data,6/29/2022,09:50:14;490,"107439","230","12.037800"
Data,6/29/2022,09:50:15;430,"107440","230","12.003599"
Data,6/29/2022,09:50:16;370,"107441","230","11.969399"
Data,6/29/2022,09:50:17;310,"107442","230","11.935200"
Data,6/29/2022,09:50:18;250,"107443","230","11.901000"
Data,6/29/2022,09:50:19;190,"107444","230","12.089000"
Data,6/29/2022,09:50:20;130,"107445","230","12.054800"
Data,6/29/2022,09:50:21;070,"107446","230","12.020599"
Data,6/29/2022,09:50:22;010,"107447","230","11.986400"
Data,6/29/2022,09:50:22;950,"107448","230","11.952200"
Data,6/29/2022,09:50:23;890,"107449","230","11.917999"
Data,6/29/2022,09:50:24;830,"107450","230","12.106000"
Data,6/29/2022,09:50:25;770,"107451","230","12.071799"
Data,6/29/2022,09:50:26;710,"107452","230","12.037600"

