Header:,Date,Time,Program:MainProgram\Sealer1UseCount.ACC,Program:MainProgram\BadSeal1,Program:MainProgram\Seal1Temp
Data,6/22/2022,15:07:37;313,1194,0,296
Data,6/22/2022,15:07:37;813,1194,0,356
Data,6/22/2022,15:07:38;313,1194,0,401
Data,6/22/2022,15:07:38;813,1194,0,395
Data,6/22/2022,15:07:39;313,1194,0,375
Data,6/22/2022,15:07:39;813,1194,0,355
Data,6/22/2022,15:07:40;313,1194,0,335
Data,6/22/2022,15:07:40;813,1194,0,315
Data,6/22/2022,15:07:41;313,1194,0,295
Data,6/22/2022,15:07:41;813,1194,0,275
Data,6/22/2022,15:07:42;313,1194,0,255
Data,6/22/2022,15:07:42;813,1194,0,235
Data,6/22/2022,15:07:43;313,1194,0,215
Data,6/22/2022,15:07:43;813,1194,0,195
Data,6/22/2022,15:07:44;313,1194,0,175
Data,6/22/2022,15:07:44;813,1194,0,155
Data,6/22/2022,15:07:45;313,1194,0,135
Data,6/22/2022,15:07:45;813,1194,0,115
Data,6/22/2022,15:07:46;313,1194,0,101
Data,6/22/2022,15:07:46;813,1194,0,101
Data,6/22/2022,15:07:47;313,1194,0,101
Data,6/22/2022,15:07:47;813,1194,0,101
Data,6/22/2022,15:07:48;313,1194,0,101
Data,6/22/2022,15:07:48;813,1194,0,101
Data,6/22/2022,15:07:49;313,1194,0,101
Data,6/22/2022,15:07:49;813,1194,0,101
Data,6/22/2022,15:07:50;313,1194,0,101
Data,6/22/2022,15:07:50;813,1194,0,101
Data,6/22/2022,15:07:51;313,1195,0,149
Data,6/22/2022,15:07:51;813,1195,0,209
Data,6/22/2022,15:07:52;313,1195,0,269
Data,6/22/2022,15:07:52;813,1195,0,329
Data,6/22/2022,15:07:53;313,1195,0,389
Data,6/22/2022,15:07:53;813,1195,0,401
Data,6/22/2022,15:07:54;313,1195,0,384
Data,6/22/2022,15:07:54;813,1195,0,364
Data,6/22/2022,15:07:55;313,1195,0,344
Data,6/22/2022,15:07:55;813,1195,0,324
Data,6/22/2022,15:07:56;313,1195,0,304
Data,6/22/2022,15:07:56;813,1195,0,284
Data,6/22/2022,15:07:57;313,1195,0,264
Data,6/22/2022,15:07:57;813,1195,0,244
Data,6/22/2022,15:07:58;313,1195,0,224
Data,6/22/2022,15:07:58;813,1195,0,204
Data,6/22/2022,15:07:59;313,1195,0,184
Data,6/22/2022,15:07:59;813,1195,0,164
Data,6/22/2022,15:08:00;313,1195,0,144
Data,6/22/2022,15:08:00;813,1195,0,124
Data,6/22/2022,15:08:01;313,1195,0,104
Data,6/22/2022,15:08:01;813,1195,0,101
Data,6/22/2022,15:08:02;313,1195,0,101
Data,6/22/2022,15:08:02;813,1195,0,101
Data,6/22/2022,15:08:03;313,1195,0,101
Data,6/22/2022,15:08:03;813,1195,0,101
Data,6/22/2022,15:08:04;313,1195,0,101
Data,6/22/2022,15:08:04;813,1195,0,101
Data,6/22/2022,15:08:05;313,1195,0,101
Data,6/22/2022,15:08:05;813,1195,0,101
Data,6/22/2022,15:08:06;313,1196,0,122
Data,6/22/2022,15:08:06;813,1196,0,182
Data,6/22/2022,15:08:07;313,1196,0,242
Data,6/22/2022,15:08:07;813,1196,0,302
Data,6/22/2022,15:08:08;313,1196,0,362
Data,6/22/2022,15:08:08;813,1196,0,401
Data,6/22/2022,15:08:09;313,1196,0,393
Data,6/22/2022,15:08:09;813,1196,0,373
Data,6/22/2022,15:08:10;313,1196,0,353
Data,6/22/2022,15:08:10;813,1196,0,333
Data,6/22/2022,15:08:11;313,1196,0,313
Data,6/22/2022,15:08:11;813,1196,0,293
Data,6/22/2022,15:08:12;313,1196,0,273
Data,6/22/2022,15:08:12;813,1196,0,253
Data,6/22/2022,15:08:13;313,1196,0,233
Data,6/22/2022,15:08:13;813,1196,0,213
Data,6/22/2022,15:08:14;313,1196,0,193
Data,6/22/2022,15:08:14;813,1196,0,173
Data,6/22/2022,15:08:15;313,1196,0,153
Data,6/22/2022,15:08:15;813,1196,0,133
Data,6/22/2022,15:08:16;313,1196,0,113
Data,6/22/2022,15:08:16;813,1196,0,101
Data,6/22/2022,15:08:17;313,1196,0,101
Data,6/22/2022,15:08:17;813,1196,0,101
Data,6/22/2022,15:08:18;313,1196,0,101
Data,6/22/2022,15:08:18;813,1196,0,101
Data,6/22/2022,15:08:19;313,1196,0,101
Data,6/22/2022,15:08:19;813,1196,0,101
Data,6/22/2022,15:08:20;313,1196,0,101
Data,6/22/2022,15:08:20;813,1196,0,101
Data,6/22/2022,15:08:21;313,1196,0,101
Data,6/22/2022,15:08:21;813,1197,0,152
Data,6/22/2022,15:08:22;313,1197,0,212
Data,6/22/2022,15:08:22;813,1197,0,272
Data,6/22/2022,15:08:23;313,1197,0,332
Data,6/22/2022,15:08:23;813,1197,0,392
Data,6/22/2022,15:08:24;313,1197,0,401
Data,6/22/2022,15:08:24;813,1197,0,383
Data,6/22/2022,15:08:25;313,1197,0,363
Data,6/22/2022,15:08:25;813,1197,0,343
Data,6/22/2022,15:08:26;313,1197,0,323
Data,6/22/2022,15:08:26;813,1197,0,303
Data,6/22/2022,15:08:27;313,1197,0,283
Data,6/22/2022,15:08:27;813,1197,0,263
Data,6/22/2022,15:08:28;313,1197,0,243
Data,6/22/2022,15:08:28;813,1197,0,223
Data,6/22/2022,15:08:29;313,1197,0,203
Data,6/22/2022,15:08:29;813,1197,0,183
Data,6/22/2022,15:08:30;313,1197,0,163
Data,6/22/2022,15:08:30;813,1197,0,143
Data,6/22/2022,15:08:31;313,1197,0,123
Data,6/22/2022,15:08:31;813,1197,0,103
Data,6/22/2022,15:08:32;313,1197,0,101
Data,6/22/2022,15:08:32;813,1197,0,101
Data,6/22/2022,15:08:33;313,1197,0,101
Data,6/22/2022,15:08:33;813,1197,0,101
Data,6/22/2022,15:08:34;313,1197,0,101
Data,6/22/2022,15:08:34;813,1197,0,101
Data,6/22/2022,15:08:35;313,1197,0,101
Data,6/22/2022,15:08:35;813,1197,0,101
Data,6/22/2022,15:08:36;313,1197,0,101
Data,6/22/2022,15:08:36;813,1198,0,125
Data,6/22/2022,15:08:37;313,1198,0,185
Data,6/22/2022,15:08:37;813,1198,0,245
Data,6/22/2022,15:08:38;313,1198,0,305
Data,6/22/2022,15:08:38;813,1198,0,365
Data,6/22/2022,15:08:39;313,1198,0,401
Data,6/22/2022,15:08:39;813,1198,0,392
Data,6/22/2022,15:08:40;313,1198,0,372
Data,6/22/2022,15:08:40;813,1198,0,352
Data,6/22/2022,15:08:41;313,1198,0,332
Data,6/22/2022,15:08:41;813,1198,0,312
Data,6/22/2022,15:08:42;313,1198,0,292
Data,6/22/2022,15:08:42;813,1198,0,272
Data,6/22/2022,15:08:43;313,1198,0,252
Data,6/22/2022,15:08:43;813,1198,0,232
Data,6/22/2022,15:08:44;313,1198,0,212
Data,6/22/2022,15:08:44;813,1198,0,192
Data,6/22/2022,15:08:45;313,1198,0,172
Data,6/22/2022,15:08:45;813,1198,0,152
Data,6/22/2022,15:08:46;313,1198,0,132
Data,6/22/2022,15:08:46;813,1198,0,112
Data,6/22/2022,15:08:47;313,1198,0,101
Data,6/22/2022,15:08:47;813,1198,0,101
Data,6/22/2022,15:08:48;313,1198,0,101
Data,6/22/2022,15:08:48;813,1198,0,101
Data,6/22/2022,15:08:49;313,1198,0,101
Data,6/22/2022,15:08:49;813,1198,0,101
Data,6/22/2022,15:08:50;313,1198,0,101
Data,6/22/2022,15:08:50;813,1198,0,101
Data,6/22/2022,15:08:51;313,1198,0,101
Data,6/22/2022,15:08:51;813,1198,0,101
Data,6/22/2022,15:08:52;313,1199,0,158
Data,6/22/2022,15:08:52;813,1199,0,218
Data,6/22/2022,15:08:53;313,1199,0,278
Data,6/22/2022,15:08:53;813,1199,0,338
Data,6/22/2022,15:08:54;313,1199,0,398
Data,6/22/2022,15:08:54;813,1199,0,401
Data,6/22/2022,15:08:55;313,1199,0,381
Data,6/22/2022,15:08:55;813,1199,0,361
Data,6/22/2022,15:08:56;313,1199,0,341
Data,6/22/2022,15:08:56;813,1199,0,321
Data,6/22/2022,15:08:57;313,1199,0,301
Data,6/22/2022,15:08:57;813,1199,0,281
Data,6/22/2022,15:08:58;313,1199,0,261
Data,6/22/2022,15:08:58;813,1199,0,241
Data,6/22/2022,15:08:59;313,1199,0,221
Data,6/22/2022,15:08:59;813,1199,0,201
Data,6/22/2022,15:09:00;313,1199,0,181
Data,6/22/2022,15:09:00;813,1199,0,161
Data,6/22/2022,15:09:01;313,1199,0,141
Data,6/22/2022,15:09:01;813,1199,0,121
Data,6/22/2022,15:09:02;313,1199,0,101
Data,6/22/2022,15:09:02;813,1199,0,101
Data,6/22/2022,15:09:03;313,1199,0,101
Data,6/22/2022,15:09:03;813,1199,0,101
Data,6/22/2022,15:09:04;313,1199,0,101
Data,6/22/2022,15:09:04;813,1199,0,101
Data,6/22/2022,15:09:05;313,1199,0,101
Data,6/22/2022,15:09:05;813,1199,0,101
Data,6/22/2022,15:09:06;313,1199,0,101
Data,6/22/2022,15:09:06;813,1199,0,101
Data,6/22/2022,15:09:07;313,1200,0,131
Data,6/22/2022,15:09:07;813,1200,0,191
Data,6/22/2022,15:09:08;313,1200,0,251
Data,6/22/2022,15:09:08;813,1200,0,311
Data,6/22/2022,15:09:09;313,1200,0,371
Data,6/22/2022,15:09:09;813,1200,0,401
Data,6/22/2022,15:09:10;313,1200,0,390
Data,6/22/2022,15:09:10;813,1200,0,370
Data,6/22/2022,15:09:11;313,1200,0,350
Data,6/22/2022,15:09:11;813,1200,0,330
Data,6/22/2022,15:09:12;313,1200,0,310
Data,6/22/2022,15:09:12;813,1200,0,290
Data,6/22/2022,15:09:13;313,1200,0,270
Data,6/22/2022,15:09:13;813,1200,0,250
Data,6/22/2022,15:09:14;313,1200,0,230
Data,6/22/2022,15:09:14;813,1200,0,210
Data,6/22/2022,15:09:15;313,1200,0,190
Data,6/22/2022,15:09:15;813,1200,0,170
Data,6/22/2022,15:09:16;313,1200,0,150
Data,6/22/2022,15:09:16;813,1200,0,130
Data,6/22/2022,15:09:17;313,1200,0,110
Data,6/22/2022,15:09:17;813,1200,0,101
Data,6/22/2022,15:09:18;313,1200,0,101
Data,6/22/2022,15:09:18;813,1200,0,101
Data,6/22/2022,15:09:19;313,1200,0,101
Data,6/22/2022,15:09:19;813,1200,0,101
Data,6/22/2022,15:09:20;313,1200,0,101
Data,6/22/2022,15:09:20;813,1200,0,101
Data,6/22/2022,15:09:21;313,1200,0,101
Data,6/22/2022,15:09:21;813,1200,0,101
Data,6/22/2022,15:09:22;313,1201,0,104
Data,6/22/2022,15:09:22;813,1201,0,164
Data,6/22/2022,15:09:23;313,1201,0,224
Data,6/22/2022,15:09:23;813,1201,0,284
Data,6/22/2022,15:09:24;313,1201,0,344
Data,6/22/2022,15:09:24;813,1201,0,401
Data,6/22/2022,15:09:25;313,1201,0,399
Data,6/22/2022,15:09:25;813,1201,0,379
Data,6/22/2022,15:09:26;313,1201,0,359
Data,6/22/2022,15:09:26;813,1201,0,339
Data,6/22/2022,15:09:27;313,1201,0,319
Data,6/22/2022,15:09:27;813,1201,0,299
Data,6/22/2022,15:09:28;313,1201,0,279
Data,6/22/2022,15:09:28;813,1201,0,259
Data,6/22/2022,15:09:29;313,1201,0,239
Data,6/22/2022,15:09:29;813,1201,0,219
Data,6/22/2022,15:09:30;313,1201,0,199
Data,6/22/2022,15:09:30;813,1201,0,179
Data,6/22/2022,15:09:31;313,1201,0,159
Data,6/22/2022,15:09:31;813,1201,0,139
Data,6/22/2022,15:09:32;313,1201,0,119
Data,6/22/2022,15:09:32;813,1201,0,101
Data,6/22/2022,15:09:33;313,1201,0,101
Data,6/22/2022,15:09:33;813,1201,0,101
Data,6/22/2022,15:09:34;313,1201,0,101
Data,6/22/2022,15:09:34;813,1201,0,101
Data,6/22/2022,15:09:35;313,1201,0,101
Data,6/22/2022,15:09:35;813,1201,0,101
Data,6/22/2022,15:09:36;313,1201,0,101
Data,6/22/2022,15:09:36;813,1201,0,101
Data,6/22/2022,15:09:37;313,1201,0,101
Data,6/22/2022,15:09:37;813,1202,0,137
Data,6/22/2022,15:09:38;313,1202,0,197
Data,6/22/2022,15:09:38;813,1202,0,257
Data,6/22/2022,15:09:39;313,1202,0,317
Data,6/22/2022,15:09:39;813,1202,0,377
Data,6/22/2022,15:09:40;313,1202,0,401
Data,6/22/2022,15:09:40;813,1202,0,389
Data,6/22/2022,15:09:41;313,1202,0,369
Data,6/22/2022,15:09:41;813,1202,0,349
Data,6/22/2022,15:09:42;313,1202,0,329
Data,6/22/2022,15:09:42;813,1202,0,309
Data,6/22/2022,15:09:43;313,1202,0,289
Data,6/22/2022,15:09:43;813,1202,0,269
Data,6/22/2022,15:09:44;313,1202,0,249
Data,6/22/2022,15:09:44;813,1202,0,229
Data,6/22/2022,15:09:45;313,1202,0,209
Data,6/22/2022,15:09:45;813,1202,0,189
Data,6/22/2022,15:09:46;313,1202,0,169
Data,6/22/2022,15:09:46;813,1202,0,149
Data,6/22/2022,15:09:47;313,1202,0,129
Data,6/22/2022,15:09:47;813,1202,0,109
Data,6/22/2022,15:09:48;313,1202,0,101
Data,6/22/2022,15:09:48;813,1202,0,101
Data,6/22/2022,15:09:49;313,1202,0,101
Data,6/22/2022,15:09:49;813,1202,0,101
Data,6/22/2022,15:09:50;313,1202,0,101
Data,6/22/2022,15:09:50;813,1202,0,101
Data,6/22/2022,15:09:51;313,1202,0,101
Data,6/22/2022,15:09:51;813,1202,0,101
Data,6/22/2022,15:09:52;313,1202,0,101
Data,6/22/2022,15:09:52;813,1203,0,107
Data,6/22/2022,15:09:53;313,1203,0,167
Data,6/22/2022,15:09:53;813,1203,0,227
Data,6/22/2022,15:09:54;313,1203,0,287
Data,6/22/2022,15:09:54;813,1203,0,347
Data,6/22/2022,15:09:55;313,1203,0,401
Data,6/22/2022,15:09:55;813,1203,0,398
Data,6/22/2022,15:09:56;313,1203,0,378
Data,6/22/2022,15:09:56;813,1203,0,358
Data,6/22/2022,15:09:57;313,1203,0,338
Data,6/22/2022,15:09:57;813,1203,0,318
Data,6/22/2022,15:09:58;313,1203,0,298
Data,6/22/2022,15:09:58;813,1203,0,278
Data,6/22/2022,15:09:59;313,1203,0,258
Data,6/22/2022,15:09:59;813,1203,0,238
Data,6/22/2022,15:10:00;313,1203,0,218
Data,6/22/2022,15:10:00;813,1203,0,198
Data,6/22/2022,15:10:01;313,1203,0,178
Data,6/22/2022,15:10:01;813,1203,0,158
Data,6/22/2022,15:10:02;313,1203,0,138
Data,6/22/2022,15:10:02;813,1203,0,118
Data,6/22/2022,15:10:03;313,1203,0,101
Data,6/22/2022,15:10:03;813,1203,0,101
Data,6/22/2022,15:10:04;313,1203,0,101
Data,6/22/2022,15:10:04;813,1203,0,101
Data,6/22/2022,15:10:05;313,1203,0,101
Data,6/22/2022,15:10:05;813,1203,0,101
Data,6/22/2022,15:10:06;313,1203,0,101
Data,6/22/2022,15:10:06;813,1203,0,101
Data,6/22/2022,15:10:07;313,1203,0,101
Data,6/22/2022,15:10:07;813,1203,0,101
Data,6/22/2022,15:10:08;313,1204,0,140
Data,6/22/2022,15:10:08;813,1204,0,200
Data,6/22/2022,15:10:09;313,1204,0,260
Data,6/22/2022,15:10:09;813,1204,0,320
Data,6/22/2022,15:10:10;313,1204,0,380
Data,6/22/2022,15:10:10;813,1204,0,401
Data,6/22/2022,15:10:11;313,1204,0,387
Data,6/22/2022,15:10:11;813,1204,0,367
Data,6/22/2022,15:10:12;313,1204,0,347
Data,6/22/2022,15:10:12;813,1204,0,327
Data,6/22/2022,15:10:13;313,1204,0,307
Data,6/22/2022,15:10:13;813,1204,0,287
Data,6/22/2022,15:10:14;313,1204,0,267
Data,6/22/2022,15:10:14;813,1204,0,247
Data,6/22/2022,15:10:15;313,1204,0,227
Data,6/22/2022,15:10:15;813,1204,0,207
Data,6/22/2022,15:10:16;313,1204,0,187
Data,6/22/2022,15:10:16;813,1204,0,167
Data,6/22/2022,15:10:17;313,1204,0,147
Data,6/22/2022,15:10:17;813,1204,0,127
Data,6/22/2022,15:10:18;313,1204,0,107
Data,6/22/2022,15:10:18;813,1204,0,101
Data,6/22/2022,15:10:19;313,1204,0,101
Data,6/22/2022,15:10:19;813,1204,0,101
Data,6/22/2022,15:10:20;313,1204,0,101
Data,6/22/2022,15:10:20;813,1204,0,101
Data,6/22/2022,15:10:21;313,1204,0,101
Data,6/22/2022,15:10:21;813,1204,0,101
Data,6/22/2022,15:10:22;313,1204,0,101
Data,6/22/2022,15:10:22;813,1204,0,101
Data,6/22/2022,15:10:23;313,1205,0,113
Data,6/22/2022,15:10:23;813,1205,0,173
Data,6/22/2022,15:10:24;313,1205,0,233
Data,6/22/2022,15:10:24;813,1205,0,293
Data,6/22/2022,15:10:25;313,1205,0,353
Data,6/22/2022,15:10:25;813,1205,0,401
Data,6/22/2022,15:10:26;313,1205,0,396
Data,6/22/2022,15:10:26;813,1205,0,376
Data,6/22/2022,15:10:27;313,1205,0,356
Data,6/22/2022,15:10:27;813,1205,0,336
Data,6/22/2022,15:10:28;313,1205,0,316
Data,6/22/2022,15:10:28;813,1205,0,296
Data,6/22/2022,15:10:29;313,1205,0,276
Data,6/22/2022,15:10:29;813,1205,0,256
Data,6/22/2022,15:10:30;313,1205,0,236
Data,6/22/2022,15:10:30;813,1205,0,216
Data,6/22/2022,15:10:31;313,1205,0,196
Data,6/22/2022,15:10:31;813,1205,0,176
Data,6/22/2022,15:10:32;313,1205,0,156
Data,6/22/2022,15:10:32;813,1205,0,136
Data,6/22/2022,15:10:33;313,1205,0,116
Data,6/22/2022,15:10:33;813,1205,0,101
Data,6/22/2022,15:10:34;313,1205,0,101
Data,6/22/2022,15:10:34;813,1205,0,101
Data,6/22/2022,15:10:35;313,1205,0,101
Data,6/22/2022,15:10:35;813,1205,0,101
Data,6/22/2022,15:10:36;313,1205,0,101
Data,6/22/2022,15:10:36;813,1205,0,101
Data,6/22/2022,15:10:37;313,1205,0,101
Data,6/22/2022,15:10:37;813,1205,0,101
Data,6/22/2022,15:10:38;313,1205,0,101
Data,6/22/2022,15:10:38;813,1206,0,146
Data,6/22/2022,15:10:39;313,1206,0,206
Data,6/22/2022,15:10:39;813,1206,0,266
Data,6/22/2022,15:10:40;313,1206,0,326
Data,6/22/2022,15:10:40;813,1206,0,386
Data,6/22/2022,15:10:41;313,1206,0,401
Data,6/22/2022,15:10:41;813,1206,0,385
Data,6/22/2022,15:10:42;313,1206,0,365
Data,6/22/2022,15:10:42;813,1206,0,345
Data,6/22/2022,15:10:43;313,1206,0,325
Data,6/22/2022,15:10:43;813,1206,0,305
Data,6/22/2022,15:10:44;313,1206,0,285
Data,6/22/2022,15:10:44;813,1206,0,265
Data,6/22/2022,15:10:45;313,1206,0,245
Data,6/22/2022,15:10:45;813,1206,0,225
Data,6/22/2022,15:10:46;313,1206,0,205
Data,6/22/2022,15:10:46;813,1206,0,185
Data,6/22/2022,15:10:47;313,1206,0,165
Data,6/22/2022,15:10:47;813,1206,0,145
Data,6/22/2022,15:10:48;313,1206,0,125
Data,6/22/2022,15:10:48;813,1206,0,105
Data,6/22/2022,15:10:49;313,1206,0,101
Data,6/22/2022,15:10:49;813,1206,0,101
Data,6/22/2022,15:10:50;313,1206,0,101
Data,6/22/2022,15:10:50;813,1206,0,101
Data,6/22/2022,15:10:51;313,1206,0,101
Data,6/22/2022,15:10:51;813,1206,0,101
Data,6/22/2022,15:10:52;313,1206,0,101
Data,6/22/2022,15:10:52;813,1206,0,101
Data,6/22/2022,15:10:53;313,1206,0,101
Data,6/22/2022,15:10:53;813,1207,0,119
Data,6/22/2022,15:10:54;313,1207,0,179
Data,6/22/2022,15:10:54;813,1207,0,239
Data,6/22/2022,15:10:55;313,1207,0,299
Data,6/22/2022,15:10:55;813,1207,1,359
Data,6/22/2022,15:10:56;313,1207,1,401
Data,6/22/2022,15:10:56;813,1207,1,394
Data,6/22/2022,15:10:57;313,1207,1,374
Data,6/22/2022,15:10:57;813,1207,1,354
Data,6/22/2022,15:10:58;313,1207,1,334
Data,6/22/2022,15:10:58;813,1207,1,314
Data,6/22/2022,15:10:59;313,1207,1,294
Data,6/22/2022,15:10:59;813,1207,1,274
Data,6/22/2022,15:11:00;313,1207,1,254
Data,6/22/2022,15:11:00;813,1207,1,234
Data,6/22/2022,15:11:01;313,1207,1,214
Data,6/22/2022,15:11:01;813,1207,1,194
Data,6/22/2022,15:11:02;313,1207,1,174
Data,6/22/2022,15:11:02;813,1207,1,154
Data,6/22/2022,15:11:03;313,1207,1,134
Data,6/22/2022,15:11:03;813,1207,1,114
Data,6/22/2022,15:11:04;313,1207,1,101
Data,6/22/2022,15:11:04;813,1207,1,101
Data,6/22/2022,15:11:05;313,1207,1,101
Data,6/22/2022,15:11:05;813,1207,1,101
Data,6/22/2022,15:11:06;313,1207,1,101
Data,6/22/2022,15:11:06;813,1207,1,101
Data,6/22/2022,15:11:07;313,1207,1,101
Data,6/22/2022,15:11:07;813,1207,1,101
Data,6/22/2022,15:11:08;313,1207,1,101
Data,6/22/2022,15:11:08;813,1207,1,101
Data,6/22/2022,15:11:09;313,1208,0,152
Data,6/22/2022,15:11:09;813,1208,0,212
Data,6/22/2022,15:11:10;313,1208,0,272
Data,6/22/2022,15:11:10;813,1208,0,332
Data,6/22/2022,15:11:11;313,1208,0,392
Data,6/22/2022,15:11:11;813,1208,0,401
Data,6/22/2022,15:11:12;313,1208,0,383
Data,6/22/2022,15:11:12;813,1208,0,363
Data,6/22/2022,15:11:13;313,1208,0,343
Data,6/22/2022,15:11:13;813,1208,0,323
Data,6/22/2022,15:11:14;313,1208,0,303
Data,6/22/2022,15:11:14;813,1208,0,283
Data,6/22/2022,15:11:15;313,1208,0,263
Data,6/22/2022,15:11:15;813,1208,0,243
Data,6/22/2022,15:11:16;313,1208,0,223
Data,6/22/2022,15:11:16;813,1208,0,203
Data,6/22/2022,15:11:17;313,1208,0,183
Data,6/22/2022,15:11:17;813,1208,0,163
Data,6/22/2022,15:11:18;313,1208,0,143
Data,6/22/2022,15:11:18;813,1208,0,124
Data,6/22/2022,15:11:19;313,1208,0,104
Data,6/22/2022,15:11:19;813,1208,1,101
Data,6/22/2022,15:11:20;313,1208,1,101
Data,6/22/2022,15:11:20;813,1208,1,101
Data,6/22/2022,15:11:21;313,1208,1,101
Data,6/22/2022,15:11:21;813,1208,1,101
Data,6/22/2022,15:11:22;313,1208,1,101
Data,6/22/2022,15:11:22;813,1208,1,101
Data,6/22/2022,15:11:23;313,1208,1,101
Data,6/22/2022,15:11:23;813,1208,1,101
Data,6/22/2022,15:11:24;313,1209,0,122
Data,6/22/2022,15:11:24;813,1209,0,182
Data,6/22/2022,15:11:25;313,1209,0,242
Data,6/22/2022,15:11:25;813,1209,0,302
Data,6/22/2022,15:11:26;313,1209,0,362
Data,6/22/2022,15:11:26;813,1209,0,401
Data,6/22/2022,15:11:27;313,1209,0,393
Data,6/22/2022,15:11:27;813,1209,0,373
Data,6/22/2022,15:11:28;313,1209,0,353
Data,6/22/2022,15:11:28;813,1209,0,333
Data,6/22/2022,15:11:29;313,1209,0,313
Data,6/22/2022,15:11:29;813,1209,0,293
Data,6/22/2022,15:11:30;313,1209,0,273
Data,6/22/2022,15:11:30;813,1209,0,253
Data,6/22/2022,15:11:31;313,1209,0,233
Data,6/22/2022,15:11:31;813,1209,0,213
Data,6/22/2022,15:11:32;313,1209,0,193
Data,6/22/2022,15:11:32;813,1209,0,173
Data,6/22/2022,15:11:33;313,1209,0,153
Data,6/22/2022,15:11:33;813,1209,0,133
Data,6/22/2022,15:11:34;313,1209,0,113
Data,6/22/2022,15:11:34;813,1209,0,101
Data,6/22/2022,15:11:35;313,1209,0,101
Data,6/22/2022,15:11:35;813,1209,0,101
Data,6/22/2022,15:11:36;313,1209,0,101
Data,6/22/2022,15:11:36;813,1209,0,101
Data,6/22/2022,15:11:37;313,1209,0,101
Data,6/22/2022,15:11:37;813,1209,0,101
Data,6/22/2022,15:11:38;313,1209,0,101
Data,6/22/2022,15:11:38;813,1209,0,101
Data,6/22/2022,15:11:39;313,1209,0,101
Data,6/22/2022,15:11:39;813,1210,0,155
Data,6/22/2022,15:11:40;313,1210,0,215
Data,6/22/2022,15:11:40;813,1210,0,275
Data,6/22/2022,15:11:41;313,1210,0,335
Data,6/22/2022,15:11:41;813,1210,0,395
Data,6/22/2022,15:11:42;313,1210,0,401
Data,6/22/2022,15:11:42;813,1210,0,382
Data,6/22/2022,15:11:43;313,1210,0,362
Data,6/22/2022,15:11:43;813,1210,0,342
Data,6/22/2022,15:11:44;313,1210,0,322
Data,6/22/2022,15:11:44;813,1210,0,302
Data,6/22/2022,15:11:45;313,1210,0,282
Data,6/22/2022,15:11:45;813,1210,0,262
Data,6/22/2022,15:11:46;313,1210,0,242
Data,6/22/2022,15:11:46;813,1210,0,222
Data,6/22/2022,15:11:47;313,1210,0,202
Data,6/22/2022,15:11:47;813,1210,0,182
Data,6/22/2022,15:11:48;313,1210,0,162
Data,6/22/2022,15:11:48;813,1210,0,142
Data,6/22/2022,15:11:49;313,1210,0,122
Data,6/22/2022,15:11:49;813,1210,0,102
Data,6/22/2022,15:11:50;313,1210,0,101
Data,6/22/2022,15:11:50;813,1210,0,101
Data,6/22/2022,15:11:51;313,1210,0,101
Data,6/22/2022,15:11:51;813,1210,0,101
Data,6/22/2022,15:11:52;313,1210,0,101
Data,6/22/2022,15:11:52;813,1210,0,101
Data,6/22/2022,15:11:53;313,1210,0,101
Data,6/22/2022,15:11:53;813,1210,0,101
Data,6/22/2022,15:11:54;313,1210,0,101
Data,6/22/2022,15:11:54;813,1211,0,128
Data,6/22/2022,15:11:55;313,1211,0,188
Data,6/22/2022,15:11:55;813,1211,0,248
Data,6/22/2022,15:11:56;313,1211,0,308
Data,6/22/2022,15:11:56;813,1211,0,368
Data,6/22/2022,15:11:57;313,1211,0,401
Data,6/22/2022,15:11:57;813,1211,0,391
Data,6/22/2022,15:11:58;313,1211,0,371
Data,6/22/2022,15:11:58;813,1211,0,351
Data,6/22/2022,15:11:59;313,1211,0,331
Data,6/22/2022,15:11:59;813,1211,0,311
Data,6/22/2022,15:12:00;313,1211,0,291
Data,6/22/2022,15:12:00;813,1211,0,271
Data,6/22/2022,15:12:01;313,1211,0,251
Data,6/22/2022,15:12:01;813,1211,0,231
Data,6/22/2022,15:12:02;313,1211,0,211
Data,6/22/2022,15:12:02;813,1211,0,191
Data,6/22/2022,15:12:03;313,1211,0,171
Data,6/22/2022,15:12:03;813,1211,0,151
Data,6/22/2022,15:12:04;313,1211,0,131
Data,6/22/2022,15:12:04;813,1211,0,111
Data,6/22/2022,15:12:05;313,1211,0,101
Data,6/22/2022,15:12:05;813,1211,0,101
Data,6/22/2022,15:12:06;313,1211,0,101
Data,6/22/2022,15:12:06;813,1211,0,101
Data,6/22/2022,15:12:07;313,1211,0,101
Data,6/22/2022,15:12:07;813,1211,0,101
Data,6/22/2022,15:12:08;313,1211,0,101
Data,6/22/2022,15:12:08;813,1211,0,101
Data,6/22/2022,15:12:09;313,1211,0,101
Data,6/22/2022,15:12:09;813,1211,0,101
Data,6/22/2022,15:12:10;313,1212,0,161
Data,6/22/2022,15:12:10;813,1212,0,221
Data,6/22/2022,15:12:11;313,1212,0,281
Data,6/22/2022,15:12:11;813,1212,0,341
Data,6/22/2022,15:12:12;313,1212,0,401
Data,6/22/2022,15:12:12;813,1212,0,400
Data,6/22/2022,15:12:13;313,1212,0,380
Data,6/22/2022,15:12:13;813,1212,0,360
Data,6/22/2022,15:12:14;313,1212,0,340
Data,6/22/2022,15:12:14;813,1212,0,320
Data,6/22/2022,15:12:15;313,1212,0,300
Data,6/22/2022,15:12:15;813,1212,0,280
Data,6/22/2022,15:12:16;313,1212,0,260
Data,6/22/2022,15:12:16;813,1212,0,240
Data,6/22/2022,15:12:17;313,1212,0,220
Data,6/22/2022,15:12:17;813,1212,0,200
Data,6/22/2022,15:12:18;313,1212,0,180
Data,6/22/2022,15:12:18;813,1212,0,160
Data,6/22/2022,15:12:19;313,1212,0,140
Data,6/22/2022,15:12:19;813,1212,0,120
Data,6/22/2022,15:12:20;313,1212,0,101
Data,6/22/2022,15:12:20;813,1212,0,101
Data,6/22/2022,15:12:21;313,1212,0,101
Data,6/22/2022,15:12:21;813,1212,0,101
Data,6/22/2022,15:12:22;313,1212,0,101
Data,6/22/2022,15:12:22;813,1212,0,101
Data,6/22/2022,15:12:23;313,1212,0,101
Data,6/22/2022,15:12:23;813,1212,0,101
Data,6/22/2022,15:12:24;313,1212,0,101
Data,6/22/2022,15:12:24;813,1212,0,101
Data,6/22/2022,15:12:25;313,1213,0,131
Data,6/22/2022,15:12:25;813,1213,0,191
Data,6/22/2022,15:12:26;313,1213,0,251
Data,6/22/2022,15:12:26;813,1213,1,311
Data,6/22/2022,15:12:27;313,1213,1,371
Data,6/22/2022,15:12:27;813,1213,1,401
Data,6/22/2022,15:12:28;313,1213,1,390
Data,6/22/2022,15:12:28;813,1213,1,370
Data,6/22/2022,15:12:29;313,1213,1,350
Data,6/22/2022,15:12:29;813,1213,1,330
Data,6/22/2022,15:12:30;313,1213,1,310
Data,6/22/2022,15:12:30;813,1213,1,290
Data,6/22/2022,15:12:31;313,1213,1,270
Data,6/22/2022,15:12:31;813,1213,1,250
Data,6/22/2022,15:12:32;313,1213,1,230
Data,6/22/2022,15:12:32;813,1213,1,210
Data,6/22/2022,15:12:33;313,1213,1,190
Data,6/22/2022,15:12:33;813,1213,1,170
Data,6/22/2022,15:12:34;313,1213,1,150
Data,6/22/2022,15:12:34;813,1213,1,130
Data,6/22/2022,15:12:35;313,1213,1,110
Data,6/22/2022,15:12:35;813,1213,1,101
Data,6/22/2022,15:12:36;313,1213,1,101
Data,6/22/2022,15:12:36;813,1213,1,101
Data,6/22/2022,15:12:37;313,1213,1,101
Data,6/22/2022,15:12:37;813,1213,1,101
Data,6/22/2022,15:12:38;313,1213,1,101
Data,6/22/2022,15:12:38;813,1213,1,101
Data,6/22/2022,15:12:39;313,1213,1,101
Data,6/22/2022,15:12:39;813,1213,1,101
Data,6/22/2022,15:12:40;313,1214,0,104
Data,6/22/2022,15:12:40;813,1214,0,164
Data,6/22/2022,15:12:41;313,1214,0,224
Data,6/22/2022,15:12:41;813,1214,0,284
Data,6/22/2022,15:12:42;313,1214,0,344
Data,6/22/2022,15:12:42;813,1214,0,401
Data,6/22/2022,15:12:43;313,1214,0,399
Data,6/22/2022,15:12:43;813,1214,0,379
Data,6/22/2022,15:12:44;313,1214,0,359
Data,6/22/2022,15:12:44;813,1214,0,339
Data,6/22/2022,15:12:45;313,1214,0,319
Data,6/22/2022,15:12:45;813,1214,0,299
Data,6/22/2022,15:12:46;313,1214,0,279
Data,6/22/2022,15:12:46;813,1214,0,259
Data,6/22/2022,15:12:47;313,1214,0,239
Data,6/22/2022,15:12:47;813,1214,0,219
Data,6/22/2022,15:12:48;313,1214,0,199
Data,6/22/2022,15:12:48;813,1214,0,179
Data,6/22/2022,15:12:49;313,1214,0,159
Data,6/22/2022,15:12:49;813,1214,0,139
Data,6/22/2022,15:12:50;313,1214,0,119
Data,6/22/2022,15:12:50;813,1214,0,101
Data,6/22/2022,15:12:51;313,1214,0,101
Data,6/22/2022,15:12:51;813,1214,0,101
Data,6/22/2022,15:12:52;313,1214,0,101
Data,6/22/2022,15:12:52;813,1214,0,101
Data,6/22/2022,15:12:53;313,1214,0,101
Data,6/22/2022,15:12:53;813,1214,0,101
Data,6/22/2022,15:12:54;313,1214,0,101
Data,6/22/2022,15:12:54;813,1214,0,101
Data,6/22/2022,15:12:55;313,1214,0,101
Data,6/22/2022,15:12:55;813,1215,0,137
Data,6/22/2022,15:12:56;313,1215,0,197
Data,6/22/2022,15:12:56;813,1215,0,257
Data,6/22/2022,15:12:57;313,1215,0,317
Data,6/22/2022,15:12:57;813,1215,0,377
Data,6/22/2022,15:12:58;313,1215,0,401
Data,6/22/2022,15:12:58;813,1215,0,388
Data,6/22/2022,15:12:59;313,1215,0,368
Data,6/22/2022,15:12:59;813,1215,0,348
Data,6/22/2022,15:13:00;313,1215,0,328
Data,6/22/2022,15:13:00;813,1215,0,308
Data,6/22/2022,15:13:01;313,1215,0,288
Data,6/22/2022,15:13:01;813,1215,0,268
Data,6/22/2022,15:13:02;313,1215,0,248
Data,6/22/2022,15:13:02;813,1215,0,228
Data,6/22/2022,15:13:03;313,1215,0,208
Data,6/22/2022,15:13:03;813,1215,0,188
Data,6/22/2022,15:13:04;313,1215,0,168
Data,6/22/2022,15:13:04;813,1215,0,148
Data,6/22/2022,15:13:05;313,1215,0,128
Data,6/22/2022,15:13:05;813,1215,0,108
Data,6/22/2022,15:13:06;313,1215,0,101
Data,6/22/2022,15:13:06;813,1215,0,101
Data,6/22/2022,15:13:07;313,1215,0,101
Data,6/22/2022,15:13:07;813,1215,0,101
Data,6/22/2022,15:13:08;313,1215,0,101
Data,6/22/2022,15:13:08;813,1215,0,101
Data,6/22/2022,15:13:09;313,1215,0,101
Data,6/22/2022,15:13:09;813,1215,0,101
Data,6/22/2022,15:13:10;313,1215,0,101
Data,6/22/2022,15:13:10;813,1216,0,107
Data,6/22/2022,15:13:11;313,1216,0,167
Data,6/22/2022,15:13:11;813,1216,0,227
Data,6/22/2022,15:13:12;313,1216,0,287
Data,6/22/2022,15:13:12;813,1216,0,347
Data,6/22/2022,15:13:13;313,1216,0,401
Data,6/22/2022,15:13:13;813,1216,0,398
Data,6/22/2022,15:13:14;313,1216,0,378
Data,6/22/2022,15:13:14;813,1216,0,358
Data,6/22/2022,15:13:15;313,1216,0,338
Data,6/22/2022,15:13:15;813,1216,0,318
Data,6/22/2022,15:13:16;313,1216,0,298
Data,6/22/2022,15:13:16;813,1216,0,278
Data,6/22/2022,15:13:17;313,1216,0,258
Data,6/22/2022,15:13:17;813,1216,0,238
Data,6/22/2022,15:13:18;313,1216,0,218
Data,6/22/2022,15:13:18;813,1216,0,198
Data,6/22/2022,15:13:19;313,1216,0,178
Data,6/22/2022,15:13:19;813,1216,0,158
Data,6/22/2022,15:13:20;313,1216,0,138
Data,6/22/2022,15:13:20;813,1216,0,118
Data,6/22/2022,15:13:21;313,1216,0,101
Data,6/22/2022,15:13:21;813,1216,0,101
Data,6/22/2022,15:13:22;313,1216,0,101
Data,6/22/2022,15:13:22;813,1216,0,101
Data,6/22/2022,15:13:23;313,1216,0,101
Data,6/22/2022,15:13:23;813,1216,0,101
Data,6/22/2022,15:13:24;313,1216,0,101
Data,6/22/2022,15:13:24;813,1216,0,101
Data,6/22/2022,15:13:25;313,1216,0,101
Data,6/22/2022,15:13:25;813,1216,0,101
Data,6/22/2022,15:13:26;313,1217,0,140
Data,6/22/2022,15:13:26;813,1217,0,200
Data,6/22/2022,15:13:27;313,1217,0,260
Data,6/22/2022,15:13:27;813,1217,0,320
Data,6/22/2022,15:13:28;313,1217,0,380
Data,6/22/2022,15:13:28;813,1217,0,401
Data,6/22/2022,15:13:29;313,1217,0,387
Data,6/22/2022,15:13:29;813,1217,0,367
Data,6/22/2022,15:13:30;313,1217,0,347
Data,6/22/2022,15:13:30;813,1217,0,327
Data,6/22/2022,15:13:31;313,1217,0,307
Data,6/22/2022,15:13:31;813,1217,0,287
Data,6/22/2022,15:13:32;313,1217,0,267
Data,6/22/2022,15:13:32;813,1217,0,247
Data,6/22/2022,15:13:33;313,1217,0,227
Data,6/22/2022,15:13:33;813,1217,0,207
Data,6/22/2022,15:13:34;313,1217,0,187
Data,6/22/2022,15:13:34;813,1217,0,167
Data,6/22/2022,15:13:35;313,1217,0,147
Data,6/22/2022,15:13:35;813,1217,0,127
Data,6/22/2022,15:13:36;313,1217,0,107
Data,6/22/2022,15:13:36;813,1217,0,101
Data,6/22/2022,15:13:37;313,1217,0,101
Data,6/22/2022,15:13:37;813,1217,0,101
Data,6/22/2022,15:13:38;313,1217,0,101
Data,6/22/2022,15:13:38;813,1217,0,101
Data,6/22/2022,15:13:39;313,1217,0,101
Data,6/22/2022,15:13:39;813,1217,0,101
Data,6/22/2022,15:13:40;313,1217,0,101
Data,6/22/2022,15:13:40;813,1217,0,101
Data,6/22/2022,15:13:41;313,1218,0,113
Data,6/22/2022,15:13:41;813,1218,0,173
Data,6/22/2022,15:13:42;313,1218,0,233
Data,6/22/2022,15:13:42;813,1218,0,293
Data,6/22/2022,15:13:43;313,1218,0,353
Data,6/22/2022,15:13:43;813,1218,1,401
Data,6/22/2022,15:13:44;313,1218,1,396
Data,6/22/2022,15:13:44;813,1218,1,376
Data,6/22/2022,15:13:45;313,1218,1,356
Data,6/22/2022,15:13:45;813,1218,1,336
Data,6/22/2022,15:13:46;313,1218,1,316
Data,6/22/2022,15:13:46;813,1218,1,296
Data,6/22/2022,15:13:47;313,1218,1,276
Data,6/22/2022,15:13:47;813,1218,1,256
Data,6/22/2022,15:13:48;313,1218,1,236
Data,6/22/2022,15:13:48;813,1218,1,216
Data,6/22/2022,15:13:49;313,1218,1,196
Data,6/22/2022,15:13:49;813,1218,1,176
Data,6/22/2022,15:13:50;313,1218,1,156
Data,6/22/2022,15:13:50;813,1218,1,136
Data,6/22/2022,15:13:51;313,1218,1,116
Data,6/22/2022,15:13:51;813,1218,1,101
Data,6/22/2022,15:13:52;313,1218,1,101
Data,6/22/2022,15:13:52;813,1218,1,101
Data,6/22/2022,15:13:53;313,1218,1,101
Data,6/22/2022,15:13:53;813,1218,1,101
Data,6/22/2022,15:13:54;313,1218,1,101
Data,6/22/2022,15:13:54;813,1218,1,101
Data,6/22/2022,15:13:55;313,1218,1,101
Data,6/22/2022,15:13:55;813,1218,1,101
Data,6/22/2022,15:13:56;313,1218,1,101
Data,6/22/2022,15:13:56;813,1219,0,146
Data,6/22/2022,15:13:57;313,1219,0,206
Data,6/22/2022,15:13:57;813,1219,0,266
Data,6/22/2022,15:13:58;313,1219,0,326
Data,6/22/2022,15:13:58;813,1219,0,386
Data,6/22/2022,15:13:59;313,1219,0,401
Data,6/22/2022,15:13:59;813,1219,0,385
Data,6/22/2022,15:14:00;313,1219,0,365
Data,6/22/2022,15:14:00;813,1219,0,345
Data,6/22/2022,15:14:01;313,1219,0,325
Data,6/22/2022,15:14:01;813,1219,0,305
Data,6/22/2022,15:14:02;313,1219,0,285
Data,6/22/2022,15:14:02;813,1219,0,265
Data,6/22/2022,15:14:03;313,1219,0,245
Data,6/22/2022,15:14:03;813,1219,0,225
Data,6/22/2022,15:14:04;313,1219,0,205
Data,6/22/2022,15:14:04;813,1219,0,185
Data,6/22/2022,15:14:05;313,1219,0,165
Data,6/22/2022,15:14:05;813,1219,0,145
Data,6/22/2022,15:14:06;313,1219,0,125
Data,6/22/2022,15:14:06;813,1219,0,105
Data,6/22/2022,15:14:07;313,1219,0,101
Data,6/22/2022,15:14:07;813,1219,0,101
Data,6/22/2022,15:14:08;313,1219,0,101
Data,6/22/2022,15:14:08;813,1219,0,101
Data,6/22/2022,15:14:09;313,1219,0,101
Data,6/22/2022,15:14:09;813,1219,0,101
Data,6/22/2022,15:14:10;313,1219,0,101
Data,6/22/2022,15:14:10;813,1219,0,101
Data,6/22/2022,15:14:11;313,1219,0,101
Data,6/22/2022,15:14:11;813,1220,0,119
Data,6/22/2022,15:14:12;313,1220,0,179
Data,6/22/2022,15:14:12;813,1220,0,239
Data,6/22/2022,15:14:13;313,1220,0,299
Data,6/22/2022,15:14:13;813,1220,0,359
Data,6/22/2022,15:14:14;313,1220,0,401
Data,6/22/2022,15:14:14;813,1220,0,394
Data,6/22/2022,15:14:15;313,1220,0,374
Data,6/22/2022,15:14:15;813,1220,0,354
Data,6/22/2022,15:14:16;313,1220,0,334
Data,6/22/2022,15:14:16;813,1220,0,314
Data,6/22/2022,15:14:17;313,1220,0,294
Data,6/22/2022,15:14:17;813,1220,0,274
Data,6/22/2022,15:14:18;313,1220,0,254
Data,6/22/2022,15:14:18;813,1220,0,234
Data,6/22/2022,15:14:19;313,1220,0,214
Data,6/22/2022,15:14:19;813,1220,0,194
Data,6/22/2022,15:14:20;313,1220,0,174
Data,6/22/2022,15:14:20;813,1220,0,154
Data,6/22/2022,15:14:21;313,1220,0,134
Data,6/22/2022,15:14:21;813,1220,0,114
Data,6/22/2022,15:14:22;313,1220,0,101
Data,6/22/2022,15:14:22;813,1220,0,101
Data,6/22/2022,15:14:23;313,1220,0,101
Data,6/22/2022,15:14:23;813,1220,0,101
Data,6/22/2022,15:14:24;313,1220,0,101
Data,6/22/2022,15:14:24;813,1220,0,101
Data,6/22/2022,15:14:25;313,1220,0,101
Data,6/22/2022,15:14:25;813,1220,0,101
Data,6/22/2022,15:14:26;313,1220,0,101
Data,6/22/2022,15:14:26;813,1220,0,101
Data,6/22/2022,15:14:27;313,1221,0,152
Data,6/22/2022,15:14:27;813,1221,0,212
Data,6/22/2022,15:14:28;313,1221,0,272
Data,6/22/2022,15:14:28;813,1221,0,332
Data,6/22/2022,15:14:29;313,1221,0,392
Data,6/22/2022,15:14:29;813,1221,0,401
Data,6/22/2022,15:14:30;313,1221,0,383
Data,6/22/2022,15:14:30;813,1221,0,363
Data,6/22/2022,15:14:31;313,1221,0,343
Data,6/22/2022,15:14:31;813,1221,0,323
Data,6/22/2022,15:14:32;313,1221,0,303
Data,6/22/2022,15:14:32;813,1221,0,283
Data,6/22/2022,15:14:33;313,1221,0,263
Data,6/22/2022,15:14:33;813,1221,0,243
Data,6/22/2022,15:14:34;313,1221,0,223
Data,6/22/2022,15:14:34;813,1221,0,203
Data,6/22/2022,15:14:35;313,1221,0,183
Data,6/22/2022,15:14:35;813,1221,0,163
Data,6/22/2022,15:14:36;313,1221,0,143
Data,6/22/2022,15:14:36;813,1221,0,123
Data,6/22/2022,15:14:37;313,1221,0,103
Data,6/22/2022,15:14:37;813,1221,0,101
Data,6/22/2022,15:14:38;313,1221,0,101
Data,6/22/2022,15:14:38;813,1221,0,101
Data,6/22/2022,15:14:39;313,1221,0,101
Data,6/22/2022,15:14:39;813,1221,0,101
Data,6/22/2022,15:14:40;313,1221,0,101
Data,6/22/2022,15:14:40;813,1221,0,101
Data,6/22/2022,15:14:41;313,1221,0,101
Data,6/22/2022,15:14:41;813,1221,0,101
Data,6/22/2022,15:14:42;313,1222,0,125
Data,6/22/2022,15:14:42;813,1222,0,185
Data,6/22/2022,15:14:43;313,1222,0,245
Data,6/22/2022,15:14:43;813,1222,0,305
Data,6/22/2022,15:14:44;313,1222,0,365
Data,6/22/2022,15:14:44;813,1222,0,401
Data,6/22/2022,15:14:45;313,1222,0,392
Data,6/22/2022,15:14:45;813,1222,0,372
Data,6/22/2022,15:14:46;313,1222,0,352
Data,6/22/2022,15:14:46;813,1222,0,332
Data,6/22/2022,15:14:47;313,1222,0,312
Data,6/22/2022,15:14:47;813,1222,0,292
Data,6/22/2022,15:14:48;313,1222,0,272
Data,6/22/2022,15:14:48;813,1222,0,252
Data,6/22/2022,15:14:49;313,1222,0,232
Data,6/22/2022,15:14:49;813,1222,0,212
Data,6/22/2022,15:14:50;313,1222,0,192
Data,6/22/2022,15:14:50;813,1222,0,172
Data,6/22/2022,15:14:51;313,1222,0,152
Data,6/22/2022,15:14:51;813,1222,0,132
Data,6/22/2022,15:14:52;313,1222,0,112
Data,6/22/2022,15:14:52;813,1222,0,101
Data,6/22/2022,15:14:53;313,1222,0,101
Data,6/22/2022,15:14:53;813,1222,0,101
Data,6/22/2022,15:14:54;313,1222,0,101
Data,6/22/2022,15:14:54;813,1222,0,101
Data,6/22/2022,15:14:55;313,1222,0,101
Data,6/22/2022,15:14:55;813,1222,0,101
Data,6/22/2022,15:14:56;313,1222,0,101
Data,6/22/2022,15:14:56;813,1222,0,101
Data,6/22/2022,15:14:57;313,1222,0,101
Data,6/22/2022,15:14:57;813,1223,0,158
Data,6/22/2022,15:14:58;313,1223,0,218
Data,6/22/2022,15:14:58;813,1223,0,278
Data,6/22/2022,15:14:59;313,1223,0,338
Data,6/22/2022,15:14:59;813,1223,0,398
Data,6/22/2022,15:15:00;313,1223,0,401
Data,6/22/2022,15:15:00;813,1223,0,381
Data,6/22/2022,15:15:01;313,1223,0,361
Data,6/22/2022,15:15:01;813,1223,0,341
Data,6/22/2022,15:15:02;313,1223,0,321
Data,6/22/2022,15:15:02;813,1223,0,301
Data,6/22/2022,15:15:03;313,1223,0,281
Data,6/22/2022,15:15:03;813,1223,0,261
Data,6/22/2022,15:15:04;313,1223,0,241
Data,6/22/2022,15:15:04;813,1223,0,221
Data,6/22/2022,15:15:05;313,1223,0,201
Data,6/22/2022,15:15:05;813,1223,0,181
Data,6/22/2022,15:15:06;313,1223,0,161
Data,6/22/2022,15:15:06;813,1223,0,141
Data,6/22/2022,15:15:07;313,1223,0,121
Data,6/22/2022,15:15:07;813,1223,0,101
Data,6/22/2022,15:15:08;313,1223,0,101
Data,6/22/2022,15:15:08;813,1223,0,101
Data,6/22/2022,15:15:09;313,1223,0,101
Data,6/22/2022,15:15:09;813,1223,0,101
Data,6/22/2022,15:15:10;313,1223,0,101
Data,6/22/2022,15:15:10;813,1223,0,101
Data,6/22/2022,15:15:11;313,1223,0,101
Data,6/22/2022,15:15:11;813,1223,0,101
Data,6/22/2022,15:15:12;313,1223,0,101
Data,6/22/2022,15:15:12;813,1224,0,131
Data,6/22/2022,15:15:13;313,1224,0,191
Data,6/22/2022,15:15:13;813,1224,0,251
Data,6/22/2022,15:15:14;313,1224,0,311
Data,6/22/2022,15:15:14;813,1224,0,371
Data,6/22/2022,15:15:15;313,1224,0,401
Data,6/22/2022,15:15:15;813,1224,0,390
Data,6/22/2022,15:15:16;313,1224,0,370
Data,6/22/2022,15:15:16;813,1224,0,350
Data,6/22/2022,15:15:17;313,1224,0,330
Data,6/22/2022,15:15:17;813,1224,0,310
Data,6/22/2022,15:15:18;313,1224,0,290
Data,6/22/2022,15:15:18;813,1224,0,270
Data,6/22/2022,15:15:19;313,1224,0,250
Data,6/22/2022,15:15:19;813,1224,0,230
Data,6/22/2022,15:15:20;313,1224,0,210
Data,6/22/2022,15:15:20;813,1224,0,190
Data,6/22/2022,15:15:21;313,1224,0,170
Data,6/22/2022,15:15:21;813,1224,0,150
Data,6/22/2022,15:15:22;313,1224,0,131
Data,6/22/2022,15:15:22;813,1224,0,111
Data,6/22/2022,15:15:23;313,1224,0,101
Data,6/22/2022,15:15:23;813,1224,0,101
Data,6/22/2022,15:15:24;313,1224,0,101
Data,6/22/2022,15:15:24;813,1224,0,101
Data,6/22/2022,15:15:25;313,1224,0,101
Data,6/22/2022,15:15:25;813,1224,0,101
Data,6/22/2022,15:15:26;313,1224,0,101
Data,6/22/2022,15:15:26;813,1224,0,101
Data,6/22/2022,15:15:27;313,1224,0,101
Data,6/22/2022,15:15:27;813,1224,0,101
Data,6/22/2022,15:15:28;313,1225,0,161
Data,6/22/2022,15:15:28;813,1225,0,221
Data,6/22/2022,15:15:29;313,1225,0,281
Data,6/22/2022,15:15:29;813,1225,0,341
Data,6/22/2022,15:15:30;313,1225,0,401
Data,6/22/2022,15:15:30;813,1225,0,400
Data,6/22/2022,15:15:31;313,1225,0,380
Data,6/22/2022,15:15:31;813,1225,0,360
Data,6/22/2022,15:15:32;313,1225,0,340
Data,6/22/2022,15:15:32;813,1225,0,320
Data,6/22/2022,15:15:33;313,1225,0,300
Data,6/22/2022,15:15:33;813,1225,0,280
Data,6/22/2022,15:15:34;313,1225,0,260
Data,6/22/2022,15:15:34;813,1225,0,240
Data,6/22/2022,15:15:35;313,1225,0,220
Data,6/22/2022,15:15:35;813,1225,0,200
Data,6/22/2022,15:15:36;313,1225,0,180
Data,6/22/2022,15:15:36;813,1225,0,160
Data,6/22/2022,15:15:37;313,1225,0,140
Data,6/22/2022,15:15:37;813,1225,0,120
Data,6/22/2022,15:15:38;313,1225,0,101
Data,6/22/2022,15:15:38;813,1225,0,101
Data,6/22/2022,15:15:39;313,1225,0,101
Data,6/22/2022,15:15:39;813,1225,0,101
Data,6/22/2022,15:15:40;313,1225,0,101
Data,6/22/2022,15:15:40;813,1225,0,101
Data,6/22/2022,15:15:41;313,1225,0,101
Data,6/22/2022,15:15:41;813,1225,0,101
Data,6/22/2022,15:15:42;313,1225,0,101
Data,6/22/2022,15:15:42;813,1225,0,101
Data,6/22/2022,15:15:43;313,1226,0,131
Data,6/22/2022,15:15:43;813,1226,0,191
Data,6/22/2022,15:15:44;313,1226,0,251
Data,6/22/2022,15:15:44;813,1226,0,311
Data,6/22/2022,15:15:45;313,1226,0,371
Data,6/22/2022,15:15:45;813,1226,0,401
Data,6/22/2022,15:15:46;313,1226,0,390
Data,6/22/2022,15:15:46;813,1226,0,370
Data,6/22/2022,15:15:47;313,1226,0,350
Data,6/22/2022,15:15:47;813,1226,0,330
Data,6/22/2022,15:15:48;313,1226,0,310
Data,6/22/2022,15:15:48;813,1226,0,290
Data,6/22/2022,15:15:49;313,1226,0,270
Data,6/22/2022,15:15:49;813,1226,0,250
Data,6/22/2022,15:15:50;313,1226,0,230
Data,6/22/2022,15:15:50;813,1226,0,210
Data,6/22/2022,15:15:51;313,1226,0,190
Data,6/22/2022,15:15:51;813,1226,0,170
Data,6/22/2022,15:15:52;313,1226,0,150
Data,6/22/2022,15:15:52;813,1226,0,130
Data,6/22/2022,15:15:53;313,1226,0,110
Data,6/22/2022,15:15:53;813,1226,0,101
Data,6/22/2022,15:15:54;313,1226,0,101
Data,6/22/2022,15:15:54;813,1226,0,101
Data,6/22/2022,15:15:55;313,1226,0,101
Data,6/22/2022,15:15:55;813,1226,0,101
Data,6/22/2022,15:15:56;313,1226,0,101
Data,6/22/2022,15:15:56;813,1226,0,101
Data,6/22/2022,15:15:57;313,1226,0,101
Data,6/22/2022,15:15:57;813,1226,0,101
Data,6/22/2022,15:15:58;313,1227,0,104
Data,6/22/2022,15:15:58;813,1227,0,164
Data,6/22/2022,15:15:59;313,1227,0,224
Data,6/22/2022,15:15:59;813,1227,0,284
Data,6/22/2022,15:16:00;313,1227,0,344
Data,6/22/2022,15:16:00;813,1227,0,401
Data,6/22/2022,15:16:01;313,1227,0,399
Data,6/22/2022,15:16:01;813,1227,0,379
Data,6/22/2022,15:16:02;313,1227,0,359
Data,6/22/2022,15:16:02;813,1227,0,339
Data,6/22/2022,15:16:03;313,1227,0,319
Data,6/22/2022,15:16:03;813,1227,0,299
Data,6/22/2022,15:16:04;313,1227,0,279
Data,6/22/2022,15:16:04;813,1227,0,259
Data,6/22/2022,15:16:05;313,1227,0,239
Data,6/22/2022,15:16:05;813,1227,0,219
Data,6/22/2022,15:16:06;313,1227,0,199
Data,6/22/2022,15:16:06;813,1227,0,179
Data,6/22/2022,15:16:07;313,1227,0,159
Data,6/22/2022,15:16:07;813,1227,0,139
Data,6/22/2022,15:16:08;313,1227,0,119
Data,6/22/2022,15:16:08;813,1227,0,101
Data,6/22/2022,15:16:09;313,1227,0,101
Data,6/22/2022,15:16:09;813,1227,0,101
Data,6/22/2022,15:16:10;313,1227,0,101
Data,6/22/2022,15:16:10;813,1227,0,101
Data,6/22/2022,15:16:11;313,1227,0,101
Data,6/22/2022,15:16:11;813,1227,0,101
Data,6/22/2022,15:16:12;313,1227,0,101
Data,6/22/2022,15:16:12;813,1227,0,101
Data,6/22/2022,15:16:13;313,1227,0,101
Data,6/22/2022,15:16:13;813,1228,0,137
Data,6/22/2022,15:16:14;313,1228,0,197
Data,6/22/2022,15:16:14;813,1228,0,257
Data,6/22/2022,15:16:15;313,1228,0,317
Data,6/22/2022,15:16:15;813,1228,0,377
Data,6/22/2022,15:16:16;313,1228,0,401
Data,6/22/2022,15:16:16;813,1228,0,388
Data,6/22/2022,15:16:17;313,1228,0,368
Data,6/22/2022,15:16:17;813,1228,0,348
Data,6/22/2022,15:16:18;313,1228,0,328
Data,6/22/2022,15:16:18;813,1228,0,308
Data,6/22/2022,15:16:19;313,1228,0,288
Data,6/22/2022,15:16:19;813,1228,0,268
Data,6/22/2022,15:16:20;313,1228,0,248
Data,6/22/2022,15:16:20;813,1228,0,228
Data,6/22/2022,15:16:21;313,1228,0,208
Data,6/22/2022,15:16:21;813,1228,0,188
Data,6/22/2022,15:16:22;313,1228,0,168
Data,6/22/2022,15:16:22;813,1228,0,148
Data,6/22/2022,15:16:23;313,1228,0,128
Data,6/22/2022,15:16:23;813,1228,0,108
Data,6/22/2022,15:16:24;313,1228,0,101
Data,6/22/2022,15:16:24;813,1228,0,101
Data,6/22/2022,15:16:25;313,1228,0,101
Data,6/22/2022,15:16:25;813,1228,0,101
Data,6/22/2022,15:16:26;313,1228,0,101
Data,6/22/2022,15:16:26;813,1228,0,101
Data,6/22/2022,15:16:27;313,1228,0,101
Data,6/22/2022,15:16:27;813,1228,0,101
Data,6/22/2022,15:16:28;313,1228,0,101
Data,6/22/2022,15:16:28;813,1229,0,110
Data,6/22/2022,15:16:29;313,1229,0,170
Data,6/22/2022,15:16:29;813,1229,0,230
Data,6/22/2022,15:16:30;313,1229,0,290
Data,6/22/2022,15:16:30;813,1229,0,350
Data,6/22/2022,15:16:31;313,1229,0,401
Data,6/22/2022,15:16:31;813,1229,0,397
Data,6/22/2022,15:16:32;313,1229,0,377
Data,6/22/2022,15:16:32;813,1229,0,357
Data,6/22/2022,15:16:33;313,1229,0,337
Data,6/22/2022,15:16:33;813,1229,0,317
Data,6/22/2022,15:16:34;313,1229,0,297
Data,6/22/2022,15:16:34;813,1229,0,277
Data,6/22/2022,15:16:35;313,1229,0,257
Data,6/22/2022,15:16:35;813,1229,0,237
Data,6/22/2022,15:16:36;313,1229,0,217
Data,6/22/2022,15:16:36;813,1229,0,197
Data,6/22/2022,15:16:37;313,1229,0,177
Data,6/22/2022,15:16:37;813,1229,0,157
Data,6/22/2022,15:16:38;313,1229,0,137
Data,6/22/2022,15:16:38;813,1229,0,117
Data,6/22/2022,15:16:39;313,1229,0,101
Data,6/22/2022,15:16:39;813,1229,0,101
Data,6/22/2022,15:16:40;313,1229,0,101
Data,6/22/2022,15:16:40;813,1229,0,101
Data,6/22/2022,15:16:41;313,1229,0,101
Data,6/22/2022,15:16:41;813,1229,0,101
Data,6/22/2022,15:16:42;313,1229,0,101
Data,6/22/2022,15:16:42;813,1229,0,101
Data,6/22/2022,15:16:43;313,1229,0,101
Data,6/22/2022,15:16:43;813,1229,0,101
Data,6/22/2022,15:16:44;313,1230,0,143
Data,6/22/2022,15:16:44;813,1230,0,203
Data,6/22/2022,15:16:45;313,1230,0,263
Data,6/22/2022,15:16:45;813,1230,0,323
Data,6/22/2022,15:16:46;313,1230,0,383
Data,6/22/2022,15:16:46;813,1230,0,401
Data,6/22/2022,15:16:47;313,1230,0,386
Data,6/22/2022,15:16:47;813,1230,0,366
Data,6/22/2022,15:16:48;313,1230,0,346
Data,6/22/2022,15:16:48;813,1230,0,326
Data,6/22/2022,15:16:49;313,1230,0,306
Data,6/22/2022,15:16:49;813,1230,0,286
Data,6/22/2022,15:16:50;313,1230,0,266
Data,6/22/2022,15:16:50;813,1230,0,246
Data,6/22/2022,15:16:51;313,1230,0,226
Data,6/22/2022,15:16:51;813,1230,0,206
Data,6/22/2022,15:16:52;313,1230,0,186
Data,6/22/2022,15:16:52;813,1230,0,166
Data,6/22/2022,15:16:53;313,1230,0,146
Data,6/22/2022,15:16:53;813,1230,0,126
Data,6/22/2022,15:16:54;313,1230,0,106
Data,6/22/2022,15:16:54;813,1230,0,101
Data,6/22/2022,15:16:55;313,1230,0,101
Data,6/22/2022,15:16:55;813,1230,0,101
Data,6/22/2022,15:16:56;313,1230,0,101
Data,6/22/2022,15:16:56;813,1230,0,101
Data,6/22/2022,15:16:57;313,1230,0,101
Data,6/22/2022,15:16:57;813,1230,0,101
Data,6/22/2022,15:16:58;313,1230,0,101
Data,6/22/2022,15:16:58;813,1230,0,101
Data,6/22/2022,15:16:59;313,1231,0,113
Data,6/22/2022,15:16:59;813,1231,0,173
Data,6/22/2022,15:17:00;313,1231,0,233
Data,6/22/2022,15:17:00;813,1231,0,293
Data,6/22/2022,15:17:01;313,1231,0,353
Data,6/22/2022,15:17:01;813,1231,0,401
Data,6/22/2022,15:17:02;313,1231,0,396
Data,6/22/2022,15:17:02;813,1231,0,376
Data,6/22/2022,15:17:03;313,1231,0,356
Data,6/22/2022,15:17:03;813,1231,0,336
Data,6/22/2022,15:17:04;313,1231,0,316
Data,6/22/2022,15:17:04;813,1231,0,296
Data,6/22/2022,15:17:05;313,1231,0,276
Data,6/22/2022,15:17:05;813,1231,0,256
Data,6/22/2022,15:17:06;313,1231,0,236
Data,6/22/2022,15:17:06;813,1231,0,216
Data,6/22/2022,15:17:07;313,1231,0,196
Data,6/22/2022,15:17:07;813,1231,0,176
Data,6/22/2022,15:17:08;313,1231,0,156
Data,6/22/2022,15:17:08;813,1231,0,136
Data,6/22/2022,15:17:09;313,1231,0,116
Data,6/22/2022,15:17:09;813,1231,0,101
Data,6/22/2022,15:17:10;313,1231,0,101
Data,6/22/2022,15:17:10;813,1231,0,101
Data,6/22/2022,15:17:11;313,1231,0,101
Data,6/22/2022,15:17:11;813,1231,0,101
Data,6/22/2022,15:17:12;313,1231,0,101
Data,6/22/2022,15:17:12;813,1231,0,101
Data,6/22/2022,15:17:13;313,1231,0,101
Data,6/22/2022,15:17:13;813,1231,0,101
Data,6/22/2022,15:17:14;313,1231,0,101
Data,6/22/2022,15:17:14;813,1232,0,146
Data,6/22/2022,15:17:15;313,1232,0,206
Data,6/22/2022,15:17:15;813,1232,0,266
Data,6/22/2022,15:17:16;313,1232,0,326
Data,6/22/2022,15:17:16;813,1232,0,386
Data,6/22/2022,15:17:17;313,1232,0,401
Data,6/22/2022,15:17:17;813,1232,0,385
Data,6/22/2022,15:17:18;313,1232,0,365
Data,6/22/2022,15:17:18;813,1232,0,345
Data,6/22/2022,15:17:19;313,1232,0,325
Data,6/22/2022,15:17:19;813,1232,0,305
Data,6/22/2022,15:17:20;313,1232,0,285
Data,6/22/2022,15:17:20;813,1232,0,265
Data,6/22/2022,15:17:21;313,1232,0,245
Data,6/22/2022,15:17:21;813,1232,0,225
Data,6/22/2022,15:17:22;313,1232,0,205
Data,6/22/2022,15:17:22;813,1232,0,185
Data,6/22/2022,15:17:23;313,1232,0,165
Data,6/22/2022,15:17:23;813,1232,0,145
Data,6/22/2022,15:17:24;313,1232,0,125
Data,6/22/2022,15:17:24;813,1232,0,105
Data,6/22/2022,15:17:25;313,1232,0,101
Data,6/22/2022,15:17:25;813,1232,0,101
Data,6/22/2022,15:17:26;313,1232,0,101
Data,6/22/2022,15:17:26;813,1232,0,101
Data,6/22/2022,15:17:27;313,1232,0,101
Data,6/22/2022,15:17:27;813,1232,0,101
Data,6/22/2022,15:17:28;313,1232,0,101
Data,6/22/2022,15:17:28;813,1232,0,101
Data,6/22/2022,15:17:29;313,1232,0,101
Data,6/22/2022,15:17:29;813,1233,0,119
Data,6/22/2022,15:17:30;313,1233,0,179
Data,6/22/2022,15:17:30;813,1233,0,239
Data,6/22/2022,15:17:31;313,1233,0,299
Data,6/22/2022,15:17:31;813,1233,0,359
Data,6/22/2022,15:17:32;313,1233,0,401
Data,6/22/2022,15:17:32;813,1233,0,394
Data,6/22/2022,15:17:33;313,1233,0,374
Data,6/22/2022,15:17:33;813,1233,0,354
Data,6/22/2022,15:17:34;313,1233,0,334
Data,6/22/2022,15:17:34;813,1233,0,314
Data,6/22/2022,15:17:35;313,1233,0,294
Data,6/22/2022,15:17:35;813,1233,0,274
Data,6/22/2022,15:17:36;313,1233,0,254
Data,6/22/2022,15:17:36;813,1233,0,234
Data,6/22/2022,15:17:37;313,1233,0,214
Data,6/22/2022,15:17:37;813,1233,0,194
Data,6/22/2022,15:17:38;313,1233,0,174
Data,6/22/2022,15:17:38;813,1233,0,154
Data,6/22/2022,15:17:39;313,1233,0,134
Data,6/22/2022,15:17:39;813,1233,0,114
Data,6/22/2022,15:17:40;313,1233,0,101
Data,6/22/2022,15:17:40;813,1233,0,101
Data,6/22/2022,15:17:41;313,1233,0,101
Data,6/22/2022,15:17:41;813,1233,0,101
Data,6/22/2022,15:17:42;313,1233,0,101
Data,6/22/2022,15:17:42;813,1233,0,101
Data,6/22/2022,15:17:43;313,1233,0,101
Data,6/22/2022,15:17:43;813,1233,0,101
Data,6/22/2022,15:17:44;313,1233,0,101
Data,6/22/2022,15:17:44;813,1233,0,101
Data,6/22/2022,15:17:45;313,1234,0,152
Data,6/22/2022,15:17:45;813,1234,0,212
Data,6/22/2022,15:17:46;313,1234,0,272
Data,6/22/2022,15:17:46;813,1234,0,332
Data,6/22/2022,15:17:47;313,1234,0,392
Data,6/22/2022,15:17:47;813,1234,0,401
Data,6/22/2022,15:17:48;313,1234,0,383
Data,6/22/2022,15:17:48;813,1234,0,363
Data,6/22/2022,15:17:49;313,1234,0,343
Data,6/22/2022,15:17:49;813,1234,0,323
Data,6/22/2022,15:17:50;313,1234,0,303
Data,6/22/2022,15:17:50;813,1234,0,283
Data,6/22/2022,15:17:51;313,1234,0,263
Data,6/22/2022,15:17:51;813,1234,0,243
Data,6/22/2022,15:17:52;313,1234,0,223
Data,6/22/2022,15:17:52;813,1234,0,203
Data,6/22/2022,15:17:53;313,1234,0,183
Data,6/22/2022,15:17:53;813,1234,0,163
Data,6/22/2022,15:17:54;313,1234,0,143
Data,6/22/2022,15:17:54;813,1234,0,123
Data,6/22/2022,15:17:55;313,1234,0,103
Data,6/22/2022,15:17:55;813,1234,0,101
Data,6/22/2022,15:17:56;313,1234,0,101
Data,6/22/2022,15:17:56;813,1234,0,101
Data,6/22/2022,15:17:57;313,1234,0,101
Data,6/22/2022,15:17:57;813,1234,0,101
Data,6/22/2022,15:17:58;313,1234,0,101
Data,6/22/2022,15:17:58;813,1234,0,101
Data,6/22/2022,15:17:59;313,1234,0,101
Data,6/22/2022,15:17:59;813,1234,0,101
Data,6/22/2022,15:18:00;313,1235,0,125
Data,6/22/2022,15:18:00;813,1235,0,185
Data,6/22/2022,15:18:01;313,1235,0,245
Data,6/22/2022,15:18:01;813,1235,0,305
Data,6/22/2022,15:18:02;313,1235,0,365
Data,6/22/2022,15:18:02;813,1235,0,401
Data,6/22/2022,15:18:03;313,1235,0,392
Data,6/22/2022,15:18:03;813,1235,0,372
Data,6/22/2022,15:18:04;313,1235,0,352
Data,6/22/2022,15:18:04;813,1235,0,332
Data,6/22/2022,15:18:05;313,1235,0,312
Data,6/22/2022,15:18:05;813,1235,0,292
Data,6/22/2022,15:18:06;313,1235,0,272
Data,6/22/2022,15:18:06;813,1235,0,252
Data,6/22/2022,15:18:07;313,1235,0,232
Data,6/22/2022,15:18:07;813,1235,0,212
Data,6/22/2022,15:18:08;313,1235,0,192
Data,6/22/2022,15:18:08;813,1235,0,172
Data,6/22/2022,15:18:09;313,1235,0,152
Data,6/22/2022,15:18:09;813,1235,0,132
Data,6/22/2022,15:18:10;313,1235,0,112
Data,6/22/2022,15:18:10;813,1235,0,101
Data,6/22/2022,15:18:11;313,1235,0,101
Data,6/22/2022,15:18:11;813,1235,0,101
Data,6/22/2022,15:18:12;313,1235,0,101
Data,6/22/2022,15:18:12;813,1235,0,101
Data,6/22/2022,15:18:13;313,1235,0,101
Data,6/22/2022,15:18:13;813,1235,0,101
Data,6/22/2022,15:18:14;313,1235,0,101
Data,6/22/2022,15:18:14;813,1235,0,101
Data,6/22/2022,15:18:15;313,1235,0,101
Data,6/22/2022,15:18:15;813,1236,0,158
Data,6/22/2022,15:18:16;313,1236,0,218
Data,6/22/2022,15:18:16;813,1236,0,278
Data,6/22/2022,15:18:17;313,1236,0,338
Data,6/22/2022,15:18:17;813,1236,0,398
Data,6/22/2022,15:18:18;313,1236,0,401
Data,6/22/2022,15:18:18;813,1236,0,381
Data,6/22/2022,15:18:19;313,1236,0,361
Data,6/22/2022,15:18:19;813,1236,0,341
Data,6/22/2022,15:18:20;313,1236,0,321
Data,6/22/2022,15:18:20;813,1236,0,301
Data,6/22/2022,15:18:21;313,1236,0,281
Data,6/22/2022,15:18:21;813,1236,0,261
Data,6/22/2022,15:18:22;313,1236,0,241
Data,6/22/2022,15:18:22;813,1236,0,221
Data,6/22/2022,15:18:23;313,1236,0,201
Data,6/22/2022,15:18:23;813,1236,0,181
Data,6/22/2022,15:18:24;313,1236,0,161
Data,6/22/2022,15:18:24;813,1236,0,141
Data,6/22/2022,15:18:25;313,1236,0,121
Data,6/22/2022,15:18:25;813,1236,0,101
Data,6/22/2022,15:18:26;313,1236,0,101
Data,6/22/2022,15:18:26;813,1236,0,101
Data,6/22/2022,15:18:27;313,1236,0,101
Data,6/22/2022,15:18:27;813,1236,0,101
Data,6/22/2022,15:18:28;313,1236,0,101
Data,6/22/2022,15:18:28;813,1236,0,101
Data,6/22/2022,15:18:29;313,1236,0,101
Data,6/22/2022,15:18:29;813,1236,0,101
Data,6/22/2022,15:18:30;313,1236,0,101
Data,6/22/2022,15:18:30;813,1237,0,131
Data,6/22/2022,15:18:31;313,1237,0,191
Data,6/22/2022,15:18:31;813,1237,0,251
Data,6/22/2022,15:18:32;313,1237,0,311
Data,6/22/2022,15:18:32;813,1237,0,371
Data,6/22/2022,15:18:33;313,1237,0,401
Data,6/22/2022,15:18:33;813,1237,0,390
Data,6/22/2022,15:18:34;313,1237,0,371
Data,6/22/2022,15:18:34;813,1237,0,351
Data,6/22/2022,15:18:35;313,1237,0,331
Data,6/22/2022,15:18:35;813,1237,0,311
Data,6/22/2022,15:18:36;313,1237,0,291
Data,6/22/2022,15:18:36;813,1237,0,271
Data,6/22/2022,15:18:37;313,1237,0,251
Data,6/22/2022,15:18:37;813,1237,0,231
Data,6/22/2022,15:18:38;313,1237,0,211
Data,6/22/2022,15:18:38;813,1237,0,191
Data,6/22/2022,15:18:39;313,1237,0,171
Data,6/22/2022,15:18:39;813,1237,0,151
Data,6/22/2022,15:18:40;313,1237,0,131
Data,6/22/2022,15:18:40;813,1237,0,111
Data,6/22/2022,15:18:41;313,1237,0,101
Data,6/22/2022,15:18:41;813,1237,0,101
Data,6/22/2022,15:18:42;313,1237,0,101
Data,6/22/2022,15:18:42;813,1237,0,101
Data,6/22/2022,15:18:43;313,1237,0,101
Data,6/22/2022,15:18:43;813,1237,0,101
Data,6/22/2022,15:18:44;313,1237,0,101
Data,6/22/2022,15:18:44;813,1237,0,101
Data,6/22/2022,15:18:45;313,1237,0,101
Data,6/22/2022,15:18:45;813,1238,0,101
Data,6/22/2022,15:18:46;313,1238,0,161
Data,6/22/2022,15:18:46;813,1238,0,221
Data,6/22/2022,15:18:47;313,1238,0,281
Data,6/22/2022,15:18:47;813,1238,0,341
Data,6/22/2022,15:18:48;313,1238,0,401
Data,6/22/2022,15:18:48;813,1238,0,400
Data,6/22/2022,15:18:49;313,1238,0,380
Data,6/22/2022,15:18:49;813,1238,0,360
Data,6/22/2022,15:18:50;313,1238,0,340
Data,6/22/2022,15:18:50;813,1238,0,320
Data,6/22/2022,15:18:51;313,1238,0,300
Data,6/22/2022,15:18:51;813,1238,0,280
Data,6/22/2022,15:18:52;313,1238,0,260
Data,6/22/2022,15:18:52;813,1238,0,240
Data,6/22/2022,15:18:53;313,1238,0,220
Data,6/22/2022,15:18:53;813,1238,0,200
Data,6/22/2022,15:18:54;313,1238,0,180
Data,6/22/2022,15:18:54;813,1238,0,160
Data,6/22/2022,15:18:55;313,1238,0,140
Data,6/22/2022,15:18:55;813,1238,0,120
Data,6/22/2022,15:18:56;313,1238,0,101
Data,6/22/2022,15:18:56;813,1238,0,101
Data,6/22/2022,15:18:57;313,1238,0,101
Data,6/22/2022,15:18:57;813,1238,0,101
Data,6/22/2022,15:18:58;313,1238,0,101
Data,6/22/2022,15:18:58;813,1238,0,101
Data,6/22/2022,15:18:59;313,1238,0,101
Data,6/22/2022,15:18:59;813,1238,0,101
Data,6/22/2022,15:19:00;313,1238,0,101
Data,6/22/2022,15:19:00;813,1238,0,101
Data,6/22/2022,15:19:01;313,1239,0,134
Data,6/22/2022,15:19:01;813,1239,0,194
Data,6/22/2022,15:19:02;313,1239,0,254
Data,6/22/2022,15:19:02;813,1239,0,314
Data,6/22/2022,15:19:03;313,1239,0,374
Data,6/22/2022,15:19:03;813,1239,0,401
Data,6/22/2022,15:19:04;313,1239,0,389
Data,6/22/2022,15:19:04;813,1239,0,369
Data,6/22/2022,15:19:05;313,1239,0,349
Data,6/22/2022,15:19:05;813,1239,0,329
Data,6/22/2022,15:19:06;313,1239,0,309
Data,6/22/2022,15:19:06;813,1239,0,289
Data,6/22/2022,15:19:07;313,1239,0,269
Data,6/22/2022,15:19:07;813,1239,0,249
Data,6/22/2022,15:19:08;313,1239,0,229
Data,6/22/2022,15:19:08;813,1239,0,209
Data,6/22/2022,15:19:09;313,1239,0,189
Data,6/22/2022,15:19:09;813,1239,0,169
Data,6/22/2022,15:19:10;313,1239,0,149
Data,6/22/2022,15:19:10;813,1239,0,129
Data,6/22/2022,15:19:11;313,1239,0,109
Data,6/22/2022,15:19:11;813,1239,0,101
Data,6/22/2022,15:19:12;313,1239,0,101
Data,6/22/2022,15:19:12;813,1239,0,101
Data,6/22/2022,15:19:13;313,1239,0,101
Data,6/22/2022,15:19:13;813,1239,0,101
Data,6/22/2022,15:19:14;313,1239,0,101
Data,6/22/2022,15:19:14;813,1239,0,101
Data,6/22/2022,15:19:15;313,1239,0,101
Data,6/22/2022,15:19:15;813,1239,0,101
Data,6/22/2022,15:19:16;313,1240,0,107
Data,6/22/2022,15:19:16;813,1240,0,167
Data,6/22/2022,15:19:17;313,1240,0,227
Data,6/22/2022,15:19:17;813,1240,0,287
Data,6/22/2022,15:19:18;313,1240,0,347
Data,6/22/2022,15:19:18;813,1240,0,401
Data,6/22/2022,15:19:19;313,1240,0,398
Data,6/22/2022,15:19:19;813,1240,0,378
Data,6/22/2022,15:19:20;313,1240,0,358
Data,6/22/2022,15:19:20;813,1240,0,338
Data,6/22/2022,15:19:21;313,1240,0,318
Data,6/22/2022,15:19:21;813,1240,0,298
Data,6/22/2022,15:19:22;313,1240,0,278
Data,6/22/2022,15:19:22;813,1240,0,258
Data,6/22/2022,15:19:23;313,1240,0,238
Data,6/22/2022,15:19:23;813,1240,0,218
Data,6/22/2022,15:19:24;313,1240,0,198
Data,6/22/2022,15:19:24;813,1240,0,178
Data,6/22/2022,15:19:25;313,1240,0,158
Data,6/22/2022,15:19:25;813,1240,0,138
Data,6/22/2022,15:19:26;313,1240,0,118
Data,6/22/2022,15:19:26;813,1240,0,101
Data,6/22/2022,15:19:27;313,1240,0,101
Data,6/22/2022,15:19:27;813,1240,0,101
Data,6/22/2022,15:19:28;313,1240,0,101
Data,6/22/2022,15:19:28;813,1240,0,101
Data,6/22/2022,15:19:29;313,1240,0,101
Data,6/22/2022,15:19:29;813,1240,0,101
Data,6/22/2022,15:19:30;313,1240,0,101
Data,6/22/2022,15:19:30;813,1240,0,101
Data,6/22/2022,15:19:31;313,1240,0,101
Data,6/22/2022,15:19:31;813,1241,0,140
Data,6/22/2022,15:19:32;313,1241,0,200
Data,6/22/2022,15:19:32;813,1241,0,260
Data,6/22/2022,15:19:33;313,1241,0,320
Data,6/22/2022,15:19:33;813,1241,0,380
Data,6/22/2022,15:19:34;313,1241,0,401
Data,6/22/2022,15:19:34;813,1241,0,387
Data,6/22/2022,15:19:35;313,1241,0,367
Data,6/22/2022,15:19:35;813,1241,0,347
Data,6/22/2022,15:19:36;313,1241,0,327
Data,6/22/2022,15:19:36;813,1241,0,307
Data,6/22/2022,15:19:37;313,1241,0,287
Data,6/22/2022,15:19:37;813,1241,0,267
Data,6/22/2022,15:19:38;313,1241,0,247
Data,6/22/2022,15:19:38;813,1241,0,227
Data,6/22/2022,15:19:39;313,1241,0,207
Data,6/22/2022,15:19:39;813,1241,0,187
Data,6/22/2022,15:19:40;313,1241,0,167
Data,6/22/2022,15:19:40;813,1241,0,147
Data,6/22/2022,15:19:41;313,1241,0,127
Data,6/22/2022,15:19:41;813,1241,0,107
Data,6/22/2022,15:19:42;313,1241,0,101
Data,6/22/2022,15:19:42;813,1241,0,101
Data,6/22/2022,15:19:43;313,1241,0,101
Data,6/22/2022,15:19:43;813,1241,0,101
Data,6/22/2022,15:19:44;313,1241,0,101
Data,6/22/2022,15:19:44;813,1241,0,101
Data,6/22/2022,15:19:45;313,1241,0,101
Data,6/22/2022,15:19:45;813,1241,0,101
Data,6/22/2022,15:19:46;313,1241,0,101
Data,6/22/2022,15:19:46;813,1242,0,113
Data,6/22/2022,15:19:47;313,1242,0,173
Data,6/22/2022,15:19:47;813,1242,0,233
Data,6/22/2022,15:19:48;313,1242,0,293
Data,6/22/2022,15:19:48;813,1242,0,353
Data,6/22/2022,15:19:49;313,1242,0,401
Data,6/22/2022,15:19:49;813,1242,0,396
Data,6/22/2022,15:19:50;313,1242,0,376
Data,6/22/2022,15:19:50;813,1242,0,356
Data,6/22/2022,15:19:51;313,1242,0,336
Data,6/22/2022,15:19:51;813,1242,0,316
Data,6/22/2022,15:19:52;313,1242,0,296
Data,6/22/2022,15:19:52;813,1242,0,276
Data,6/22/2022,15:19:53;313,1242,0,256
Data,6/22/2022,15:19:53;813,1242,0,236
Data,6/22/2022,15:19:54;313,1242,0,216
Data,6/22/2022,15:19:54;813,1242,0,196
Data,6/22/2022,15:19:55;313,1242,0,176
Data,6/22/2022,15:19:55;813,1242,0,156
Data,6/22/2022,15:19:56;313,1242,0,136
Data,6/22/2022,15:19:56;813,1242,0,116
Data,6/22/2022,15:19:57;313,1242,0,101
Data,6/22/2022,15:19:57;813,1242,0,101
Data,6/22/2022,15:19:58;313,1242,0,101
Data,6/22/2022,15:19:58;813,1242,0,101
Data,6/22/2022,15:19:59;313,1242,0,101
Data,6/22/2022,15:19:59;813,1242,0,101
Data,6/22/2022,15:20:00;313,1242,0,101
Data,6/22/2022,15:20:00;813,1242,0,101
Data,6/22/2022,15:20:01;313,1242,0,101
Data,6/22/2022,15:20:01;813,1242,0,101
Data,6/22/2022,15:20:02;313,1243,0,146
Data,6/22/2022,15:20:02;813,1243,0,206
Data,6/22/2022,15:20:03;313,1243,0,266
Data,6/22/2022,15:20:03;813,1243,0,326
Data,6/22/2022,15:20:04;313,1243,0,386
Data,6/22/2022,15:20:04;813,1243,0,401
Data,6/22/2022,15:20:05;313,1243,0,385
Data,6/22/2022,15:20:05;813,1243,0,365
Data,6/22/2022,15:20:06;313,1243,0,345
Data,6/22/2022,15:20:06;813,1243,0,325
Data,6/22/2022,15:20:07;313,1243,0,305
Data,6/22/2022,15:20:07;813,1243,0,285
Data,6/22/2022,15:20:08;313,1243,0,265
Data,6/22/2022,15:20:08;813,1243,0,245
Data,6/22/2022,15:20:09;313,1243,0,225
Data,6/22/2022,15:20:09;813,1243,0,205
Data,6/22/2022,15:20:10;313,1243,0,185
Data,6/22/2022,15:20:10;813,1243,0,165
Data,6/22/2022,15:20:11;313,1243,0,145
Data,6/22/2022,15:20:11;813,1243,0,125
Data,6/22/2022,15:20:12;313,1243,0,105
Data,6/22/2022,15:20:12;813,1243,0,101
Data,6/22/2022,15:20:13;313,1243,0,101
Data,6/22/2022,15:20:13;813,1243,0,101
Data,6/22/2022,15:20:14;313,1243,0,101
Data,6/22/2022,15:20:14;813,1243,0,101
Data,6/22/2022,15:20:15;313,1243,0,101
Data,6/22/2022,15:20:15;813,1243,0,101
Data,6/22/2022,15:20:16;313,1243,0,101
Data,6/22/2022,15:20:16;813,1243,0,101
Data,6/22/2022,15:20:17;313,1244,0,119
Data,6/22/2022,15:20:17;813,1244,0,179
Data,6/22/2022,15:20:18;313,1244,0,239
Data,6/22/2022,15:20:18;813,1244,0,299
Data,6/22/2022,15:20:19;313,1244,0,359
Data,6/22/2022,15:20:19;813,1244,0,401
Data,6/22/2022,15:20:20;313,1244,0,394
Data,6/22/2022,15:20:20;813,1244,0,374
Data,6/22/2022,15:20:21;313,1244,0,354
Data,6/22/2022,15:20:21;813,1244,0,334
Data,6/22/2022,15:20:22;313,1244,0,314
Data,6/22/2022,15:20:22;813,1244,0,294
Data,6/22/2022,15:20:23;313,1244,0,274
Data,6/22/2022,15:20:23;813,1244,0,254
Data,6/22/2022,15:20:24;313,1244,0,234
Data,6/22/2022,15:20:24;813,1244,0,214
Data,6/22/2022,15:20:25;313,1244,0,194
Data,6/22/2022,15:20:25;813,1244,0,175
Data,6/22/2022,15:20:26;313,1244,0,155
Data,6/22/2022,15:20:26;813,1244,0,135
Data,6/22/2022,15:20:27;313,1244,0,115
Data,6/22/2022,15:20:27;813,1244,0,101
Data,6/22/2022,15:20:28;313,1244,0,101
Data,6/22/2022,15:20:28;813,1244,0,101
Data,6/22/2022,15:20:29;313,1244,0,101
Data,6/22/2022,15:20:29;813,1244,0,101
Data,6/22/2022,15:20:30;313,1244,0,101
Data,6/22/2022,15:20:30;813,1244,0,101
Data,6/22/2022,15:20:31;313,1244,0,101
Data,6/22/2022,15:20:31;813,1244,0,101
Data,6/22/2022,15:20:32;313,1244,0,101
Data,6/22/2022,15:20:32;813,1245,0,149
Data,6/22/2022,15:20:33;313,1245,0,209
Data,6/22/2022,15:20:33;813,1245,0,269
Data,6/22/2022,15:20:34;313,1245,0,329
Data,6/22/2022,15:20:34;813,1245,0,389
Data,6/22/2022,15:20:35;313,1245,0,401
Data,6/22/2022,15:20:35;813,1245,0,384
Data,6/22/2022,15:20:36;313,1245,0,364
Data,6/22/2022,15:20:36;813,1245,0,344
Data,6/22/2022,15:20:37;313,1245,0,324
Data,6/22/2022,15:20:37;813,1245,0,304
Data,6/22/2022,15:20:38;313,1245,0,284
Data,6/22/2022,15:20:38;813,1245,0,264
Data,6/22/2022,15:20:39;313,1245,0,244
Data,6/22/2022,15:20:39;813,1245,0,224
Data,6/22/2022,15:20:40;313,1245,0,204
Data,6/22/2022,15:20:40;813,1245,0,184
Data,6/22/2022,15:20:41;313,1245,0,164
Data,6/22/2022,15:20:41;813,1245,0,144
Data,6/22/2022,15:20:42;313,1245,0,124
Data,6/22/2022,15:20:42;813,1245,0,104
Data,6/22/2022,15:20:43;313,1245,0,101
Data,6/22/2022,15:20:43;813,1245,0,101
Data,6/22/2022,15:20:44;313,1245,0,101
Data,6/22/2022,15:20:44;813,1245,0,101
Data,6/22/2022,15:20:45;313,1245,0,101
Data,6/22/2022,15:20:45;813,1245,0,101
Data,6/22/2022,15:20:46;313,1245,0,101
Data,6/22/2022,15:20:46;813,1245,0,101
Data,6/22/2022,15:20:47;313,1245,0,101
Data,6/22/2022,15:20:47;813,1246,0,119
Data,6/22/2022,15:20:48;313,1246,0,179
Data,6/22/2022,15:20:48;813,1246,0,239
Data,6/22/2022,15:20:49;313,1246,0,299
Data,6/22/2022,15:20:49;813,1246,0,359
Data,6/22/2022,15:20:50;313,1246,0,401
Data,6/22/2022,15:20:50;813,1246,0,394
Data,6/22/2022,15:20:51;313,1246,0,374
Data,6/22/2022,15:20:51;813,1246,0,354
Data,6/22/2022,15:20:52;313,1246,0,334
Data,6/22/2022,15:20:52;813,1246,0,314
Data,6/22/2022,15:20:53;313,1246,0,294
Data,6/22/2022,15:20:53;813,1246,0,274
Data,6/22/2022,15:20:54;313,1246,0,254
Data,6/22/2022,15:20:54;813,1246,0,234
Data,6/22/2022,15:20:55;313,1246,0,214
Data,6/22/2022,15:20:55;813,1246,0,194
Data,6/22/2022,15:20:56;313,1246,0,174
Data,6/22/2022,15:20:56;813,1246,0,154
Data,6/22/2022,15:20:57;313,1246,0,134
Data,6/22/2022,15:20:57;813,1246,0,114
Data,6/22/2022,15:20:58;313,1246,0,101
Data,6/22/2022,15:20:58;813,1246,0,101
Data,6/22/2022,15:20:59;313,1246,0,101
Data,6/22/2022,15:20:59;813,1246,0,101
Data,6/22/2022,15:21:00;313,1246,0,101
Data,6/22/2022,15:21:00;813,1246,0,101
Data,6/22/2022,15:21:01;313,1246,0,101
Data,6/22/2022,15:21:01;813,1246,0,101
Data,6/22/2022,15:21:02;313,1246,0,101
Data,6/22/2022,15:21:02;813,1246,0,101
Data,6/22/2022,15:21:03;313,1247,0,152
Data,6/22/2022,15:21:03;813,1247,0,212
Data,6/22/2022,15:21:04;313,1247,0,272
Data,6/22/2022,15:21:04;813,1247,0,332
Data,6/22/2022,15:21:05;313,1247,0,392
Data,6/22/2022,15:21:05;813,1247,0,401
Data,6/22/2022,15:21:06;313,1247,0,383
Data,6/22/2022,15:21:06;813,1247,0,363
Data,6/22/2022,15:21:07;313,1247,0,343
Data,6/22/2022,15:21:07;813,1247,1,323
Data,6/22/2022,15:21:08;313,1247,1,303
Data,6/22/2022,15:21:08;813,1247,1,283
Data,6/22/2022,15:21:09;313,1247,1,263
Data,6/22/2022,15:21:09;813,1247,1,243
Data,6/22/2022,15:21:10;313,1247,1,223
Data,6/22/2022,15:21:10;813,1247,1,203
Data,6/22/2022,15:21:11;313,1247,1,183
Data,6/22/2022,15:21:11;813,1247,1,163
Data,6/22/2022,15:21:12;313,1247,1,143
Data,6/22/2022,15:21:12;813,1247,1,123
Data,6/22/2022,15:21:13;313,1247,1,103
Data,6/22/2022,15:21:13;813,1247,1,101
Data,6/22/2022,15:21:14;313,1247,1,101
Data,6/22/2022,15:21:14;813,1247,1,101
Data,6/22/2022,15:21:15;313,1247,1,101
Data,6/22/2022,15:21:15;813,1247,1,101
Data,6/22/2022,15:21:16;313,1247,1,101
Data,6/22/2022,15:21:16;813,1247,1,101
Data,6/22/2022,15:21:17;313,1247,1,101
Data,6/22/2022,15:21:17;813,1247,1,101
Data,6/22/2022,15:21:18;313,1248,0,125
Data,6/22/2022,15:21:18;813,1248,0,185
Data,6/22/2022,15:21:19;313,1248,0,245
Data,6/22/2022,15:21:19;813,1248,0,305
Data,6/22/2022,15:21:20;313,1248,0,365
Data,6/22/2022,15:21:20;813,1248,0,401
Data,6/22/2022,15:21:21;313,1248,0,392
